smiles,slot,homo,lumo
OCC3OC(OCC2OC(OC(C#N)c1ccccc1)C(O)C(O)C2O)C(O)C(O)C3O ,1,-8.120121955871582,-0.9768680334091187
OCC3OC(OCC2OC(OC(C#N)c1ccccc1)C(O)C(O)C2O)C(O)C(O)C3O ,2,-8.119321823120117,-0.9767688512802124
OCC3OC(OCC2OC(OC(C#N)c1ccccc1)C(O)C(O)C2O)C(O)C(O)C3O ,3,-8.118806838989258,-0.9767045974731445
OCC3OC(OCC2OC(OC(C#N)c1ccccc1)C(O)C(O)C2O)C(O)C(O)C3O ,4,-8.120234489440918,-0.9768825769424438
Cc1occc1C(=O)Nc2ccccc2,1,-8.331539154052734,-1.0030090808868408
Cc1occc1C(=O)Nc2ccccc2,2,-8.331363677978516,-1.002987027168274
Cc1occc1C(=O)Nc2ccccc2,3,-8.332154273986816,-1.0030850172042847
Cc1occc1C(=O)Nc2ccccc2,4,-8.331558227539062,-1.0030109882354736
CC(C)=CCCC(C)=CC(=O),1,-7.58048677444458,-0.909784197807312
CC(C)=CCCC(C)=CC(=O),2,-7.578615665435791,-0.9095523357391357
CC(C)=CCCC(C)=CC(=O),3,-7.5791730880737305,-0.909622311592102
CC(C)=CCCC(C)=CC(=O),4,-7.5797648429870605,-0.909695029258728
c1ccc2c(c1)ccc3c2ccc4c5ccccc5ccc43,1,-8.300348281860352,-0.9990907907485962
c1ccc2c(c1)ccc3c2ccc4c5ccccc5ccc43,2,-8.30279541015625,-0.9993929862976074
c1ccc2c(c1)ccc3c2ccc4c5ccccc5ccc43,3,-8.302440643310547,-0.999348521232605
c1ccc2c(c1)ccc3c2ccc4c5ccccc5ccc43,4,-8.300853729248047,-0.9991531372070312
CC12CCC3C(CCc4cc(O)ccc34)C2CCC1O,1,-7.774677753448486,-0.9339008331298828
CC12CCC3C(CCc4cc(O)ccc34)C2CCC1O,2,-7.775915622711182,-0.9340539574623108
CC12CCC3C(CCc4cc(O)ccc34)C2CCC1O,3,-7.775305271148682,-0.9339785575866699
CC12CCC3C(CCc4cc(O)ccc34)C2CCC1O,4,-7.775355339050293,-0.933986246585846
COc5cc4OCC3Oc2c1CC(Oc1ccc2C(=O)C3c4cc5OC)C(C)=C ,1,-8.221328735351562,-0.9893921613693237
COc5cc4OCC3Oc2c1CC(Oc1ccc2C(=O)C3c4cc5OC)C(C)=C ,2,-8.222977638244629,-0.9895970821380615
COc5cc4OCC3Oc2c1CC(Oc1ccc2C(=O)C3c4cc5OC)C(C)=C ,3,-8.222299575805664,-0.9895131587982178
COc5cc4OCC3Oc2c1CC(Oc1ccc2C(=O)C3c4cc5OC)C(C)=C ,4,-8.222373962402344,-0.989521861076355
O=C1CCCN1,1,-7.976704120635986,-0.9589228630065918
O=C1CCCN1,2,-7.977343559265137,-0.9590010643005371
O=C1CCCN1,3,-7.977337837219238,-0.959000825881958
O=C1CCCN1,4,-7.976794719696045,-0.9589346051216125
CCCC=C,1,-7.293877124786377,-0.874158501625061
CCCC=C,2,-7.293498992919922,-0.8741117119789124
CCCC=C,3,-7.293813228607178,-0.8741511106491089
CCCC=C,4,-7.294097900390625,-0.8741867542266846
CCC1(C(=O)NCNC1=O)c2ccccc2,1,-8.162267684936523,-0.9819967746734619
CCC1(C(=O)NCNC1=O)c2ccccc2,2,-8.160622596740723,-0.9817955493927002
CCC1(C(=O)NCNC1=O)c2ccccc2,3,-8.160601615905762,-0.9817930459976196
CCC1(C(=O)NCNC1=O)c2ccccc2,4,-8.161394119262695,-0.9818904399871826
CCCCCCCCCCCCCC,1,-7.2491655349731445,-0.868622362613678
CCCCCCCCCCCCCC,2,-7.247657775878906,-0.8684360980987549
CCCCCCCCCCCCCC,3,-7.248758316040039,-0.8685731291770935
CCCCCCCCCCCCCC,4,-7.248447895050049,-0.8685360550880432
CCC(C)CO,1,-7.2497944831848145,-0.8687637448310852
CCC(C)CO,2,-7.251983165740967,-0.8690366148948669
CCC(C)CO,3,-7.2519917488098145,-0.8690366744995117
CCC(C)CO,4,-7.251646995544434,-0.868992805480957
N#Cc1ccccc1,1,-8.47315788269043,-1.0205223560333252
N#Cc1ccccc1,2,-8.473843574523926,-1.0206072330474854
N#Cc1ccccc1,3,-8.474411010742188,-1.0206772089004517
N#Cc1ccccc1,4,-8.474119186401367,-1.0206412076950073
CCCCCCCCCC(C)O,1,-7.310687065124512,-0.876289427280426
CCCCCCCCCC(C)O,2,-7.309580326080322,-0.8761521577835083
CCCCCCCCCC(C)O,3,-7.310421943664551,-0.8762572407722473
CCCCCCCCCC(C)O,4,-7.309640884399414,-0.876159131526947
O=c2[nH]c1CCCc1c(=O)n2C3CCCCC3,1,-8.047860145568848,-0.9677413702011108
O=c2[nH]c1CCCc1c(=O)n2C3CCCCC3,2,-8.047593116760254,-0.9677078127861023
O=c2[nH]c1CCCc1c(=O)n2C3CCCCC3,3,-8.049256324768066,-0.9679145812988281
O=c2[nH]c1CCCc1c(=O)n2C3CCCCC3,4,-8.04946517944336,-0.9679416418075562
CCOc1ccc(NC(=O)C)cc1,1,-8.033321380615234,-0.965986967086792
CCOc1ccc(NC(=O)C)cc1,2,-8.033158302307129,-0.9659663438796997
CCOc1ccc(NC(=O)C)cc1,3,-8.033941268920898,-0.966063380241394
CCOc1ccc(NC(=O)C)cc1,4,-8.033612251281738,-0.9660228490829468
CCN(CC)c1c(cc(c(N)c1N(=O)=O)C(F)(F)F)N(=O)=O,1,-8.258610725402832,-0.9937466382980347
CCN(CC)c1c(cc(c(N)c1N(=O)=O)C(F)(F)F)N(=O)=O,2,-8.25848388671875,-0.993730902671814
CCN(CC)c1c(cc(c(N)c1N(=O)=O)C(F)(F)F)N(=O)=O,3,-8.256816864013672,-0.9935247898101807
CCN(CC)c1c(cc(c(N)c1N(=O)=O)C(F)(F)F)N(=O)=O,4,-8.2577486038208,-0.9936400651931763
CCCCCCCO,1,-7.296080112457275,-0.8744877576828003
CCCCCCCO,2,-7.296709060668945,-0.8745672702789307
CCCCCCCO,3,-7.299057483673096,-0.8748576045036316
CCCCCCCO,4,-7.298813343048096,-0.8748264908790588
Cn1c(=O)n(C)c2nc[nH]c2c1=O,1,-8.681221008300781,-1.04634428024292
Cn1c(=O)n(C)c2nc[nH]c2c1=O,2,-8.681747436523438,-1.0464093685150146
Cn1c(=O)n(C)c2nc[nH]c2c1=O,3,-8.68072509765625,-1.0462833642959595
Cn1c(=O)n(C)c2nc[nH]c2c1=O,4,-8.680571556091309,-1.0462636947631836
CCCCC1(CC)C(=O)NC(=O)NC1=O,1,-8.000703811645508,-0.9619144797325134
CCCCC1(CC)C(=O)NC(=O)NC1=O,2,-7.998941898345947,-0.9616953730583191
CCCCC1(CC)C(=O)NC(=O)NC1=O,3,-7.999295234680176,-0.961739182472229
CCCCC1(CC)C(=O)NC(=O)NC1=O,4,-7.998946666717529,-0.9616965055465698
CCCCCCCC(=O)OC,1,-7.5273051261901855,-0.9032195210456848
CCCCCCCC(=O)OC,2,-7.526423931121826,-0.9031102657318115
CCCCCCCC(=O)OC,3,-7.527684688568115,-0.9032672047615051
CCCCCCCC(=O)OC,4,-7.527856349945068,-0.9032887816429138
CCc1ccc(CC)cc1,1,-7.57624626159668,-0.9092122316360474
CCc1ccc(CC)cc1,2,-7.5763468742370605,-0.9092246294021606
CCc1ccc(CC)cc1,3,-7.576248645782471,-0.9092129468917847
CCc1ccc(CC)cc1,4,-7.576433181762695,-0.909235954284668
COC(=O)Nc1cccc(OC(=O)Nc2cccc(C)c2)c1,1,-8.323534965515137,-1.0020254850387573
COC(=O)Nc1cccc(OC(=O)Nc2cccc(C)c2)c1,2,-8.32388973236084,-1.0020695924758911
COC(=O)Nc1cccc(OC(=O)Nc2cccc(C)c2)c1,3,-8.323592185974121,-1.0020325183868408
COC(=O)Nc1cccc(OC(=O)Nc2cccc(C)c2)c1,4,-8.323599815368652,-1.0020337104797363
Cc1cccc2c1Cc3ccccc32,1,-8.023262977600098,-0.9647005200386047
Cc1cccc2c1Cc3ccccc32,2,-8.022834777832031,-0.9646474719047546
Cc1cccc2c1Cc3ccccc32,3,-8.024803161621094,-0.9648907780647278
Cc1cccc2c1Cc3ccccc32,4,-8.023053169250488,-0.9646749496459961
CCCCC=O,1,-7.515021324157715,-0.9016744494438171
CCCCC=O,2,-7.512803554534912,-0.9014002680778503
CCCCC=O,3,-7.514665126800537,-0.901629626750946
CCCCC=O,4,-7.514707088470459,-0.9016355872154236
N(c1ccccc1)c2ccccc2,1,-8.206098556518555,-0.9873653650283813
N(c1ccccc1)c2ccccc2,2,-8.205116271972656,-0.9872443675994873
N(c1ccccc1)c2ccccc2,3,-8.20621395111084,-0.987379789352417
N(c1ccccc1)c2ccccc2,4,-8.206045150756836,-0.9873594045639038
OCCCC=C,1,-7.4771881103515625,-0.8969689607620239
OCCCC=C,2,-7.476421356201172,-0.8968748450279236
OCCCC=C,3,-7.478733539581299,-0.8971610069274902
OCCCC=C,4,-7.476970672607422,-0.8969439268112183
O=C2NC(=O)C1(CCC1)C(=O)N2,1,-8.458569526672363,-1.018773078918457
O=C2NC(=O)C1(CCC1)C(=O)N2,2,-8.457727432250977,-1.0186687707901
O=C2NC(=O)C1(CCC1)C(=O)N2,3,-8.457453727722168,-1.0186353921890259
O=C2NC(=O)C1(CCC1)C(=O)N2,4,-8.457548141479492,-1.0186470746994019
CC(C)C1CCC(C)CC1O ,1,-7.376478672027588,-0.884464681148529
CC(C)C1CCC(C)CC1O ,2,-7.376448154449463,-0.8844608664512634
CC(C)C1CCC(C)CC1O ,3,-7.376328945159912,-0.8844460248947144
CC(C)C1CCC(C)CC1O ,4,-7.377030372619629,-0.884533703327179
CC(C)OC=O,1,-7.708380222320557,-0.9256804585456848
CC(C)OC=O,2,-7.70879602432251,-0.9257326126098633
CC(C)OC=O,3,-7.7090301513671875,-0.9257612228393555
CC(C)OC=O,4,-7.708401203155518,-0.9256840944290161
CCCCCC(C)O,1,-7.289905071258545,-0.8737242221832275
CCCCCC(C)O,2,-7.289754867553711,-0.8737069964408875
CCCCCC(C)O,3,-7.289798259735107,-0.8737123012542725
CCCCCC(C)O,4,-7.290079116821289,-0.8737478852272034
COC(=O)C1=C(C)NC(=C(C1c2ccccc2N(=O)=O)C(=O)OC)C ,1,-8.217259407043457,-0.9888535737991333
COC(=O)C1=C(C)NC(=C(C1c2ccccc2N(=O)=O)C(=O)OC)C ,2,-8.217143058776855,-0.9888380765914917
COC(=O)C1=C(C)NC(=C(C1c2ccccc2N(=O)=O)C(=O)OC)C ,3,-8.21684455871582,-0.9888013601303101
COC(=O)C1=C(C)NC(=C(C1c2ccccc2N(=O)=O)C(=O)OC)C ,4,-8.216136932373047,-0.9887133836746216
c2c(C)cc1nc(C)ccc1c2 ,1,-8.049166679382324,-0.9678981304168701
c2c(C)cc1nc(C)ccc1c2 ,2,-8.050822257995605,-0.9681024551391602
c2c(C)cc1nc(C)ccc1c2 ,3,-8.05008316040039,-0.9680111408233643
c2c(C)cc1nc(C)ccc1c2 ,4,-8.049723625183105,-0.9679670929908752
CCCCCCC#C,1,-7.419031143188477,-0.8896823525428772
CCCCCCC#C,2,-7.419010639190674,-0.8896799087524414
CCCCCCC#C,3,-7.419276714324951,-0.8897114396095276
CCCCCCC#C,4,-7.4193434715271,-0.8897212743759155
CCC1(C(=O)NC(=O)NC1=O)C2=CCCCC2 ,1,-8.111323356628418,-0.9756597280502319
CCC1(C(=O)NC(=O)NC1=O)C2=CCCCC2 ,2,-8.111414909362793,-0.975671648979187
CCC1(C(=O)NC(=O)NC1=O)C2=CCCCC2 ,3,-8.111736297607422,-0.9757111072540283
CCC1(C(=O)NC(=O)NC1=O)C2=CCCCC2 ,4,-8.111550331115723,-0.9756875038146973
c1ccc2c(c1)ccc3c4ccccc4ccc23,1,-8.268600463867188,-0.9951475858688354
c1ccc2c(c1)ccc3c4ccccc4ccc23,2,-8.268684387207031,-0.9951580762863159
c1ccc2c(c1)ccc3c4ccccc4ccc23,3,-8.269248008728027,-0.9952273368835449
c1ccc2c(c1)ccc3c4ccccc4ccc23,4,-8.268816947937012,-0.9951745271682739
Cc1ccccc1O,1,-7.920262813568115,-0.951981782913208
Cc1ccccc1O,2,-7.919248580932617,-0.9518551230430603
Cc1ccccc1O,3,-7.9189653396606445,-0.9518214464187622
Cc1ccccc1O,4,-7.9191975593566895,-0.9518498778343201
CC(C)CCC(C)(C)C,1,-7.139492988586426,-0.8550323247909546
CC(C)CCC(C)(C)C,2,-7.139873504638672,-0.8550787568092346
CC(C)CCC(C)(C)C,3,-7.139911651611328,-0.8550843596458435
CC(C)CCC(C)(C)C,4,-7.1405253410339355,-0.8551601767539978
Cc1ccc(C)c2ccccc12,1,-7.868849754333496,-0.9455317258834839
Cc1ccc(C)c2ccccc12,2,-7.869376182556152,-0.9455975294113159
Cc1ccc(C)c2ccccc12,3,-7.870402812957764,-0.9457235932350159
Cc1ccc(C)c2ccccc12,4,-7.8685221672058105,-0.94549161195755
Cc1cc2c3ccccc3ccc2c4ccccc14,1,-8.159351348876953,-0.9815890789031982
Cc1cc2c3ccccc3ccc2c4ccccc14,2,-8.160643577575684,-0.9817483425140381
Cc1cc2c3ccccc3ccc2c4ccccc14,3,-8.159066200256348,-0.9815541505813599
Cc1cc2c3ccccc3ccc2c4ccccc14,4,-8.161017417907715,-0.9817943572998047
CCCC(=O)C,1,-7.479841709136963,-0.89731764793396
CCCC(=O)C,2,-7.48044490814209,-0.8973907828330994
CCCC(=O)C,3,-7.4801812171936035,-0.8973585963249207
CCCC(=O)C,4,-7.482265472412109,-0.8976171016693115
CCCOC(=O)CC,1,-7.61368465423584,-0.9139418601989746
CCCOC(=O)CC,2,-7.61492919921875,-0.9140964150428772
CCCOC(=O)CC,3,-7.615234375,-0.9141345620155334
CCCOC(=O)CC,4,-7.61491060256958,-0.9140936732292175
CC34CC(O)C1(F)C(CCC2=CC(=O)C=CC12C)C3CC(O)C4(O)C(=O)CO,1,-7.942864894866943,-0.9547981023788452
CC34CC(O)C1(F)C(CCC2=CC(=O)C=CC12C)C3CC(O)C4(O)C(=O)CO,2,-7.943695545196533,-0.954903781414032
CC34CC(O)C1(F)C(CCC2=CC(=O)C=CC12C)C3CC(O)C4(O)C(=O)CO,3,-7.944270133972168,-0.9549732208251953
CC34CC(O)C1(F)C(CCC2=CC(=O)C=CC12C)C3CC(O)C4(O)C(=O)CO,4,-7.943291664123535,-0.9548519253730774
Nc1ccc(O)cc1,1,-8.093903541564941,-0.9735724925994873
Nc1ccc(O)cc1,2,-8.094964981079102,-0.9737037420272827
Nc1ccc(O)cc1,3,-8.094193458557129,-0.9736082553863525
Nc1ccc(O)cc1,4,-8.094803810119629,-0.9736834764480591
O=C(Cn1ccnc1N(=O)=O)NCc2ccccc2,1,-8.535173416137695,-1.0282493829727173
O=C(Cn1ccnc1N(=O)=O)NCc2ccccc2,2,-8.534919738769531,-1.0282180309295654
O=C(Cn1ccnc1N(=O)=O)NCc2ccccc2,3,-8.534603118896484,-1.0281769037246704
O=C(Cn1ccnc1N(=O)=O)NCc2ccccc2,4,-8.539156913757324,-1.0287412405014038
NC(=O)c1cnccn1,1,-8.73947811126709,-1.0536892414093018
NC(=O)c1cnccn1,2,-8.739985466003418,-1.053750991821289
NC(=O)c1cnccn1,3,-8.739622116088867,-1.0537071228027344
NC(=O)c1cnccn1,4,-8.739251136779785,-1.0536606311798096
O=C2CN(N=Cc1ccc(o1)N(=O)=O)C(=O)N2 ,1,-8.879042625427246,-1.0710358619689941
O=C2CN(N=Cc1ccc(o1)N(=O)=O)C(=O)N2 ,2,-8.878844261169434,-1.071009635925293
O=C2CN(N=Cc1ccc(o1)N(=O)=O)C(=O)N2 ,3,-8.878552436828613,-1.0709738731384277
O=C2CN(N=Cc1ccc(o1)N(=O)=O)C(=O)N2 ,4,-8.87777328491211,-1.0708773136138916
CC1(C)C2CCC1(C)C(=O)C2,1,-7.542295932769775,-0.9050712585449219
CC1(C)C2CCC1(C)C(=O)C2,2,-7.542247772216797,-0.9050652384757996
CC1(C)C2CCC1(C)C(=O)C2,3,-7.542667865753174,-0.9051181077957153
CC1(C)C2CCC1(C)C(=O)C2,4,-7.5424370765686035,-0.9050889015197754
O=C1NC(=O)NC(=O)C1(CC=C)c1ccccc1,1,-8.442566871643066,-1.0167855024337769
O=C1NC(=O)NC(=O)C1(CC=C)c1ccccc1,2,-8.442469596862793,-1.016772985458374
O=C1NC(=O)NC(=O)C1(CC=C)c1ccccc1,3,-8.438027381896973,-1.0162224769592285
O=C1NC(=O)NC(=O)C1(CC=C)c1ccccc1,4,-8.441752433776855,-1.0166854858398438
CCCCC(=O)OCC,1,-7.580064296722412,-0.9097696542739868
CCCCC(=O)OCC,2,-7.579518795013428,-0.909703254699707
CCCCC(=O)OCC,3,-7.581896781921387,-0.9099984169006348
CCCCC(=O)OCC,4,-7.581689834594727,-0.9099725484848022
CC(C)CCOC(=O)C,1,-7.5643086433410645,-0.9078173637390137
CC(C)CCOC(=O)C,2,-7.565657615661621,-0.9079849123954773
CC(C)CCOC(=O)C,3,-7.5635809898376465,-0.9077267050743103
CC(C)CCOC(=O)C,4,-7.565000057220459,-0.9079031944274902
O=C1N(COC(=O)CCCCC)C(=O)C(N1)(c2ccccc2)c3ccccc3,1,-8.180489540100098,-0.9842522144317627
O=C1N(COC(=O)CCCCC)C(=O)C(N1)(c2ccccc2)c3ccccc3,2,-8.180999755859375,-0.9843151569366455
O=C1N(COC(=O)CCCCC)C(=O)C(N1)(c2ccccc2)c3ccccc3,3,-8.181215286254883,-0.9843426942825317
O=C1N(COC(=O)CCCCC)C(=O)C(N1)(c2ccccc2)c3ccccc3,4,-8.181941032409668,-0.9844329357147217
Cc1ncnc2nccnc12,1,-8.877836227416992,-1.070680022239685
Cc1ncnc2nccnc12,2,-8.87646198272705,-1.0705101490020752
Cc1ncnc2nccnc12,3,-8.876989364624023,-1.0705746412277222
Cc1ncnc2nccnc12,4,-8.877476692199707,-1.0706349611282349
Cc1ccc(C)cc1,1,-7.674626350402832,-0.921420156955719
Cc1ccc(C)cc1,2,-7.673838138580322,-0.9213223457336426
Cc1ccc(C)cc1,3,-7.673834800720215,-0.9213228225708008
Cc1ccc(C)cc1,4,-7.67333459854126,-0.9212608337402344
CCc1ccccc1CC,1,-7.575352191925049,-0.9091004133224487
CCc1ccccc1CC,2,-7.574660778045654,-0.9090148210525513
CCc1ccccc1CC,3,-7.574335098266602,-0.9089745283126831
CCc1ccccc1CC,4,-7.574643611907959,-0.9090136289596558
CC(C)C(C(=O)OC(C#N)c1cccc(Oc2ccccc2)c1)c3ccc(OC(F)F)cc3,1,-8.302825927734375,-0.9993774890899658
CC(C)C(C(=O)OC(C#N)c1cccc(Oc2ccccc2)c1)c3ccc(OC(F)F)cc3,2,-8.303174018859863,-0.9994200468063354
CC(C)C(C(=O)OC(C#N)c1cccc(Oc2ccccc2)c1)c3ccc(OC(F)F)cc3,3,-8.302555084228516,-0.9993438720703125
CC(C)C(C(=O)OC(C#N)c1cccc(Oc2ccccc2)c1)c3ccc(OC(F)F)cc3,4,-8.302196502685547,-0.9992994070053101
CCCN(=O)=O,1,-7.752462863922119,-0.9310867190361023
CCCN(=O)=O,2,-7.752537727355957,-0.9310944080352783
CCCN(=O)=O,3,-7.752567291259766,-0.931098997592926
CCCN(=O)=O,4,-7.754371643066406,-0.9313238263130188
CC(C)C1CCC(C)CC1=O,1,-7.49097204208374,-0.8986808061599731
CC(C)C1CCC(C)CC1=O,2,-7.490480422973633,-0.8986203074455261
CC(C)C1CCC(C)CC1=O,3,-7.49036169052124,-0.8986043930053711
CC(C)C1CCC(C)CC1=O,4,-7.490320682525635,-0.8985993266105652
c1ccc2c(c1)c3cccc4cccc2c34,1,-8.299159049987793,-0.998950719833374
c1ccc2c(c1)c3cccc4cccc2c34,2,-8.299419403076172,-0.9989825487136841
c1ccc2c(c1)c3cccc4cccc2c34,3,-8.298684120178223,-0.9988919496536255
c1ccc2c(c1)c3cccc4cccc2c34,4,-8.298445701599121,-0.9988625049591064
CCCOC(C)C,1,-7.339296340942383,-0.8798647522926331
CCCOC(C)C,2,-7.3391432762146,-0.8798485994338989
CCCOC(C)C,3,-7.339629173278809,-0.8799074292182922
CCCOC(C)C,4,-7.339244365692139,-0.8798591494560242
Cc1cc(C)c2ccccc2c1,1,-7.8711395263671875,-0.9458164572715759
Cc1cc(C)c2ccccc2c1,2,-7.871518611907959,-0.9458629488945007
Cc1cc(C)c2ccccc2c1,3,-7.87135648727417,-0.9458431601524353
Cc1cc(C)c2ccccc2c1,4,-7.872016429901123,-0.9459239840507507
CCC(=C(CC)c1ccc(O)cc1)c2ccc(O)cc2 ,1,-7.906174182891846,-0.9502270221710205
CCC(=C(CC)c1ccc(O)cc1)c2ccc(O)cc2 ,2,-7.905935287475586,-0.9501973986625671
CCC(=C(CC)c1ccc(O)cc1)c2ccc(O)cc2 ,3,-7.905715465545654,-0.950171172618866
CCC(=C(CC)c1ccc(O)cc1)c2ccc(O)cc2 ,4,-7.906071186065674,-0.9502156376838684
C1OC1c2ccccc2 ,1,-8.112556457519531,-0.9758387804031372
C1OC1c2ccccc2 ,2,-8.112600326538086,-0.975844144821167
C1OC1c2ccccc2 ,3,-8.111505508422852,-0.9757086038589478
C1OC1c2ccccc2 ,4,-8.112336158752441,-0.9758111238479614
CC(C)c1ccccc1,1,-7.635718822479248,-0.9165858030319214
CC(C)c1ccccc1,2,-7.635408401489258,-0.916547417640686
CC(C)c1ccccc1,3,-7.634909629821777,-0.9164866209030151
CC(C)c1ccccc1,4,-7.635552883148193,-0.9165652394294739
CC12CCC3C(CCC4=CC(=O)CCC34C)C2CCC1C(=O)CO,1,-7.746076583862305,-0.9303590655326843
CC12CCC3C(CCC4=CC(=O)CCC34C)C2CCC1C(=O)CO,2,-7.744331359863281,-0.9301421046257019
CC12CCC3C(CCC4=CC(=O)CCC34C)C2CCC1C(=O)CO,3,-7.744811534881592,-0.9302003383636475
CC12CCC3C(CCC4=CC(=O)CCC34C)C2CCC1C(=O)CO,4,-7.745765209197998,-0.9303205609321594
C1OC(O)C(O)C(O)C1O,1,-7.806995868682861,-0.9380174875259399
C1OC(O)C(O)C(O)C1O,2,-7.809219837188721,-0.9382928013801575
C1OC(O)C(O)C(O)C1O,3,-7.80677604675293,-0.9379886388778687
C1OC(O)C(O)C(O)C1O,4,-7.806248664855957,-0.9379245042800903
CCc1cccc2ccccc12,1,-7.899063587188721,-0.9492752552032471
CCc1cccc2ccccc12,2,-7.900894641876221,-0.9495007991790771
CCc1cccc2ccccc12,3,-7.899290561676025,-0.9493029713630676
CCc1cccc2ccccc12,4,-7.899580001831055,-0.9493387937545776
COC=O,1,-7.891743183135986,-0.948383092880249
COC=O,2,-7.891573429107666,-0.9483636021614075
COC=O,3,-7.891031742095947,-0.9482958316802979
COC=O,4,-7.892362594604492,-0.9484603404998779
Oc1ccccc1N(=O)=O,1,-8.47865104675293,-1.021286964416504
Oc1ccccc1N(=O)=O,2,-8.47839641571045,-1.021255373954773
Oc1ccccc1N(=O)=O,3,-8.479177474975586,-1.0213608741760254
Oc1ccccc1N(=O)=O,4,-8.479496955871582,-1.0214009284973145
Cc1c[nH]c(=O)[nH]c1=O ,1,-8.47835922241211,-1.0212324857711792
Cc1c[nH]c(=O)[nH]c1=O ,2,-8.47927474975586,-1.0213454961776733
Cc1c[nH]c(=O)[nH]c1=O ,3,-8.478352546691895,-1.0212314128875732
Cc1c[nH]c(=O)[nH]c1=O ,4,-8.478525161743164,-1.0212531089782715
CC(C)C,1,-7.021585941314697,-0.8404001593589783
CC(C)C,2,-7.021533966064453,-0.8403935432434082
CC(C)C,3,-7.02143669128418,-0.8403812050819397
CC(C)C,4,-7.021472454071045,-0.8403863906860352
OCC1OC(C(O)C1O)n2cnc3c(O)ncnc23,1,-8.559243202209473,-1.0312647819519043
OCC1OC(C(O)C1O)n2cnc3c(O)ncnc23,2,-8.557089805603027,-1.0309984683990479
OCC1OC(C(O)C1O)n2cnc3c(O)ncnc23,3,-8.568855285644531,-1.032456636428833
OCC1OC(C(O)C1O)n2cnc3c(O)ncnc23,4,-8.563346862792969,-1.0317740440368652
CCCCC,1,-7.099434852600098,-0.8500518798828125
CCCCC,2,-7.099632263183594,-0.8500773906707764
CCCCC,3,-7.0994367599487305,-0.8500536680221558
CCCCC,4,-7.099316120147705,-0.8500378727912903
c1ccccc1O,1,-8.120448112487793,-0.9768326282501221
c1ccccc1O,2,-8.120796203613281,-0.9768760204315186
c1ccccc1O,3,-8.121695518493652,-0.9769870042800903
c1ccccc1O,4,-8.121524810791016,-0.9769657850265503
Nc3ccc2cc1ccccc1cc2c3 ,1,-8.230051040649414,-0.990378737449646
Nc3ccc2cc1ccccc1cc2c3 ,2,-8.229772567749023,-0.9903446435928345
Nc3ccc2cc1ccccc1cc2c3 ,3,-8.22928237915039,-0.9902843236923218
Nc3ccc2cc1ccccc1cc2c3 ,4,-8.229211807250977,-0.990275502204895
Cn1cnc2n(C)c(=O)[nH]c(=O)c12 ,1,-8.685566902160645,-1.0468807220458984
Cn1cnc2n(C)c(=O)[nH]c(=O)c12 ,2,-8.685667991638184,-1.0468932390213013
Cn1cnc2n(C)c(=O)[nH]c(=O)c12 ,3,-8.685514450073242,-1.0468741655349731
Cn1cnc2n(C)c(=O)[nH]c(=O)c12 ,4,-8.686604499816895,-1.0470086336135864
c1ccc2cnccc2c1,1,-8.377582550048828,-1.008657455444336
c1ccc2cnccc2c1,2,-8.377389907836914,-1.008634328842163
c1ccc2cnccc2c1,3,-8.379018783569336,-1.0088350772857666
c1ccc2cnccc2c1,4,-8.377029418945312,-1.008589744567871
CCCCCCc1ccccc1,1,-7.562904357910156,-0.9075422883033752
CCCCCCc1ccccc1,2,-7.561567306518555,-0.9073768854141235
CCCCCCc1ccccc1,3,-7.5627760887146,-0.9075255393981934
CCCCCCc1ccccc1,4,-7.562439918518066,-0.907484233379364
CCCC(=C)C,1,-7.252013683319092,-0.8689785003662109
CCCC(=C)C,2,-7.251882553100586,-0.8689619302749634
CCCC(=C)C,3,-7.251797676086426,-0.8689519166946411
CCCC(=C)C,4,-7.251792907714844,-0.868949294090271
CC(C)C(C)C(C)C,1,-7.1270222663879395,-0.8534821271896362
CC(C)C(C)C(C)C,2,-7.127029895782471,-0.8534833192825317
CC(C)C(C)C(C)C,3,-7.126879692077637,-0.8534641265869141
CC(C)C(C)C(C)C,4,-7.126745700836182,-0.8534471392631531
Oc1cccc(c1)N(=O)=O,1,-8.48197078704834,-1.0217041969299316
Oc1cccc(c1)N(=O)=O,2,-8.481033325195312,-1.0215888023376465
Oc1cccc(c1)N(=O)=O,3,-8.481338500976562,-1.021626353263855
Oc1cccc(c1)N(=O)=O,4,-8.481118202209473,-1.0215989351272583
CCCCCCCCC=C,1,-7.317938327789307,-0.8771463632583618
CCCCCCCCC=C,2,-7.318879127502441,-0.8772633075714111
CCCCCCCCC=C,3,-7.318673610687256,-0.8772387504577637
CCCCCCCCC=C,4,-7.317595958709717,-0.8771054744720459
CC(=O)OCC(COC(=O)C)OC(=O)C,1,-8.056656837463379,-0.9689116477966309
CC(=O)OCC(COC(=O)C)OC(=O)C,2,-8.059771537780762,-0.9692987203598022
CC(=O)OCC(COC(=O)C)OC(=O)C,3,-8.058174133300781,-0.9690998792648315
CC(=O)OCC(COC(=O)C)OC(=O)C,4,-8.058502197265625,-0.9691410064697266
CCCCc1c(C)nc(nc1O)N(C)C ,1,-7.832806587219238,-0.9410375356674194
CCCCc1c(C)nc(nc1O)N(C)C ,2,-7.832639694213867,-0.9410167932510376
CCCCc1c(C)nc(nc1O)N(C)C ,3,-7.833014488220215,-0.9410635232925415
CCCCc1c(C)nc(nc1O)N(C)C ,4,-7.833163261413574,-0.9410809874534607
c1ccncc1,1,-8.357831954956055,-1.0061451196670532
c1ccncc1,2,-8.356468200683594,-1.0059764385223389
c1ccncc1,3,-8.356374740600586,-1.0059653520584106
c1ccncc1,4,-8.356998443603516,-1.006042718887329
Cc1ccncc1C,1,-7.889060974121094,-0.9480046629905701
Cc1ccncc1C,2,-7.888113975524902,-0.9478878974914551
Cc1ccncc1C,3,-7.888343811035156,-0.947917103767395
Cc1ccncc1C,4,-7.888435363769531,-0.9479278326034546
CC34CC(O)C1(F)C(CCC2=CC(=O)CCC12C)C3CCC4(O)C(=O)CO ,1,-7.854714870452881,-0.9438397884368896
CC34CC(O)C1(F)C(CCC2=CC(=O)CCC12C)C3CCC4(O)C(=O)CO ,2,-7.855686187744141,-0.9439593553543091
CC34CC(O)C1(F)C(CCC2=CC(=O)CCC12C)C3CCC4(O)C(=O)CO ,3,-7.856581211090088,-0.9440728425979614
CC34CC(O)C1(F)C(CCC2=CC(=O)CCC12C)C3CCC4(O)C(=O)CO ,4,-7.855978012084961,-0.9439966678619385
CCOC(=O)CC(=O)OCC,1,-7.91628885269165,-0.9514926671981812
CCOC(=O)CC(=O)OCC,2,-7.915977954864502,-0.9514538645744324
CCOC(=O)CC(=O)OCC,3,-7.914543628692627,-0.951275646686554
CCOC(=O)CC(=O)OCC,4,-7.915641784667969,-0.9514124989509583
CC1=CCC(CC1)C(C)=C,1,-7.478351593017578,-0.897057831287384
CC1=CCC(CC1)C(C)=C,2,-7.477888584136963,-0.8970015645027161
CC1=CCC(CC1)C(C)=C,3,-7.478386878967285,-0.8970644474029541
CC1=CCC(CC1)C(C)=C,4,-7.479067802429199,-0.8971474170684814
C1Cc2ccccc2C1,1,-7.831450462341309,-0.9408827424049377
C1Cc2ccccc2C1,2,-7.831721782684326,-0.9409156441688538
C1Cc2ccccc2C1,3,-7.832169055938721,-0.9409710168838501
C1Cc2ccccc2C1,4,-7.832224369049072,-0.9409782886505127
CC(C)(C)c1ccc(O)cc1,1,-7.65545654296875,-0.9191039204597473
CC(C)(C)c1ccc(O)cc1,2,-7.656097888946533,-0.9191833734512329
CC(C)(C)c1ccc(O)cc1,3,-7.6562180519104,-0.9191976189613342
CC(C)(C)c1ccc(O)cc1,4,-7.656078815460205,-0.9191805124282837
O=C2NC(=O)C1(CC1)C(=O)N2 ,1,-8.627543449401855,-1.0397590398788452
O=C2NC(=O)C1(CC1)C(=O)N2 ,2,-8.627912521362305,-1.0398049354553223
O=C2NC(=O)C1(CC1)C(=O)N2 ,3,-8.628517150878906,-1.0398800373077393
O=C2NC(=O)C1(CC1)C(=O)N2 ,4,-8.627647399902344,-1.0397722721099854
CC/C=C/C,1,-7.264112949371338,-0.8704721331596375
CC/C=C/C,2,-7.2635040283203125,-0.8703984618186951
CC/C=C/C,3,-7.264003753662109,-0.8704578876495361
CC/C=C/C,4,-7.263986110687256,-0.8704574108123779
Cc1cccc(C)n1,1,-7.917422294616699,-0.9515070915222168
Cc1cccc(C)n1,2,-7.915987491607666,-0.9513296484947205
Cc1cccc(C)n1,3,-7.9156975746154785,-0.9512942433357239
Cc1cccc(C)n1,4,-7.917251110076904,-0.9514858722686768
Nc1cccc2ccccc12,1,-8.14745044708252,-0.9801278114318848
Nc1cccc2ccccc12,2,-8.147562026977539,-0.9801410436630249
Nc1cccc2ccccc12,3,-8.148374557495117,-0.9802417755126953
Nc1cccc2ccccc12,4,-8.14822006225586,-0.980222225189209
Cc1cccc(C)c1,1,-7.673055171966553,-0.9212260842323303
Cc1cccc(C)c1,2,-7.673397064208984,-0.921268105506897
Cc1cccc(C)c1,3,-7.673640251159668,-0.9212981462478638
Cc1cccc(C)c1,4,-7.673951148986816,-0.9213360548019409
Oc2ncc1nccnc1n2,1,-9.238516807556152,-1.1155130863189697
Oc2ncc1nccnc1n2,2,-9.23631477355957,-1.1152417659759521
Oc2ncc1nccnc1n2,3,-9.239492416381836,-1.1156338453292847
Oc2ncc1nccnc1n2,4,-9.236665725708008,-1.1152856349945068
CO,1,-6.97229528427124,-0.8343502879142761
CO,2,-6.971411228179932,-0.8342415690422058
CO,3,-6.97195291519165,-0.8343083262443542
CO,4,-6.970236301422119,-0.8340939879417419
CCC1(CCC(C)C)C(=O)NC(=O)NC1=O,1,-7.93534517288208,-0.9538060426712036
CCC1(CCC(C)C)C(=O)NC(=O)NC1=O,2,-7.93494176864624,-0.9537555575370789
CCC1(CCC(C)C)C(=O)NC(=O)NC1=O,3,-7.934284687042236,-0.9536737203598022
CCC1(CCC(C)C)C(=O)NC(=O)NC1=O,4,-7.93474817276001,-0.9537313580513
CCC(=O)C,1,-7.508493423461914,-0.9008769392967224
CCC(=O)C,2,-7.508427619934082,-0.9008681178092957
CCC(=O)C,3,-7.508707523345947,-0.9009031057357788
CCC(=O)C,4,-7.508693218231201,-0.9009009003639221
Fc1c[nH]c(=O)[nH]c1=O ,1,-8.955224990844727,-1.080324411392212
Fc1c[nH]c(=O)[nH]c1=O ,2,-8.954875946044922,-1.0802814960479736
Fc1c[nH]c(=O)[nH]c1=O ,3,-8.953859329223633,-1.0801552534103394
Fc1c[nH]c(=O)[nH]c1=O ,4,-8.955792427062988,-1.0803943872451782
Nc1ncnc2n(ccc12)C3OC(CO)C(O)C3O ,1,-8.372143745422363,-1.0080987215042114
Nc1ncnc2n(ccc12)C3OC(CO)C(O)C3O ,2,-8.373950004577637,-1.0083227157592773
Nc1ncnc2n(ccc12)C3OC(CO)C(O)C3O ,3,-8.371306419372559,-1.0079952478408813
Nc1ncnc2n(ccc12)C3OC(CO)C(O)C3O ,4,-8.377838134765625,-1.0088053941726685
Oc1cccc(O)c1,1,-8.195785522460938,-0.9862475395202637
Oc1cccc(O)c1,2,-8.19692325592041,-0.986388087272644
Oc1cccc(O)c1,3,-8.196171760559082,-0.9862955808639526
Oc1cccc(O)c1,4,-8.197330474853516,-0.9864386320114136
CCCCCCO,1,-7.289222240447998,-0.87364262342453
CCCCCCO,2,-7.289660930633545,-0.8736972212791443
CCCCCCO,3,-7.291469097137451,-0.8739212155342102
CCCCCCO,4,-7.290884494781494,-0.8738492131233215
C=CC=C,1,-7.5959086418151855,-0.9116043448448181
C=CC=C,2,-7.596251010894775,-0.9116466045379639
C=CC=C,3,-7.596787452697754,-0.911712110042572
C=CC=C,4,-7.595211982727051,-0.9115188717842102
CCCOC(=O)C,1,-7.6595611572265625,-0.9196301102638245
CCCOC(=O)C,2,-7.659984111785889,-0.9196814894676208
CCCOC(=O)C,3,-7.659427165985107,-0.9196135997772217
CCCOC(=O)C,4,-7.659703731536865,-0.9196469783782959
Oc2ccc1CCCCc1c2 ,1,-7.860488414764404,-0.9445447325706482
Oc2ccc1CCCCc1c2 ,2,-7.861072063446045,-0.944616436958313
Oc2ccc1CCCCc1c2 ,3,-7.864926815032959,-0.9450937509536743
Oc2ccc1CCCCc1c2 ,4,-7.86417293548584,-0.9450016021728516
CCCCCC=O,1,-7.490523338317871,-0.8986290693283081
CCCCCC=O,2,-7.4883270263671875,-0.8983577489852905
CCCCCC=O,3,-7.4897918701171875,-0.8985391855239868
CCCCCC=O,4,-7.489139556884766,-0.8984580039978027
CCCCOC(=O)c1ccc(N)cc1,1,-7.906236171722412,-0.9502498507499695
CCCCOC(=O)c1ccc(N)cc1,2,-7.904816627502441,-0.9500742554664612
CCCCOC(=O)c1ccc(N)cc1,3,-7.905263423919678,-0.9501296281814575
CCCCOC(=O)c1ccc(N)cc1,4,-7.905081748962402,-0.950107991695404
O2c1cc(C)ccc1N(C)C(=O)c3cc(N)cnc23 ,1,-8.411293029785156,-1.012886643409729
O2c1cc(C)ccc1N(C)C(=O)c3cc(N)cnc23 ,2,-8.410931587219238,-1.0128422975540161
O2c1cc(C)ccc1N(C)C(=O)c3cc(N)cnc23 ,3,-8.411256790161133,-1.0128825902938843
O2c1cc(C)ccc1N(C)C(=O)c3cc(N)cnc23 ,4,-8.411373138427734,-1.0128966569900513
CC(C)=CCC/C(C)=C\CO,1,-7.441749572753906,-0.8925665616989136
CC(C)=CCC/C(C)=C\CO,2,-7.442070007324219,-0.8926065564155579
CC(C)=CCC/C(C)=C\CO,3,-7.441211700439453,-0.8924999833106995
CC(C)=CCC/C(C)=C\CO,4,-7.444674015045166,-0.8929299116134644
O=C1N(COC(=O)CCCCCCC)C(=O)C(N1)(c2ccccc2)c3ccccc3,1,-8.098746299743652,-0.9741023778915405
O=C1N(COC(=O)CCCCCCC)C(=O)C(N1)(c2ccccc2)c3ccccc3,2,-8.098648071289062,-0.974090576171875
O=C1N(COC(=O)CCCCCCC)C(=O)C(N1)(c2ccccc2)c3ccccc3,3,-8.098128318786621,-0.9740257263183594
O=C1N(COC(=O)CCCCCCC)C(=O)C(N1)(c2ccccc2)c3ccccc3,4,-8.10016918182373,-0.9742791652679443
CCN(=O)=O,1,-7.801619052886963,-0.9372011423110962
CCN(=O)=O,2,-7.801756858825684,-0.9372190833091736
CCN(=O)=O,3,-7.801405429840088,-0.9371756911277771
CCN(=O)=O,4,-7.800769329071045,-0.9370980858802795
CCN(CC(C)=C)c1c(cc(cc1N(=O)=O)C(F)(F)F)N(=O)=O,1,-8.283039093017578,-0.9967310428619385
CCN(CC(C)=C)c1c(cc(cc1N(=O)=O)C(F)(F)F)N(=O)=O,2,-8.282501220703125,-0.9966639280319214
CCN(CC(C)=C)c1c(cc(cc1N(=O)=O)C(F)(F)F)N(=O)=O,3,-8.282585144042969,-0.9966741800308228
CCN(CC(C)=C)c1c(cc(cc1N(=O)=O)C(F)(F)F)N(=O)=O,4,-8.282483100891113,-0.9966630935668945
CCCC(C)(COC(N)=O)COC(N)=O ,1,-7.794980049133301,-0.936467707157135
CCCC(C)(COC(N)=O)COC(N)=O ,2,-7.793735980987549,-0.9363136291503906
CCCC(C)(COC(N)=O)COC(N)=O ,3,-7.7936906814575195,-0.9363080859184265
CCCC(C)(COC(N)=O)COC(N)=O ,4,-7.794360637664795,-0.9363917112350464
CC(=O)C3CCC4C2CC=C1CC(O)CCC1(C)C2CCC34C ,1,-7.634997367858887,-0.916554868221283
CC(=O)C3CCC4C2CC=C1CC(O)CCC1(C)C2CCC34C ,2,-7.6358537673950195,-0.9166623950004578
CC(=O)C3CCC4C2CC=C1CC(O)CCC1(C)C2CCC34C ,3,-7.635351181030273,-0.9166004061698914
CC(=O)C3CCC4C2CC=C1CC(O)CCC1(C)C2CCC34C ,4,-7.635937213897705,-0.9166730046272278
CC1CC(C)C(=O)C(C1)C(O)CC2CC(=O)NC(=O)C2 ,1,-7.896112442016602,-0.9489694237709045
CC1CC(C)C(=O)C(C1)C(O)CC2CC(=O)NC(=O)C2 ,2,-7.894798755645752,-0.9488065838813782
CC1CC(C)C(=O)C(C1)C(O)CC2CC(=O)NC(=O)C2 ,3,-7.896712303161621,-0.9490458965301514
CC1CC(C)C(=O)C(C1)C(O)CC2CC(=O)NC(=O)C2 ,4,-7.896045207977295,-0.9489623308181763
O=C1N(COC(=O)CCCCCC)C(=O)C(N1)(c2ccccc2)c3ccccc3,1,-8.137396812438965,-0.9789025783538818
O=C1N(COC(=O)CCCCCC)C(=O)C(N1)(c2ccccc2)c3ccccc3,2,-8.138885498046875,-0.9790855646133423
O=C1N(COC(=O)CCCCCC)C(=O)C(N1)(c2ccccc2)c3ccccc3,3,-8.138182640075684,-0.9789992570877075
O=C1N(COC(=O)CCCCCC)C(=O)C(N1)(c2ccccc2)c3ccccc3,4,-8.138640403747559,-0.9790563583374023
CC1=CC(=O)CC(C)(C)C1 ,1,-7.598273754119873,-0.9120083451271057
CC1=CC(=O)CC(C)(C)C1 ,2,-7.598654747009277,-0.912055253982544
CC1=CC(=O)CC(C)(C)C1 ,3,-7.598921298980713,-0.9120875000953674
CC1=CC(=O)CC(C)(C)C1 ,4,-7.598743438720703,-0.9120660424232483
O=C1NC(=O)NC(=O)C1(CC)C(C)CC,1,-7.978843688964844,-0.959205687046051
O=C1NC(=O)NC(=O)C1(CC)C(C)CC,2,-7.979591369628906,-0.9592990875244141
O=C1NC(=O)NC(=O)C1(CC)C(C)CC,3,-7.979288578033447,-0.9592626094818115
O=C1NC(=O)NC(=O)C1(CC)C(C)CC,4,-7.977556228637695,-0.9590482115745544
CCCCC(=O)CCCC,1,-7.421978950500488,-0.8901171088218689
CCCCC(=O)CCCC,2,-7.421463489532471,-0.8900526762008667
CCCCC(=O)CCCC,3,-7.42183256149292,-0.8900986909866333
CCCCC(=O)CCCC,4,-7.4234185218811035,-0.8902963995933533
CCC1(CCC(=O)NC1=O)c2ccccc2 ,1,-8.073019981384277,-0.9709099531173706
CCC1(CCC(=O)NC1=O)c2ccccc2 ,2,-8.073077201843262,-0.9709168672561646
CCC1(CCC(=O)NC1=O)c2ccccc2 ,3,-8.073393821716309,-0.9709577560424805
CCC1(CCC(=O)NC1=O)c2ccccc2 ,4,-8.073054313659668,-0.9709154367446899
CCC(C)CC,1,-7.110574722290039,-0.8514370918273926
CCC(C)CC,2,-7.110865592956543,-0.8514735698699951
CCC(C)CC,3,-7.110832691192627,-0.8514692783355713
CCC(C)CC,4,-7.1109299659729,-0.8514823317527771
CCOc1ccc(cc1)C(C)(C)COCc3cccc(Oc2ccccc2)c3,1,-7.973526954650879,-0.9585825800895691
CCOc1ccc(cc1)C(C)(C)COCc3cccc(Oc2ccccc2)c3,2,-7.972721099853516,-0.9584822654724121
CCOc1ccc(cc1)C(C)(C)COCc3cccc(Oc2ccccc2)c3,3,-7.972607612609863,-0.9584677219390869
CCOc1ccc(cc1)C(C)(C)COCc3cccc(Oc2ccccc2)c3,4,-7.9727783203125,-0.9584892392158508
Cc1ccccc1n3c(C)nc2ccccc2c3=O,1,-8.321934700012207,-1.0017640590667725
Cc1ccccc1n3c(C)nc2ccccc2c3=O,2,-8.322060585021973,-1.001779317855835
Cc1ccccc1n3c(C)nc2ccccc2c3=O,3,-8.32316780090332,-1.0019162893295288
Cc1ccccc1n3c(C)nc2ccccc2c3=O,4,-8.322136878967285,-1.0017894506454468
CC12CCC(=O)C=C1CCC3C2CCC4(C)C3CCC4(O)C#C ,1,-7.758181095123291,-0.9318435192108154
CC12CCC(=O)C=C1CCC3C2CCC4(C)C3CCC4(O)C#C ,2,-7.757153511047363,-0.9317147731781006
CC12CCC(=O)C=C1CCC3C2CCC4(C)C3CCC4(O)C#C ,3,-7.75696325302124,-0.9316915273666382
CC12CCC(=O)C=C1CCC3C2CCC4(C)C3CCC4(O)C#C ,4,-7.756964206695557,-0.9316916465759277
c1ccnnc1,1,-8.541790962219238,-1.0291368961334229
c1ccnnc1,2,-8.541348457336426,-1.0290820598602295
c1ccnnc1,3,-8.543025970458984,-1.0292892456054688
c1ccnnc1,4,-8.541349411010742,-1.0290822982788086
C1C(O)CCC2(C)CC3CCC4(C)C5(C)CC6OCC(C)CC6OC5CC4C3C=C21,1,-7.653762340545654,-0.9188929200172424
C1C(O)CCC2(C)CC3CCC4(C)C5(C)CC6OCC(C)CC6OC5CC4C3C=C21,2,-7.651854991912842,-0.9186568856239319
C1C(O)CCC2(C)CC3CCC4(C)C5(C)CC6OCC(C)CC6OC5CC4C3C=C21,3,-7.653412818908691,-0.9188506007194519
C1C(O)CCC2(C)CC3CCC4(C)C5(C)CC6OCC(C)CC6OC5CC4C3C=C21,4,-7.6525983810424805,-0.9187489151954651
Nc1ccccc1O,1,-8.094810485839844,-0.9736833572387695
Nc1ccccc1O,2,-8.095005989074707,-0.9737075567245483
Nc1ccccc1O,3,-8.094817161560059,-0.9736837148666382
Nc1ccccc1O,4,-8.095059394836426,-0.9737138748168945
CCCCCCCCC(=O)OCC,1,-7.50604772567749,-0.9005740880966187
CCCCCCCCC(=O)OCC,2,-7.505600452423096,-0.9005188941955566
CCCCCCCCC(=O)OCC,3,-7.50770378112793,-0.9007800817489624
CCCCCCCCC(=O)OCC,4,-7.506218910217285,-0.900595486164093
COCC(=O)N(C(C)C(=O)OC)c1c(C)cccc1C ,1,-7.9301557540893555,-0.9532054662704468
COCC(=O)N(C(C)C(=O)OC)c1c(C)cccc1C ,2,-7.929409980773926,-0.953112781047821
COCC(=O)N(C(C)C(=O)OC)c1c(C)cccc1C ,3,-7.929831027984619,-0.9531647562980652
COCC(=O)N(C(C)C(=O)OC)c1c(C)cccc1C ,4,-7.9279866218566895,-0.9529373645782471
CNC(=O)Oc1ccccc1OC(C)C,1,-8.010764122009277,-0.9632054567337036
CNC(=O)Oc1ccccc1OC(C)C,2,-8.010452270507812,-0.9631669521331787
CNC(=O)Oc1ccccc1OC(C)C,3,-8.010242462158203,-0.9631410837173462
CNC(=O)Oc1ccccc1OC(C)C,4,-8.009954452514648,-0.9631054401397705
Oc1ccc2ccccc2c1,1,-8.236612319946289,-0.9912443161010742
Oc1ccc2ccccc2c1,2,-8.238838195800781,-0.9915190935134888
Oc1ccc2ccccc2c1,3,-8.237021446228027,-0.9912945032119751
Oc1ccc2ccccc2c1,4,-8.236064910888672,-0.9911768436431885
CCCCC#C,1,-7.4473137855529785,-0.8931883573532104
CCCCC#C,2,-7.447322368621826,-0.8931897878646851
CCCCC#C,3,-7.448802947998047,-0.893373966217041
CCCCC#C,4,-7.448853015899658,-0.8933798670768738
CCCCCCCC#C,1,-7.408348560333252,-0.8883568048477173
CCCCCCCC#C,2,-7.410935401916504,-0.8886772394180298
CCCCCCCC#C,3,-7.411435127258301,-0.8887398838996887
CCCCCCCC#C,4,-7.410564422607422,-0.8886323571205139
CC(C)OC(C)C,1,-7.32898473739624,-0.8785892128944397
CC(C)OC(C)C,2,-7.32869815826416,-0.8785528540611267
CC(C)OC(C)C,3,-7.32874059677124,-0.8785585165023804
CC(C)OC(C)C,4,-7.3289666175842285,-0.8785864114761353
CNN,1,-6.859065055847168,-0.8207233548164368
CNN,2,-6.859502792358398,-0.8207777142524719
CNN,3,-6.860324859619141,-0.8208799362182617
CNN,4,-6.859409809112549,-0.8207660913467407
CC#C,1,-7.605783462524414,-0.9128352999687195
CC#C,2,-7.605456829071045,-0.9127949476242065
CC#C,3,-7.606053352355957,-0.9128673672676086
CC#C,4,-7.605744361877441,-0.9128300547599792
C=CC=O,1,-8.02497673034668,-0.9649748802185059
C=CC=O,2,-8.024737358093262,-0.9649451375007629
C=CC=O,3,-8.026028633117676,-0.965104341506958
C=CC=O,4,-8.02518367767334,-0.9650007486343384
O=c1[nH]cnc2nc[nH]c12 ,1,-9.079691886901855,-1.0960063934326172
O=c1[nH]cnc2nc[nH]c12 ,2,-9.07975959777832,-1.0960144996643066
O=c1[nH]cnc2nc[nH]c12 ,3,-9.080509185791016,-1.096107840538025
O=c1[nH]cnc2nc[nH]c12 ,4,-9.080060958862305,-1.0960513353347778
Oc2ccc1ncccc1c2 ,1,-8.455854415893555,-1.0184426307678223
Oc2ccc1ncccc1c2 ,2,-8.45615005493164,-1.018479347229004
Oc2ccc1ncccc1c2 ,3,-8.457426071166992,-1.0186365842819214
Oc2ccc1ncccc1c2 ,4,-8.456849098205566,-1.0185654163360596
Fc1ccccc1,1,-8.238662719726562,-0.991226077079773
Fc1ccccc1,2,-8.237187385559082,-0.9910444021224976
Fc1ccccc1,3,-8.237347602844238,-0.9910643100738525
Fc1ccccc1,4,-8.237730026245117,-0.9911112785339355
CCOC(=O)C,1,-7.714747428894043,-0.9264670610427856
CCOC(=O)C,2,-7.715453624725342,-0.9265532493591309
CCOC(=O)C,3,-7.7146735191345215,-0.9264561533927917
CCOC(=O)C,4,-7.717096328735352,-0.9267591238021851
CCCC(C)(C)C,1,-7.10610294342041,-0.8508899211883545
CCCC(C)(C)C,2,-7.106237411499023,-0.8509059548377991
CCCC(C)(C)C,3,-7.105966091156006,-0.8508721590042114
CCCC(C)(C)C,4,-7.105986595153809,-0.8508746027946472
Cc1cc(C)c(C)c(C)c1C,1,-7.460082054138184,-0.8948208689689636
Cc1cc(C)c(C)c(C)c1C,2,-7.459226608276367,-0.8947139382362366
Cc1cc(C)c(C)c(C)c1C,3,-7.459733009338379,-0.8947773575782776
Cc1cc(C)c(C)c(C)c1C,4,-7.459156036376953,-0.8947049379348755
CC12CCC(CC1)C(C)(C)O2 ,1,-7.499112129211426,-0.8997008204460144
CC12CCC(CC1)C(C)(C)O2 ,2,-7.49921989440918,-0.8997138738632202
CC12CCC(CC1)C(C)(C)O2 ,3,-7.499592304229736,-0.8997600078582764
CC12CCC(CC1)C(C)(C)O2 ,4,-7.499341011047363,-0.8997285962104797
CCCCOC(=O)CCCCCCCCC(=O)OCCCC,1,-7.611157417297363,-0.9136255383491516
CCCCOC(=O)CCCCCCCCC(=O)OCCCC,2,-7.612041473388672,-0.9137348532676697
CCCCOC(=O)CCCCCCCCC(=O)OCCCC,3,-7.611112117767334,-0.9136196970939636
CCCCOC(=O)CCCCCCCCC(=O)OCCCC,4,-7.612000942230225,-0.9137305021286011
Cc1cccnc1C,1,-7.90132474899292,-0.9495188593864441
Cc1cccnc1C,2,-7.900418281555176,-0.9494065642356873
Cc1cccnc1C,3,-7.901315689086914,-0.9495177268981934
Cc1cccnc1C,4,-7.90131139755249,-0.9495166540145874
CC(=C)C1CC=C(C)C(=O)C1,1,-7.709927558898926,-0.9258511066436768
CC(=C)C1CC=C(C)C(=O)C1,2,-7.7105393409729,-0.9259266257286072
CC(=C)C1CC=C(C)C(=O)C1,3,-7.708389759063721,-0.9256606101989746
CC(=C)C1CC=C(C)C(=O)C1,4,-7.709596633911133,-0.925809383392334
COc1cc(cc(OC)c1O)C6C2C(COC2=O)C(OC4OC3COC(C)OC3C(O)C4O)c7cc5OCOc5cc67,1,-8.210453987121582,-0.9880771636962891
COc1cc(cc(OC)c1O)C6C2C(COC2=O)C(OC4OC3COC(C)OC3C(O)C4O)c7cc5OCOc5cc67,2,-8.210823059082031,-0.9881223440170288
COc1cc(cc(OC)c1O)C6C2C(COC2=O)C(OC4OC3COC(C)OC3C(O)C4O)c7cc5OCOc5cc67,3,-8.211785316467285,-0.9882419109344482
COc1cc(cc(OC)c1O)C6C2C(COC2=O)C(OC4OC3COC(C)OC3C(O)C4O)c7cc5OCOc5cc67,4,-8.211233139038086,-0.9881727695465088
c1cc2cccc3c4cccc5cccc(c(c1)c23)c54,1,-8.33662223815918,-1.0035974979400635
c1cc2cccc3c4cccc5cccc(c(c1)c23)c54,2,-8.338679313659668,-1.003851056098938
c1cc2cccc3c4cccc5cccc(c(c1)c23)c54,3,-8.33763599395752,-1.0037227869033813
c1cc2cccc3c4cccc5cccc(c(c1)c23)c54,4,-8.336841583251953,-1.003624677658081
Cc1ccc(cc1N(=O)=O)N(=O)=O,1,-8.488746643066406,-1.022508144378662
Cc1ccc(cc1N(=O)=O)N(=O)=O,2,-8.487417221069336,-1.0223435163497925
Cc1ccc(cc1N(=O)=O)N(=O)=O,3,-8.487138748168945,-1.0223095417022705
Cc1ccc(cc1N(=O)=O)N(=O)=O,4,-8.487308502197266,-1.022330641746521
CNC(=O)Oc1cccc(N=CN(C)C)c1,1,-8.144838333129883,-0.9798074960708618
CNC(=O)Oc1cccc(N=CN(C)C)c1,2,-8.144243240356445,-0.9797343015670776
CNC(=O)Oc1cccc(N=CN(C)C)c1,3,-8.144683837890625,-0.9797887802124023
CNC(=O)Oc1cccc(N=CN(C)C)c1,4,-8.145333290100098,-0.97986900806427
COc2cnc1ncncc1n2,1,-8.952840805053711,-1.0800286531448364
COc2cnc1ncncc1n2,2,-8.951255798339844,-1.0798335075378418
COc2cnc1ncncc1n2,3,-8.952146530151367,-1.079941749572754
COc2cnc1ncncc1n2,4,-8.951197624206543,-1.0798264741897583
Cc3ccnc4N(C1CC1)c2ncccc2C(=O)Nc34 ,1,-8.486987113952637,-1.0222190618515015
Cc3ccnc4N(C1CC1)c2ncccc2C(=O)Nc34 ,2,-8.486882209777832,-1.02220618724823
Cc3ccnc4N(C1CC1)c2ncccc2C(=O)Nc34 ,3,-8.487041473388672,-1.0222254991531372
Cc3ccnc4N(C1CC1)c2ncccc2C(=O)Nc34 ,4,-8.487338066101074,-1.0222623348236084
CC(=C)C=C,1,-7.463746547698975,-0.8952344059944153
CC(=C)C=C,2,-7.463589668273926,-0.8952145576477051
CC(=C)C=C,3,-7.463836193084717,-0.8952448964118958
CC(=C)C=C,4,-7.4638566970825195,-0.8952475190162659
CC(C)=CCCC(O)(C)C=C,1,-7.454909801483154,-0.8941980600357056
CC(C)=CCCC(O)(C)C=C,2,-7.456796646118164,-0.8944302201271057
CC(C)=CCCC(O)(C)C=C,3,-7.455109119415283,-0.8942227959632874
CC(C)=CCCC(O)(C)C=C,4,-7.456672191619873,-0.8944150805473328
OC1CCCCC1,1,-7.4742045402526855,-0.8965994119644165
OC1CCCCC1,2,-7.474087715148926,-0.896584689617157
OC1CCCCC1,3,-7.47449254989624,-0.8966339230537415
OC1CCCCC1,4,-7.4758782386779785,-0.8968049883842468
O=C1NC(=O)NC(=O)C1(C)CC=C,1,-8.323521614074707,-1.0019937753677368
O=C1NC(=O)NC(=O)C1(C)CC=C,2,-8.323338508605957,-1.0019711256027222
O=C1NC(=O)NC(=O)C1(C)CC=C,3,-8.32390308380127,-1.0020405054092407
O=C1NC(=O)NC(=O)C1(C)CC=C,4,-8.325394630432129,-1.002225637435913
CC34CCC1C(CCC2CC(O)CCC12C)C3CCC4=O,1,-7.625436782836914,-0.915368378162384
CC34CCC1C(CCC2CC(O)CCC12C)C3CCC4=O,2,-7.625428676605225,-0.915368914604187
CC34CCC1C(CCC2CC(O)CCC12C)C3CCC4=O,3,-7.624720096588135,-0.9152823090553284
CC34CCC1C(CCC2CC(O)CCC12C)C3CCC4=O,4,-7.6243133544921875,-0.9152329564094543
OCC(O)C(O)C(O)C(O)CO ,1,-7.627357006072998,-0.9157285690307617
OCC(O)C(O)C(O)C(O)CO ,2,-7.630587100982666,-0.9161282777786255
OCC(O)C(O)C(O)C(O)CO ,3,-7.626016139984131,-0.9155640006065369
OCC(O)C(O)C(O)C(O)CO ,4,-7.625959396362305,-0.9155543446540833
Cc1ccc(cc1)c2ccccc2,1,-7.991289138793945,-0.9607163071632385
Cc1ccc(cc1)c2ccccc2,2,-7.991607666015625,-0.9607552886009216
Cc1ccc(cc1)c2ccccc2,3,-7.991677761077881,-0.9607642889022827
Cc1ccc(cc1)c2ccccc2,4,-7.991537094116211,-0.9607468247413635
CCCC(=O)CCC,1,-7.442044734954834,-0.8926172256469727
CCCC(=O)CCC,2,-7.442963123321533,-0.8927304148674011
CCCC(=O)CCC,3,-7.44164514541626,-0.8925667405128479
CCCC(=O)CCC,4,-7.442898750305176,-0.8927238583564758
CC(=O)C(C)(C)C,1,-7.382861137390137,-0.8852916955947876
CC(=O)C(C)(C)C,2,-7.382800579071045,-0.8852854371070862
CC(=O)C(C)(C)C,3,-7.382759094238281,-0.8852792382240295
CC(=O)C(C)(C)C,4,-7.382667064666748,-0.8852675557136536
O=C1CCCCC1,1,-7.6828131675720215,-0.9224966764450073
O=C1CCCCC1,2,-7.682877063751221,-0.9225039482116699
O=C1CCCCC1,3,-7.682762622833252,-0.9224904775619507
O=C1CCCCC1,4,-7.6830668449401855,-0.9225276112556458
Cc1cccc(N)c1,1,-7.829184532165527,-0.940628707408905
Cc1cccc(N)c1,2,-7.830247402191162,-0.9407595992088318
Cc1cccc(N)c1,3,-7.8301005363464355,-0.9407414197921753
Cc1cccc(N)c1,4,-7.829809188842773,-0.9407055377960205
CCCCCCCCC(=O)C,1,-7.418314456939697,-0.8896570205688477
CCCCCCCCC(=O)C,2,-7.420915126800537,-0.889980137348175
CCCCCCCCC(=O)C,3,-7.419783115386963,-0.8898395299911499
CCCCCCCCC(=O)C,4,-7.419965744018555,-0.8898621797561646
CCOC(=O)c1ccc(N)cc1,1,-8.03959846496582,-0.9668195247650146
CCOC(=O)c1ccc(N)cc1,2,-8.040107727050781,-0.9668824076652527
CCOC(=O)c1ccc(N)cc1,3,-8.040542602539062,-0.9669362306594849
CCOC(=O)c1ccc(N)cc1,4,-8.039937019348145,-0.9668612480163574
Oc1ccccc1O,1,-8.188177108764648,-0.9853013753890991
Oc1ccccc1O,2,-8.195114135742188,-0.9861637353897095
Oc1ccccc1O,3,-8.194262504577637,-0.9860583543777466
Oc1ccccc1O,4,-8.194212913513184,-0.9860521554946899
CCN2c1ncccc1N(C)C(=O)c3cccnc23 ,1,-8.45769214630127,-1.018554449081421
CCN2c1ncccc1N(C)C(=O)c3cccnc23 ,2,-8.457852363586426,-1.0185738801956177
CCN2c1ncccc1N(C)C(=O)c3cccnc23 ,3,-8.455978393554688,-1.0183420181274414
CCN2c1ncccc1N(C)C(=O)c3cccnc23 ,4,-8.455611228942871,-1.0182969570159912
CCOC(=O)N,1,-7.793885707855225,-0.9363452792167664
CCOC(=O)N,2,-7.7943501472473145,-0.9364015460014343
CCOC(=O)N,3,-7.797420978546143,-0.9367830157279968
CCOC(=O)N,4,-7.797172546386719,-0.9367532134056091
CC(=O)OC3(CCC4C2C=C(C)C1=CC(=O)CCC1(C)C2CCC34C)C(C)=O ,1,-7.814479827880859,-0.9388630390167236
CC(=O)OC3(CCC4C2C=C(C)C1=CC(=O)CCC1(C)C2CCC34C)C(C)=O ,2,-7.813775062561035,-0.938775897026062
CC(=O)OC3(CCC4C2C=C(C)C1=CC(=O)CCC1(C)C2CCC34C)C(C)=O ,3,-7.814194202423096,-0.9388265013694763
CC(=O)OC3(CCC4C2C=C(C)C1=CC(=O)CCC1(C)C2CCC34C)C(C)=O ,4,-7.813183784484863,-0.9387019276618958
CC(C)C(O)C(C)C,1,-7.248223304748535,-0.8685644268989563
CC(C)C(O)C(C)C,2,-7.250385761260986,-0.8688310980796814
CC(C)C(O)C(C)C,3,-7.24894905090332,-0.8686542510986328
CC(C)C(O)C(C)C,4,-7.249325752258301,-0.8687007427215576
c1ccc2ccccc2c1,1,-8.14297103881836,-0.9795423746109009
c1ccc2ccccc2c1,2,-8.144469261169434,-0.9797271490097046
c1ccc2ccccc2c1,3,-8.14216423034668,-0.9794429540634155
c1ccc2ccccc2c1,4,-8.144057273864746,-0.9796762466430664
CCNc1ccccc1,1,-7.827608108520508,-0.9403872489929199
CCNc1ccccc1,2,-7.8274149894714355,-0.9403628706932068
CCNc1ccccc1,3,-7.827127456665039,-0.9403274655342102
CCNc1ccccc1,4,-7.827707767486572,-0.9403998851776123
O=C1NC(=O)C(N1)(c2ccccc2)c3ccccc3,1,-8.479864120483398,-1.0214133262634277
O=C1NC(=O)C(N1)(c2ccccc2)c3ccccc3,2,-8.48110294342041,-1.0215665102005005
O=C1NC(=O)C(N1)(c2ccccc2)c3ccccc3,3,-8.479182243347168,-1.0213295221328735
O=C1NC(=O)C(N1)(c2ccccc2)c3ccccc3,4,-8.479190826416016,-1.0213305950164795
Cc1c2ccccc2c(C)c3ccc4ccccc4c13,1,-8.067262649536133,-0.9701613187789917
Cc1c2ccccc2c(C)c3ccc4ccccc4c13,2,-8.067431449890137,-0.9701820611953735
Cc1c2ccccc2c(C)c3ccc4ccccc4c13,3,-8.067702293395996,-0.9702156782150269
Cc1c2ccccc2c(C)c3ccc4ccccc4c13,4,-8.06716537475586,-0.9701489210128784
O=C1N(COC(=O)CCCC)C(=O)C(N1)(c2ccccc2)c3ccccc3,1,-8.228300094604492,-0.9901896715164185
O=C1N(COC(=O)CCCC)C(=O)C(N1)(c2ccccc2)c3ccccc3,2,-8.229677200317383,-0.9903590679168701
O=C1N(COC(=O)CCCC)C(=O)C(N1)(c2ccccc2)c3ccccc3,3,-8.228931427001953,-0.9902671575546265
O=C1N(COC(=O)CCCC)C(=O)C(N1)(c2ccccc2)c3ccccc3,4,-8.229179382324219,-0.9902985095977783
OC(Cn1cncn1)(c2ccc(F)cc2)c3ccccc3F,1,-8.485514640808105,-1.0220201015472412
OC(Cn1cncn1)(c2ccc(F)cc2)c3ccccc3F,2,-8.484939575195312,-1.0219513177871704
OC(Cn1cncn1)(c2ccc(F)cc2)c3ccccc3F,3,-8.48723316192627,-1.0222285985946655
OC(Cn1cncn1)(c2ccc(F)cc2)c3ccccc3F,4,-8.48630428314209,-1.022118091583252
CC(=O)OCC(=O)C3(O)C(CC4C2CCC1=CC(=O)C=CC1(C)C2(F)C(O)CC34C)OC(C)=O ,1,-8.016615867614746,-0.9639543294906616
CC(=O)OCC(=O)C3(O)C(CC4C2CCC1=CC(=O)C=CC1(C)C2(F)C(O)CC34C)OC(C)=O ,2,-8.015817642211914,-0.9638550281524658
CC(=O)OCC(=O)C3(O)C(CC4C2CCC1=CC(=O)C=CC1(C)C2(F)C(O)CC34C)OC(C)=O ,3,-8.014301300048828,-0.9636666774749756
CC(=O)OCC(=O)C3(O)C(CC4C2CCC1=CC(=O)C=CC1(C)C2(F)C(O)CC34C)OC(C)=O ,4,-8.015969276428223,-0.9638750553131104
CC(C)CC(=O)C,1,-7.435990810394287,-0.8918736577033997
CC(C)CC(=O)C,2,-7.43549108505249,-0.8918119668960571
CC(C)CC(=O)C,3,-7.436176300048828,-0.8918956518173218
CC(C)CC(=O)C,4,-7.436132431030273,-0.8918905258178711
CCC(C)C1(CC=C)C(=O)NC(=O)NC1=O,1,-8.057059288024902,-0.9689126014709473
CCC(C)C1(CC=C)C(=O)NC(=O)NC1=O,2,-8.058167457580566,-0.9690519571304321
CCC(C)C1(CC=C)C(=O)NC(=O)NC1=O,3,-8.055328369140625,-0.9687000513076782
CCC(C)C1(CC=C)C(=O)NC(=O)NC1=O,4,-8.056888580322266,-0.96889328956604
OCC(O)C(O)C(O)C(O)CO,1,-7.627357006072998,-0.9157285094261169
OCC(O)C(O)C(O)C(O)CO,2,-7.630587100982666,-0.9161282181739807
OCC(O)C(O)C(O)C(O)CO,3,-7.626016139984131,-0.9155640602111816
OCC(O)C(O)C(O)C(O)CO,4,-7.6259589195251465,-0.9155542850494385
CN(C)C(=O)Oc1cc(C)nn1c2ccccc2,1,-8.256248474121094,-0.993628740310669
CN(C)C(=O)Oc1cc(C)nn1c2ccccc2,2,-8.257022857666016,-0.99372398853302
CN(C)C(=O)Oc1cc(C)nn1c2ccccc2,3,-8.256648063659668,-0.9936783313751221
CN(C)C(=O)Oc1cc(C)nn1c2ccccc2,4,-8.256518363952637,-0.9936618804931641
NC(=O)c1ccccc1O,1,-8.273662567138672,-0.9958990812301636
NC(=O)c1ccccc1O,2,-8.27382755279541,-0.9959191083908081
NC(=O)c1ccccc1O,3,-8.285906791687012,-0.9974180459976196
NC(=O)c1ccccc1O,4,-8.285130500793457,-0.9973218441009521
Cc1ccccc1N(=O)=O,1,-8.252287864685059,-0.993131160736084
Cc1ccccc1N(=O)=O,2,-8.252365112304688,-0.9931405782699585
Cc1ccccc1N(=O)=O,3,-8.25325870513916,-0.9932503700256348
Cc1ccccc1N(=O)=O,4,-8.252766609191895,-0.9931900501251221
O=C1NC(=O)NC(=O)C1(C(C)C)C(C)C,1,-7.962639808654785,-0.9571999907493591
O=C1NC(=O)NC(=O)C1(C(C)C)C(C)C,2,-7.962591648101807,-0.957194447517395
O=C1NC(=O)NC(=O)C1(C(C)C)C(C)C,3,-7.963037967681885,-0.9572485685348511
O=C1NC(=O)NC(=O)C1(C(C)C)C(C)C,4,-7.961548805236816,-0.9570652842521667
CCc1ccccc1C,1,-7.614653587341309,-0.9139792323112488
CCc1ccccc1C,2,-7.615108489990234,-0.9140350818634033
CCc1ccccc1C,3,-7.6153645515441895,-0.9140669703483582
CCc1ccccc1C,4,-7.614808082580566,-0.9139983654022217
O=C1NC(=O)NC(=O)C1(CC)CC,1,-8.131836891174316,-0.978193998336792
O=C1NC(=O)NC(=O)C1(CC)CC,2,-8.131979942321777,-0.9782116413116455
O=C1NC(=O)NC(=O)C1(CC)CC,3,-8.131171226501465,-0.9781122207641602
O=C1NC(=O)NC(=O)C1(CC)CC,4,-8.129948616027832,-0.9779623746871948
C(Cc1ccccc1)c2ccccc2,1,-7.962771415710449,-0.9571640491485596
C(Cc1ccccc1)c2ccccc2,2,-7.963086128234863,-0.9572034478187561
C(Cc1ccccc1)c2ccccc2,3,-7.962744235992432,-0.9571613073348999
C(Cc1ccccc1)c2ccccc2,4,-7.9623003005981445,-0.9571059942245483
CCN2c1cc(OC)cc(C)c1NC(=O)c3cccnc23 ,1,-8.265928268432617,-0.9948233366012573
CCN2c1cc(OC)cc(C)c1NC(=O)c3cccnc23 ,2,-8.265722274780273,-0.9947983026504517
CCN2c1cc(OC)cc(C)c1NC(=O)c3cccnc23 ,3,-8.265419960021973,-0.9947607517242432
CCN2c1cc(OC)cc(C)c1NC(=O)c3cccnc23 ,4,-8.265301704406738,-0.9947464466094971
Cc1ccc2c(ccc3ccccc32)c1,1,-8.09394359588623,-0.9734684228897095
Cc1ccc2c(ccc3ccccc32)c1,2,-8.09435749053955,-0.9735198020935059
Cc1ccc2c(ccc3ccccc32)c1,3,-8.095725059509277,-0.9736883640289307
Cc1ccc2c(ccc3ccccc32)c1,4,-8.093518257141113,-0.9734158515930176
CCCCOC(=O)c1ccccc1C(=O)OCCCC ,1,-7.873301982879639,-0.9461778402328491
CCCCOC(=O)c1ccccc1C(=O)OCCCC ,2,-7.873101711273193,-0.9461525678634644
CCCCOC(=O)c1ccccc1C(=O)OCCCC ,3,-7.873470783233643,-0.9461983442306519
CCCCOC(=O)c1ccccc1C(=O)OCCCC ,4,-7.873021125793457,-0.9461432695388794
CC34CCC1C(=CCc2cc(O)ccc12)C3CCC4=O,1,-7.938680648803711,-0.9542590975761414
CC34CCC1C(=CCc2cc(O)ccc12)C3CCC4=O,2,-7.939855098724365,-0.9544050693511963
CC34CCC1C(=CCc2cc(O)ccc12)C3CCC4=O,3,-7.940433502197266,-0.9544767737388611
CC34CCC1C(=CCc2cc(O)ccc12)C3CCC4=O,4,-7.939174175262451,-0.9543205499649048
COc1ccc(cc1)N(=O)=O,1,-8.323774337768555,-1.0020496845245361
COc1ccc(cc1)N(=O)=O,2,-8.323655128479004,-1.0020350217819214
COc1ccc(cc1)N(=O)=O,3,-8.324203491210938,-1.0021029710769653
COc1ccc(cc1)N(=O)=O,4,-8.32455062866211,-1.0021451711654663
OCC1OC(CO)(OC2OC(COC3OC(CO)C(O)C(O)C3O)C(O)C(O)C2O)C(O)C1O,1,-7.917882442474365,-0.9517728090286255
OCC1OC(CO)(OC2OC(COC3OC(CO)C(O)C(O)C3O)C(O)C(O)C2O)C(O)C1O,2,-7.918026924133301,-0.9517906904220581
OCC1OC(CO)(OC2OC(COC3OC(CO)C(O)C(O)C3O)C(O)C(O)C2O)C(O)C1O,3,-7.918668746948242,-0.9518703818321228
OCC1OC(CO)(OC2OC(COC3OC(CO)C(O)C(O)C3O)C(O)C(O)C2O)C(O)C1O,4,-7.918360710144043,-0.9518321752548218
CCCCCCCCCCCCCCCCCCCCCCCCCC,1,-7.291656970977783,-0.8738925457000732
CCCCCCCCCCCCCCCCCCCCCCCCCC,2,-7.292501926422119,-0.8739975094795227
CCCCCCCCCCCCCCCCCCCCCCCCCC,3,-7.291529178619385,-0.8738760948181152
CCCCCCCCCCCCCCCCCCCCCCCCCC,4,-7.293200492858887,-0.8740848898887634
CCN2c1ccccc1N(C)C(=O)c3cccnc23 ,1,-8.33030891418457,-1.002767562866211
CCN2c1ccccc1N(C)C(=O)c3cccnc23 ,2,-8.330382347106934,-1.002777099609375
CCN2c1ccccc1N(C)C(=O)c3cccnc23 ,3,-8.330388069152832,-1.0027776956558228
CCN2c1ccccc1N(C)C(=O)c3cccnc23 ,4,-8.330130577087402,-1.0027458667755127
CCCN(CCC)c1c(cc(cc1N(=O)=O)C(C)C)N(=O)=O,1,-7.924666404724121,-0.9524411559104919
CCCN(CCC)c1c(cc(cc1N(=O)=O)C(C)C)N(=O)=O,2,-7.925778865814209,-0.9525785446166992
CCCN(CCC)c1c(cc(cc1N(=O)=O)C(C)C)N(=O)=O,3,-7.925662040710449,-0.9525642991065979
CCCN(CCC)c1c(cc(cc1N(=O)=O)C(C)C)N(=O)=O,4,-7.924578666687012,-0.952430009841919
OC1CCCCCCC1,1,-7.450686454772949,-0.8936649560928345
OC1CCCCCCC1,2,-7.448211669921875,-0.8933573961257935
OC1CCCCCCC1,3,-7.449789047241211,-0.8935540914535522
OC1CCCCCCC1,4,-7.451347827911377,-0.8937463760375977
CC1(O)CCC2C3CCC4=CC(=O)CCC4(C)C3CCC21C,1,-7.646383762359619,-0.9179742932319641
CC1(O)CCC2C3CCC4=CC(=O)CCC4(C)C3CCC21C,2,-7.645908355712891,-0.917914628982544
CC1(O)CCC2C3CCC4=CC(=O)CCC4(C)C3CCC21C,3,-7.645670413970947,-0.9178858399391174
CC1(O)CCC2C3CCC4=CC(=O)CCC4(C)C3CCC21C,4,-7.646121025085449,-0.9179412722587585
CCOc1ccc(NC(N)=O)cc1,1,-8.11042308807373,-0.975594162940979
CCOc1ccc(NC(N)=O)cc1,2,-8.110971450805664,-0.9756619930267334
CCOc1ccc(NC(N)=O)cc1,3,-8.11090087890625,-0.9756535291671753
CCOc1ccc(NC(N)=O)cc1,4,-8.109773635864258,-0.9755145311355591
C/C1CCC(\C)CC1,1,-7.292294502258301,-0.8739779591560364
C/C1CCC(\C)CC1,2,-7.292684555053711,-0.8740269541740417
C/C1CCC(\C)CC1,3,-7.2930707931518555,-0.8740759491920471
C/C1CCC(\C)CC1,4,-7.293229579925537,-0.8740944862365723
c1cnc2c(c1)ccc3ncccc23,1,-8.604743957519531,-1.0368421077728271
c1cnc2c(c1)ccc3ncccc23,2,-8.606219291687012,-1.0370237827301025
c1cnc2c(c1)ccc3ncccc23,3,-8.604066848754883,-1.036758542060852
c1cnc2c(c1)ccc3ncccc23,4,-8.603562355041504,-1.036696434020996
COC(C)(C)C,1,-7.279700756072998,-0.8724861145019531
COC(C)(C)C,2,-7.27979040145874,-0.8724973201751709
COC(C)(C)C,3,-7.279666423797607,-0.8724820613861084
COC(C)(C)C,4,-7.279870510101318,-0.8725061416625977
COc1ccc(C=CC)cc1,1,-7.858115196228027,-0.9442535638809204
COc1ccc(C=CC)cc1,2,-7.85799503326416,-0.944238543510437
COc1ccc(C=CC)cc1,3,-7.858067989349365,-0.9442480206489563
COc1ccc(C=CC)cc1,4,-7.859111785888672,-0.9443759322166443
CCCCCCCCCCCCCCCCO,1,-7.325312614440918,-0.8780924677848816
CCCCCCCCCCCCCCCCO,2,-7.324702739715576,-0.8780157566070557
CCCCCCCCCCCCCCCCO,3,-7.324431896209717,-0.8779831528663635
CCCCCCCCCCCCCCCCO,4,-7.325704574584961,-0.8781411647796631
O=c1cc[nH]c(=O)[nH]1 ,1,-8.804839134216309,-1.0617860555648804
O=c1cc[nH]c(=O)[nH]1 ,2,-8.805179595947266,-1.0618281364440918
O=c1cc[nH]c(=O)[nH]1 ,3,-8.805551528930664,-1.0618737936019897
O=c1cc[nH]c(=O)[nH]1 ,4,-8.805802345275879,-1.0619046688079834
Nc1ncnc2nc[nH]c12 ,1,-8.828179359436035,-1.064937949180603
Nc1ncnc2nc[nH]c12 ,2,-8.828102111816406,-1.0649278163909912
Nc1ncnc2nc[nH]c12 ,3,-8.830202102661133,-1.0651880502700806
Nc1ncnc2nc[nH]c12 ,4,-8.829581260681152,-1.0651112794876099
COc1ccc(cc1)C(O)(C2CC2)c3cncnc3 ,1,-8.20518684387207,-0.9873278141021729
COc1ccc(cc1)C(O)(C2CC2)c3cncnc3 ,2,-8.203943252563477,-0.9871753454208374
COc1ccc(cc1)C(O)(C2CC2)c3cncnc3 ,3,-8.203726768493652,-0.9871482849121094
COc1ccc(cc1)C(O)(C2CC2)c3cncnc3 ,4,-8.203690528869629,-0.9871433973312378
c1ccc2c(c1)c3cccc4c3c2cc5ccccc54,1,-8.330774307250977,-1.0028748512268066
c1ccc2c(c1)c3cccc4c3c2cc5ccccc54,2,-8.330875396728516,-1.00288724899292
c1ccc2c(c1)c3cccc4c3c2cc5ccccc54,3,-8.331027030944824,-1.0029058456420898
c1ccc2c(c1)c3cccc4c3c2cc5ccccc54,4,-8.329168319702148,-1.0026768445968628
O=C(Nc1ccccc1)Nc2ccccc2,1,-8.370220184326172,-1.00777268409729
O=C(Nc1ccccc1)Nc2ccccc2,2,-8.370445251464844,-1.0078006982803345
O=C(Nc1ccccc1)Nc2ccccc2,3,-8.370333671569824,-1.0077873468399048
O=C(Nc1ccccc1)Nc2ccccc2,4,-8.370611190795898,-1.007820963859558
CCC1(C(=O)NC(=O)NC1=O)c2ccccc2 ,1,-8.366572380065918,-1.007356882095337
CCC1(C(=O)NC(=O)NC1=O)c2ccccc2 ,2,-8.36630630493164,-1.0073236227035522
CCC1(C(=O)NC(=O)NC1=O)c2ccccc2 ,3,-8.368570327758789,-1.0076051950454712
CCC1(C(=O)NC(=O)NC1=O)c2ccccc2 ,4,-8.368193626403809,-1.007559061050415
CC(C)c1ccc(NC(=O)N(C)C)cc1,1,-7.842045307159424,-0.9422091841697693
CC(C)c1ccc(NC(=O)N(C)C)cc1,2,-7.842098236083984,-0.9422158598899841
CC(C)c1ccc(NC(=O)N(C)C)cc1,3,-7.84177303314209,-0.9421758055686951
CC(C)c1ccc(NC(=O)N(C)C)cc1,4,-7.841955661773682,-0.9421982169151306
CCC(C)(C)CO,1,-7.224765777587891,-0.8656647205352783
CCC(C)(C)CO,2,-7.224678993225098,-0.8656538128852844
CCC(C)(C)CO,3,-7.224597454071045,-0.8656435012817383
CCC(C)(C)CO,4,-7.224542617797852,-0.8656365871429443
CCCOC(=O)CCC,1,-7.583583831787109,-0.9102075099945068
CCCOC(=O)CCC,2,-7.582266807556152,-0.9100435376167297
CCCOC(=O)CCC,3,-7.583372116088867,-0.9101801514625549
CCCOC(=O)CCC,4,-7.582616806030273,-0.9100859761238098
Cc1c(cc(cc1N(=O)=O)N(=O)=O)N(=O)=O,1,-8.61799430847168,-1.0385953187942505
Cc1c(cc(cc1N(=O)=O)N(=O)=O)N(=O)=O,2,-8.617742538452148,-1.0385644435882568
Cc1c(cc(cc1N(=O)=O)N(=O)=O)N(=O)=O,3,-8.618083953857422,-1.0386066436767578
Cc1c(cc(cc1N(=O)=O)N(=O)=O)N(=O)=O,4,-8.617409706115723,-1.038523554801941
C1CCCCCC1,1,-7.336363792419434,-0.8794364333152771
C1CCCCCC1,2,-7.336411952972412,-0.8794417381286621
C1CCCCCC1,3,-7.3387861251831055,-0.8797377943992615
C1CCCCCC1,4,-7.338682174682617,-0.8797232508659363
CCCOC=O,1,-7.72904109954834,-0.9282423853874207
CCCOC=O,2,-7.728568077087402,-0.9281840920448303
CCCOC=O,3,-7.728574752807617,-0.9281846284866333
CCCOC=O,4,-7.730764865875244,-0.9284582734107971
CC(C)c1ccccc1C,1,-7.55910062789917,-0.9070889353752136
CC(C)c1ccccc1C,2,-7.559015274047852,-0.9070783853530884
CC(C)c1ccccc1C,3,-7.558775901794434,-0.907048761844635
CC(C)c1ccccc1C,4,-7.558928966522217,-0.9070677161216736
CC(C)CC(C)C,1,-7.124056339263916,-0.8531108498573303
CC(C)CC(C)C,2,-7.124136447906494,-0.8531218767166138
CC(C)CC(C)C,3,-7.125360488891602,-0.8532750010490417
CC(C)CC(C)C,4,-7.124825954437256,-0.8532088398933411
o1c2ccccc2c3ccccc13,1,-8.3992338180542,-1.0114079713821411
o1c2ccccc2c3ccccc13,2,-8.39818000793457,-1.011277675628662
o1c2ccccc2c3ccccc13,3,-8.398090362548828,-1.0112663507461548
o1c2ccccc2c3ccccc13,4,-8.39959716796875,-1.0114524364471436
CN(C)C(=O)Nc1cccc(c1)C(F)(F)F,1,-8.249628067016602,-0.9925227165222168
CN(C)C(=O)Nc1cccc(c1)C(F)(F)F,2,-8.249323844909668,-0.9924852848052979
CN(C)C(=O)Nc1cccc(c1)C(F)(F)F,3,-8.248754501342773,-0.9924150705337524
CN(C)C(=O)Nc1cccc(c1)C(F)(F)F,4,-8.24868392944336,-0.9924057722091675
c3ccc2nc1ccccc1cc2c3,1,-8.410161972045898,-1.012712836265564
c3ccc2nc1ccccc1cc2c3,2,-8.409317970275879,-1.0126090049743652
c3ccc2nc1ccccc1cc2c3,3,-8.41161823272705,-1.0128930807113647
c3ccc2nc1ccccc1cc2c3,4,-8.410239219665527,-1.0127227306365967
CC12CC(=O)C3C(CCC4=CC(=O)CCC34C)C2CCC1(O)C(=O)CO,1,-7.874497413635254,-0.9463266730308533
CC12CC(=O)C3C(CCC4=CC(=O)CCC34C)C2CCC1(O)C(=O)CO,2,-7.876654624938965,-0.9465937614440918
CC12CC(=O)C3C(CCC4=CC(=O)CCC34C)C2CCC1(O)C(=O)CO,3,-7.877442359924316,-0.9466917514801025
CC12CC(=O)C3C(CCC4=CC(=O)CCC34C)C2CCC1(O)C(=O)CO,4,-7.8752875328063965,-0.9464240670204163
OCC1OC(O)C(O)C(O)C1O,1,-7.801966190338135,-0.9373982548713684
OCC1OC(O)C(O)C(O)C1O,2,-7.7975077629089355,-0.9368453621864319
OCC1OC(O)C(O)C(O)C1O,3,-7.8011603355407715,-0.9372971057891846
OCC1OC(O)C(O)C(O)C1O,4,-7.797669887542725,-0.9368627667427063
Cc1cccc(O)c1,1,-7.922345161437988,-0.9522398114204407
Cc1cccc(O)c1,2,-7.921273231506348,-0.9521074295043945
Cc1cccc(O)c1,3,-7.921412467956543,-0.9521244168281555
Cc1cccc(O)c1,4,-7.922108173370361,-0.9522106647491455
CCC(C)C(=O)OC2CC(C)C=C3C=CC(C)C(CCC1CC(O)CC(=O)O1)C23 ,1,-7.779754161834717,-0.9345543384552002
CCC(C)C(=O)OC2CC(C)C=C3C=CC(C)C(CCC1CC(O)CC(=O)O1)C23 ,2,-7.780598163604736,-0.9346582293510437
CCC(C)C(=O)OC2CC(C)C=C3C=CC(C)C(CCC1CC(O)CC(=O)O1)C23 ,3,-7.780830383300781,-0.9346876740455627
CCC(C)C(=O)OC2CC(C)C=C3C=CC(C)C(CCC1CC(O)CC(=O)O1)C23 ,4,-7.780545711517334,-0.9346520304679871
O=N(=O)c1ccc(cc1)N(=O)=O,1,-8.708420753479004,-1.0497909784317017
O=N(=O)c1ccc(cc1)N(=O)=O,2,-8.708230018615723,-1.0497676134109497
O=N(=O)c1ccc(cc1)N(=O)=O,3,-8.708771705627441,-1.0498337745666504
O=N(=O)c1ccc(cc1)N(=O)=O,4,-8.70806884765625,-1.0497472286224365
CCC1(C(=O)NC(=O)NC1=O)C2=CCC3CCC2C3,1,-8.098923683166504,-0.9741275310516357
CCC1(C(=O)NC(=O)NC1=O)C2=CCC3CCC2C3,2,-8.097472190856934,-0.9739470481872559
CCC1(C(=O)NC(=O)NC1=O)C2=CCC3CCC2C3,3,-8.098214149475098,-0.9740397930145264
CCC1(C(=O)NC(=O)NC1=O)C2=CCC3CCC2C3,4,-8.09609317779541,-0.9737774133682251
CCCCCCCCCC(=O)OCC,1,-7.495155334472656,-0.8992207050323486
CCCCCCCCCC(=O)OCC,2,-7.4951934814453125,-0.8992241024971008
CCCCCCCCCC(=O)OCC,3,-7.495047569274902,-0.8992062211036682
CCCCCCCCCC(=O)OCC,4,-7.494839191436768,-0.8991814255714417
CN(C)C(=O)Nc1ccccc1,1,-8.082734107971191,-0.972078800201416
CN(C)C(=O)Nc1ccccc1,2,-8.083085060119629,-0.9721218347549438
CN(C)C(=O)Nc1ccccc1,3,-8.082600593566895,-0.9720622301101685
CN(C)C(=O)Nc1ccccc1,4,-8.083076477050781,-0.9721204042434692
CCCOCC,1,-7.349508285522461,-0.8811309337615967
CCCOCC,2,-7.3513336181640625,-0.8813570737838745
CCCOCC,3,-7.35132360458374,-0.881355881690979
CCCOCC,4,-7.353176593780518,-0.8815841674804688
CC(C)O,1,-7.223430156707764,-0.8655012845993042
CC(C)O,2,-7.220174789428711,-0.8650965690612793
CC(C)O,3,-7.220141887664795,-0.8650946617126465
CC(C)O,4,-7.22063684463501,-0.8651547431945801
Cc1ccc2ccccc2c1,1,-7.990158557891846,-0.9605806469917297
Cc1ccc2ccccc2c1,2,-7.989835262298584,-0.9605405926704407
Cc1ccc2ccccc2c1,3,-7.989962100982666,-0.9605566263198853
Cc1ccc2ccccc2c1,4,-7.988483905792236,-0.960374116897583
CCC(C(CC)c1ccc(O)cc1)c2ccc(O)cc2,1,-7.84569787979126,-0.9427089095115662
CCC(C(CC)c1ccc(O)cc1)c2ccc(O)cc2,2,-7.844863414764404,-0.9426054954528809
CCC(C(CC)c1ccc(O)cc1)c2ccc(O)cc2,3,-7.84457540512085,-0.9425705075263977
CCC(C(CC)c1ccc(O)cc1)c2ccc(O)cc2,4,-7.844269275665283,-0.9425323605537415
C/C=C/C=O,1,-7.810722351074219,-0.938380777835846
C/C=C/C=O,2,-7.809813022613525,-0.9382685422897339
C/C=C/C=O,3,-7.811586856842041,-0.9384860992431641
C/C=C/C=O,4,-7.810266017913818,-0.9383231997489929
Cc1c2ccccc2c(C)c3ccccc13,1,-7.985626697540283,-0.9600272178649902
Cc1c2ccccc2c(C)c3ccccc13,2,-7.987182140350342,-0.9602190256118774
Cc1c2ccccc2c(C)c3ccccc13,3,-7.987041473388672,-0.9602018594741821
Cc1c2ccccc2c(C)c3ccccc13,4,-7.986474990844727,-0.9601318836212158
CCCCCC(=O)OC,1,-7.569664001464844,-0.9084811210632324
CCCCCC(=O)OC,2,-7.569544315338135,-0.9084668755531311
CCCCCC(=O)OC,3,-7.56888484954834,-0.9083855152130127
CCCCCC(=O)OC,4,-7.569019317626953,-0.9084020256996155
CC(=O)Nc1ccc(F)cc1,1,-8.29805850982666,-0.9987112283706665
CC(=O)Nc1ccc(F)cc1,2,-8.29817008972168,-0.998725175857544
CC(=O)Nc1ccc(F)cc1,3,-8.297379493713379,-0.9986274242401123
CC(=O)Nc1ccc(F)cc1,4,-8.297078132629395,-0.9985902309417725
C1CCC=CC1,1,-7.508721828460693,-0.9008079171180725
C1CCC=CC1,2,-7.507994651794434,-0.9007192850112915
C1CCC=CC1,3,-7.508533000946045,-0.9007854461669922
C1CCC=CC1,4,-7.508646488189697,-0.900798499584198
CC12CC(O)C3C(CCC4=CC(=O)CCC34C)C2CCC1(O)C(=O)CO,1,-7.805904865264893,-0.9378142952919006
CC12CC(O)C3C(CCC4=CC(=O)CCC34C)C2CCC1(O)C(=O)CO,2,-7.806163311004639,-0.9378466606140137
CC12CC(O)C3C(CCC4=CC(=O)CCC34C)C2CCC1(O)C(=O)CO,3,-7.804218292236328,-0.9376063346862793
CC12CC(O)C3C(CCC4=CC(=O)CCC34C)C2CCC1(O)C(=O)CO,4,-7.806372165679932,-0.9378725290298462
c1cncnc1,1,-8.735468864440918,-1.053022027015686
c1cncnc1,2,-8.73575496673584,-1.0530571937561035
c1cncnc1,3,-8.736845970153809,-1.0531909465789795
c1cncnc1,4,-8.735895156860352,-1.0530751943588257
CCC(=O)OC,1,-7.68325138092041,-0.9225687384605408
CCC(=O)OC,2,-7.683298587799072,-0.9225756525993347
CCC(=O)OC,3,-7.683402061462402,-0.9225886464118958
CCC(=O)OC,4,-7.683155059814453,-0.9225576519966125
O=N(=O)c1ccccc1,1,-8.48978328704834,-1.0226027965545654
O=N(=O)c1ccccc1,2,-8.489483833312988,-1.0225660800933838
O=N(=O)c1ccccc1,3,-8.488694190979004,-1.0224686861038208
O=N(=O)c1ccccc1,4,-8.489091873168945,-1.0225173234939575
COc1ccccc1OCC(O)COC(N)=O,1,-8.091814041137695,-0.9733231067657471
COc1ccccc1OCC(O)COC(N)=O,2,-8.09121036529541,-0.9732459783554077
COc1ccccc1OCC(O)COC(N)=O,3,-8.089740753173828,-0.9730656147003174
COc1ccccc1OCC(O)COC(N)=O,4,-8.088852882385254,-0.9729557037353516
CCCC(=O)OC,1,-7.633394718170166,-0.9163907766342163
CCCC(=O)OC,2,-7.6331071853637695,-0.9163539409637451
CCCC(=O)OC,3,-7.632978439331055,-0.9163393974304199
CCCC(=O)OC,4,-7.633166313171387,-0.9163621068000793
Nc3nc(N)c2nc(c1ccccc1)c(N)nc2n3,1,-8.588561058044434,-1.0350028276443481
Nc3nc(N)c2nc(c1ccccc1)c(N)nc2n3,2,-8.589706420898438,-1.0351468324661255
Nc3nc(N)c2nc(c1ccccc1)c(N)nc2n3,3,-8.590813636779785,-1.0352840423583984
Nc3nc(N)c2nc(c1ccccc1)c(N)nc2n3,4,-8.591700553894043,-1.0353957414627075
CCCCCC(=O)OCC,1,-7.557196617126465,-0.9069305658340454
CCCCCC(=O)OCC,2,-7.557766914367676,-0.9070014357566833
CCCCCC(=O)OCC,3,-7.558923244476318,-0.9071451425552368
CCCCCC(=O)OCC,4,-7.55526876449585,-0.9066911935806274
CN(C=Nc1ccc(C)cc1C)C=Nc2ccc(C)cc2C,1,-7.964816093444824,-0.9574168920516968
CN(C=Nc1ccc(C)cc1C)C=Nc2ccc(C)cc2C,2,-7.964428424835205,-0.9573689103126526
CN(C=Nc1ccc(C)cc1C)C=Nc2ccc(C)cc2C,3,-7.966073036193848,-0.9575732350349426
CN(C=Nc1ccc(C)cc1C)C=Nc2ccc(C)cc2C,4,-7.966053485870361,-0.9575706124305725
COc1nc(NC(C)C)nc(NC(C)C)n1,1,-7.972450256347656,-0.9584177136421204
COc1nc(NC(C)C)nc(NC(C)C)n1,2,-7.9747633934021,-0.9587029814720154
COc1nc(NC(C)C)nc(NC(C)C)n1,3,-7.973709583282471,-0.9585734605789185
COc1nc(NC(C)C)nc(NC(C)C)n1,4,-7.97363805770874,-0.9585646986961365
CCCCCCC=C,1,-7.3124680519104,-0.8764687180519104
CCCCCCC=C,2,-7.312744617462158,-0.876502275466919
CCCCCCC=C,3,-7.313362121582031,-0.8765788674354553
CCCCCCC=C,4,-7.311843395233154,-0.8763899803161621
Cc1ccc(N)cc1,1,-7.830113887786865,-0.9407433271408081
Cc1ccc(N)cc1,2,-7.8294525146484375,-0.9406613707542419
Cc1ccc(N)cc1,3,-7.8303985595703125,-0.9407790303230286
Cc1ccc(N)cc1,4,-7.829376697540283,-0.9406519532203674
c1ccccc1(OC(=O)NC),1,-8.21755313873291,-0.9888672828674316
c1ccccc1(OC(=O)NC),2,-8.218631744384766,-0.9890003204345703
c1ccccc1(OC(=O)NC),3,-8.218140602111816,-0.9889401197433472
c1ccccc1(OC(=O)NC),4,-8.218239784240723,-0.9889522790908813
CCCC(O)CC,1,-7.278477668762207,-0.8723111748695374
CCCC(O)CC,2,-7.278448104858398,-0.8723088502883911
CCCC(O)CC,3,-7.280220031738281,-0.8725289702415466
CCCC(O)CC,4,-7.279927730560303,-0.8724929690361023
c3ccc2c(O)c1ccccc1cc2c3 ,1,-8.293778419494629,-0.9983305931091309
c3ccc2c(O)c1ccccc1cc2c3 ,2,-8.294672966003418,-0.9984414577484131
c3ccc2c(O)c1ccccc1cc2c3 ,3,-8.293037414550781,-0.9982397556304932
c3ccc2c(O)c1ccccc1cc2c3 ,4,-8.29446029663086,-0.9984148740768433
Cc1ccc2cc3ccccc3cc2c1,1,-8.096456527709961,-0.9737801551818848
Cc1ccc2cc3ccccc3cc2c1,2,-8.095808029174805,-0.9737006425857544
Cc1ccc2cc3ccccc3cc2c1,3,-8.095553398132324,-0.973669171333313
Cc1ccc2cc3ccccc3cc2c1,4,-8.09658432006836,-0.9737958908081055
Cc1cccc(C)c1C,1,-7.579857349395752,-0.9096701741218567
Cc1cccc(C)c1C,2,-7.579450607299805,-0.9096200466156006
Cc1cccc(C)c1C,3,-7.579634189605713,-0.909641683101654
Cc1cccc(C)c1C,4,-7.580399990081787,-0.909737229347229
CNC(=O)Oc1ccc(N(C)C)c(C)c1,1,-7.9459757804870605,-0.9551354050636292
CNC(=O)Oc1ccc(N(C)C)c(C)c1,2,-7.945281505584717,-0.9550500512123108
CNC(=O)Oc1ccc(N(C)C)c(C)c1,3,-7.945169448852539,-0.9550362825393677
CNC(=O)Oc1ccc(N(C)C)c(C)c1,4,-7.94608736038208,-0.9551495909690857
CCCCCCCC(C)O,1,-7.301779270172119,-0.8751899600028992
CCCCCCCC(C)O,2,-7.300755023956299,-0.8750635385513306
CCCCCCCC(C)O,3,-7.301470756530762,-0.8751518130302429
CCCCCCCC(C)O,4,-7.302836894989014,-0.8753224015235901
CN(C(=O)NC(C)(C)c1ccccc1)c2ccccc2,1,-8.026575088500977,-0.9651057720184326
CN(C(=O)NC(C)(C)c1ccccc1)c2ccccc2,2,-8.026202201843262,-0.9650596380233765
CN(C(=O)NC(C)(C)c1ccccc1)c2ccccc2,3,-8.025249481201172,-0.9649417400360107
CN(C(=O)NC(C)(C)c1ccccc1)c2ccccc2,4,-8.025554656982422,-0.9649798274040222
CCCC(=O)CC,1,-7.456399440765381,-0.8944034576416016
CCCC(=O)CC,2,-7.4568305015563965,-0.8944567441940308
CCCC(=O)CC,3,-7.456259250640869,-0.8943854570388794
CCCC(=O)CC,4,-7.455943584442139,-0.8943461775779724
Oc1cccc2ncccc12 ,1,-8.455302238464355,-1.0183717012405396
Oc1cccc2ncccc12 ,2,-8.455025672912598,-1.0183380842208862
Oc1cccc2ncccc12 ,3,-8.454963684082031,-1.0183303356170654
Oc1cccc2ncccc12 ,4,-8.455716133117676,-1.0184228420257568
CCC1(CC)C(=O)NC(=O)N(C)C1=O ,1,-8.062044143676758,-0.9695054292678833
CCC1(CC)C(=O)NC(=O)N(C)C1=O ,2,-8.06222915649414,-0.9695284366607666
CCC1(CC)C(=O)NC(=O)N(C)C1=O ,3,-8.062080383300781,-0.9695093631744385
CCC1(CC)C(=O)NC(=O)N(C)C1=O ,4,-8.062488555908203,-0.9695601463317871
CC(=O)OCC(=O)C3CCC4C2CCC1=CC(=O)CCC1(C)C2CCC34C ,1,-7.808730125427246,-0.9381452202796936
CC(=O)OCC(=O)C3CCC4C2CCC1=CC(=O)CCC1(C)C2CCC34C ,2,-7.810688018798828,-0.9383878111839294
CC(=O)OCC(=O)C3CCC4C2CCC1=CC(=O)CCC1(C)C2CCC34C ,3,-7.810841083526611,-0.9384075403213501
CC(=O)OCC(=O)C3CCC4C2CCC1=CC(=O)CCC1(C)C2CCC34C ,4,-7.808334827423096,-0.9380961656570435
NC(=O)NCc1ccccc1 ,1,-8.131754875183105,-0.9782447814941406
NC(=O)NCc1ccccc1 ,2,-8.131730079650879,-0.9782416820526123
NC(=O)NCc1ccccc1 ,3,-8.132731437683105,-0.9783647060394287
NC(=O)NCc1ccccc1 ,4,-8.132018089294434,-0.9782769680023193
OC1CCCCCC1,1,-7.460428237915039,-0.8948798179626465
OC1CCCCCC1,2,-7.4602179527282715,-0.894853949546814
OC1CCCCCC1,3,-7.460179328918457,-0.8948484659194946
OC1CCCCCC1,4,-7.463834285736084,-0.8953019380569458
Oc1ccc(cc1)N(=O)=O,1,-8.483126640319824,-1.0218477249145508
Oc1ccc(cc1)N(=O)=O,2,-8.481545448303223,-1.0216515064239502
Oc1ccc(cc1)N(=O)=O,3,-8.481663703918457,-1.0216659307479858
Oc1ccc(cc1)N(=O)=O,4,-8.482782363891602,-1.0218048095703125
C1CCOC1,1,-7.616561412811279,-0.9142969846725464
C1CCOC1,2,-7.617883682250977,-0.9144595265388489
C1CCOC1,3,-7.61724853515625,-0.914381206035614
C1CCOC1,4,-7.6173996925354,-0.9144002199172974
Nc1ccccc1N(=O)=O,1,-8.38669204711914,-1.0099085569381714
Nc1ccccc1N(=O)=O,2,-8.387683868408203,-1.0100314617156982
Nc1ccccc1N(=O)=O,3,-8.386528968811035,-1.009888768196106
Nc1ccccc1N(=O)=O,4,-8.386578559875488,-1.009894847869873
CCCCC1C(=O)N(N(C1=O)c2ccccc2)c3ccccc3 ,1,-8.193246841430664,-0.9858112335205078
CCCCC1C(=O)N(N(C1=O)c2ccccc2)c3ccccc3 ,2,-8.192625999450684,-0.9857335090637207
CCCCC1C(=O)N(N(C1=O)c2ccccc2)c3ccccc3 ,3,-8.193022727966309,-0.985783576965332
CCCCC1C(=O)N(N(C1=O)c2ccccc2)c3ccccc3 ,4,-8.19328784942627,-0.9858157634735107
Cc1c(cccc1N(=O)=O)N(=O)=O,1,-8.48550796508789,-1.0221055746078491
Cc1c(cccc1N(=O)=O)N(=O)=O,2,-8.486259460449219,-1.0221980810165405
Cc1c(cccc1N(=O)=O)N(=O)=O,3,-8.486039161682129,-1.0221713781356812
Cc1c(cccc1N(=O)=O)N(=O)=O,4,-8.485657691955566,-1.022124171257019
CC(=O)C1CCC2C3CCC4=CC(=O)CCC4(C)C3CCC12C,1,-7.703193664550781,-0.9250190258026123
CC(=O)C1CCC2C3CCC4=CC(=O)CCC4(C)C3CCC12C,2,-7.701632499694824,-0.9248262047767639
CC(=O)C1CCC2C3CCC4=CC(=O)CCC4(C)C3CCC12C,3,-7.702185153961182,-0.924895167350769
CC(=O)C1CCC2C3CCC4=CC(=O)CCC4(C)C3CCC12C,4,-7.7020182609558105,-0.924874484539032
O=C1NC(=O)NC(=O)C1(C(C)CCC)CC=C,1,-8.004164695739746,-0.9623452425003052
O=C1NC(=O)NC(=O)C1(C(C)CCC)CC=C,2,-8.005780220031738,-0.9625465869903564
O=C1NC(=O)NC(=O)C1(C(C)CCC)CC=C,3,-8.003702163696289,-0.9622895121574402
O=C1NC(=O)NC(=O)C1(C(C)CCC)CC=C,4,-8.001484870910645,-0.9620151519775391
c1(O)c(C)ccc(C(C)C)c1,1,-7.654728889465332,-0.9190133213996887
c1(O)c(C)ccc(C(C)C)c1,2,-7.65371561050415,-0.9188883304595947
c1(O)c(C)ccc(C(C)C)c1,3,-7.65435791015625,-0.9189676642417908
c1(O)c(C)ccc(C(C)C)c1,4,-7.654403209686279,-0.9189726710319519
Oc1ccc(c(O)c1)c3oc2cc(O)cc(O)c2c(=O)c3O ,1,-8.536893844604492,-1.0286446809768677
Oc1ccc(c(O)c1)c3oc2cc(O)cc(O)c2c(=O)c3O ,2,-8.537282943725586,-1.0286930799484253
Oc1ccc(c(O)c1)c3oc2cc(O)cc(O)c2c(=O)c3O ,3,-8.537363052368164,-1.028703212738037
Oc1ccc(c(O)c1)c3oc2cc(O)cc(O)c2c(=O)c3O ,4,-8.539984703063965,-1.0290300846099854
C1CCCCC1,1,-7.333137512207031,-0.8790367245674133
C1CCCCC1,2,-7.333077430725098,-0.8790298700332642
C1CCCCC1,3,-7.333026885986328,-0.8790241479873657
C1CCCCC1,4,-7.333017349243164,-0.8790227770805359
CC34CCc1c(ccc2cc(O)ccc12)C3CCC4=O,1,-8.019357681274414,-0.9642781019210815
CC34CCc1c(ccc2cc(O)ccc12)C3CCC4=O,2,-8.018211364746094,-0.9641382694244385
CC34CCc1c(ccc2cc(O)ccc12)C3CCC4=O,3,-8.018157958984375,-0.9641316533088684
CC34CCc1c(ccc2cc(O)ccc12)C3CCC4=O,4,-8.018198013305664,-0.9641367793083191
CCCCCCCCO,1,-7.304561138153076,-0.8755365610122681
CCCCCCCCO,2,-7.305214881896973,-0.8756179213523865
CCCCCCCCO,3,-7.305098056793213,-0.8756023049354553
CCCCCCCCO,4,-7.304715156555176,-0.8755571246147156
Nc1ccc(cc1)N(=O)=O,1,-8.386429786682129,-1.0098748207092285
Nc1ccc(cc1)N(=O)=O,2,-8.38534927368164,-1.0097416639328003
Nc1ccc(cc1)N(=O)=O,3,-8.38536548614502,-1.0097434520721436
Nc1ccc(cc1)N(=O)=O,4,-8.387240409851074,-1.0099756717681885
OCC1OC(OC2C(O)C(O)C(O)OC2CO)C(O)C(O)C1O,1,-7.892226219177246,-0.9485899806022644
OCC1OC(OC2C(O)C(O)C(O)OC2CO)C(O)C(O)C1O,2,-7.89580774307251,-0.9490353465080261
OCC1OC(OC2C(O)C(O)C(O)OC2CO)C(O)C(O)C1O,3,-7.893929958343506,-0.9488013386726379
OCC1OC(OC2C(O)C(O)C(O)OC2CO)C(O)C(O)C1O,4,-7.894021987915039,-0.9488150477409363
CCN2c1ncccc1N(CC)C(=O)c3cccnc23 ,1,-8.37311840057373,-1.0080515146255493
CCN2c1ncccc1N(CC)C(=O)c3cccnc23 ,2,-8.371225357055664,-1.0078164339065552
CCN2c1ncccc1N(CC)C(=O)c3cccnc23 ,3,-8.370955467224121,-1.0077831745147705
CCN2c1ncccc1N(CC)C(=O)c3cccnc23 ,4,-8.372196197509766,-1.0079364776611328
CCCCCCCC=C,1,-7.315694808959961,-0.8768690228462219
CCCCCCCC=C,2,-7.316748142242432,-0.8769989013671875
CCCCCCCC=C,3,-7.315343379974365,-0.8768242001533508
CCCCCCCC=C,4,-7.315872669219971,-0.8768916726112366
CCC(C)(O)CC,1,-7.248749732971191,-0.8686355948448181
CCC(C)(O)CC,2,-7.246598720550537,-0.8683685660362244
CCC(C)(O)CC,3,-7.247427463531494,-0.8684712052345276
CCC(C)(O)CC,4,-7.248241901397705,-0.868571937084198
CCCCCc1ccccc1,1,-7.58840799331665,-0.9107058644294739
CCCCCc1ccccc1,2,-7.5867815017700195,-0.910505473613739
CCCCCc1ccccc1,3,-7.588015079498291,-0.9106595516204834
CCCCCc1ccccc1,4,-7.5891947746276855,-0.9108058214187622
NC(=O)NC1NC(=O)NC1=O ,1,-8.604997634887695,-1.0372531414031982
NC(=O)NC1NC(=O)NC1=O ,2,-8.604681015014648,-1.0372142791748047
NC(=O)NC1NC(=O)NC1=O ,3,-8.602578163146973,-1.0369541645050049
NC(=O)NC1NC(=O)NC1=O ,4,-8.602117538452148,-1.0368963479995728
CC(=O)OC3CCC4C2CCC1=CC(=O)CCC1(C)C2CCC34C ,1,-7.756883144378662,-0.931702733039856
CC(=O)OC3CCC4C2CCC1=CC(=O)CCC1(C)C2CCC34C ,2,-7.758123874664307,-0.9318572282791138
CC(=O)OC3CCC4C2CCC1=CC(=O)CCC1(C)C2CCC34C ,3,-7.755902290344238,-0.9315823912620544
CC(=O)OC3CCC4C2CCC1=CC(=O)CCC1(C)C2CCC34C ,4,-7.7570061683654785,-0.9317188262939453
CCN2c1ccccc1N(C)C(=O)c3ccccc23 ,1,-8.210962295532227,-0.9879781007766724
CCN2c1ccccc1N(C)C(=O)c3ccccc23 ,2,-8.210814476013184,-0.9879602193832397
CCN2c1ccccc1N(C)C(=O)c3ccccc23 ,3,-8.2103853225708,-0.9879064559936523
CCN2c1ccccc1N(C)C(=O)c3ccccc23 ,4,-8.210775375366211,-0.9879552125930786
CCCCC(C)O,1,-7.28032922744751,-0.8725422024726868
CCCCC(C)O,2,-7.280239105224609,-0.8725305199623108
CCCCC(C)O,3,-7.281210422515869,-0.8726506233215332
CCCCC(C)O,4,-7.281323432922363,-0.8726651668548584
CCCC1CCCC1,1,-7.306419849395752,-0.8757274746894836
CCCC1CCCC1,2,-7.306597709655762,-0.875750720500946
CCCC1CCCC1,3,-7.305687427520752,-0.8756378889083862
CCCC1CCCC1,4,-7.305932521820068,-0.8756690621376038
CCOC(=O)c1cncn1C(C)c2ccccc2,1,-8.181533813476562,-0.9843597412109375
CCOC(=O)c1cncn1C(C)c2ccccc2,2,-8.18150806427002,-0.9843560457229614
CCOC(=O)c1cncn1C(C)c2ccccc2,3,-8.181105613708496,-0.984307050704956
CCOC(=O)c1cncn1C(C)c2ccccc2,4,-8.182355880737305,-0.9844622611999512
c2ccc1ocnc1c2,1,-8.660721778869629,-1.043837308883667
c2ccc1ocnc1c2,2,-8.663620948791504,-1.0441950559616089
c2ccc1ocnc1c2,3,-8.661256790161133,-1.0439035892486572
c2ccc1ocnc1c2,4,-8.660368919372559,-1.0437934398651123
CCCCCO,1,-7.278729438781738,-0.8723440170288086
CCCCCO,2,-7.2788405418396,-0.8723629117012024
CCCCCO,3,-7.278000354766846,-0.8722571730613708
CCCCCO,4,-7.279740333557129,-0.8724705576896667
CCN(CC)c1ccccc1,1,-7.720010757446289,-0.9270143508911133
CCN(CC)c1ccccc1,2,-7.7208404541015625,-0.9271167516708374
CCN(CC)c1ccccc1,3,-7.721105098724365,-0.9271488785743713
CCN(CC)c1ccccc1,4,-7.720925807952881,-0.927126944065094
Fc1cccc(F)c1,1,-8.458409309387207,-1.0183136463165283
Fc1cccc(F)c1,2,-8.459125518798828,-1.0184017419815063
Fc1cccc(F)c1,3,-8.459123611450195,-1.0184017419815063
Fc1cccc(F)c1,4,-8.460585594177246,-1.018581509590149
CC(C)(C)Cc1ccccc1,1,-7.5445146560668945,-0.9052742123603821
CC(C)(C)Cc1ccccc1,2,-7.544444561004639,-0.9052660465240479
CC(C)(C)Cc1ccccc1,3,-7.544708728790283,-0.9052980542182922
CC(C)(C)Cc1ccccc1,4,-7.544331073760986,-0.9052514433860779
O=C1NC(=O)NC(=O)C1(CC)c1ccccc1,1,-8.366558074951172,-1.007354736328125
O=C1NC(=O)NC(=O)C1(CC)c1ccccc1,2,-8.367971420288086,-1.0075314044952393
O=C1NC(=O)NC(=O)C1(CC)c1ccccc1,3,-8.368121147155762,-1.0075498819351196
O=C1NC(=O)NC(=O)C1(CC)c1ccccc1,4,-8.368310928344727,-1.0075733661651611
c2ccc1[nH]nnc1c2,1,-8.540953636169434,-1.0291484594345093
c2ccc1[nH]nnc1c2,2,-8.541956901550293,-1.0292714834213257
c2ccc1[nH]nnc1c2,3,-8.542071342468262,-1.029286503791809
c2ccc1[nH]nnc1c2,4,-8.540752410888672,-1.0291234254837036
CNC(=O)Oc1cccc2CC(C)(C)Oc12,1,-8.04358196258545,-0.9672891497612
CNC(=O)Oc1cccc2CC(C)(C)Oc12,2,-8.04231071472168,-0.9671319723129272
CNC(=O)Oc1cccc2CC(C)(C)Oc12,3,-8.042715072631836,-0.9671816825866699
CNC(=O)Oc1cccc2CC(C)(C)Oc12,4,-8.043274879455566,-0.967251181602478
Cc1cccc(C)c1O,1,-7.78382682800293,-0.9350464940071106
Cc1cccc(C)c1O,2,-7.783756732940674,-0.9350383281707764
Cc1cccc(C)c1O,3,-7.7834391593933105,-0.9349986910820007
Cc1cccc(C)c1O,4,-7.784799098968506,-0.9351669549942017
CC(C)C(C)O,1,-7.240992546081543,-0.867675244808197
CC(C)C(C)O,2,-7.242977619171143,-0.8679206371307373
CC(C)C(C)O,3,-7.240264415740967,-0.8675848245620728
CC(C)C(C)O,4,-7.24048376083374,-0.8676112294197083
c1ccccc1C(O)c2ccccc2,1,-8.118840217590332,-0.976598858833313
c1ccccc1C(O)c2ccccc2,2,-8.117072105407715,-0.9763807058334351
c1ccccc1C(O)c2ccccc2,3,-8.117051124572754,-0.9763782024383545
c1ccccc1C(O)c2ccccc2,4,-8.116792678833008,-0.9763466119766235
CCCCCCCCCC(=O)OC,1,-7.498127460479736,-0.8995911478996277
CCCCCCCCCC(=O)OC,2,-7.499300956726074,-0.8997377753257751
CCCCCCCCCC(=O)OC,3,-7.49910831451416,-0.8997145295143127
CCCCCCCCCC(=O)OC,4,-7.499401092529297,-0.8997496366500854
CN(C)C(=O)Oc1nc(nc(C)c1C)N(C)C,1,-8.0472993850708,-0.9676561951637268
CN(C)C(=O)Oc1nc(nc(C)c1C)N(C)C,2,-8.04736614227295,-0.9676644206047058
CN(C)C(=O)Oc1nc(nc(C)c1C)N(C)C,3,-8.047098159790039,-0.9676312804222107
CN(C)C(=O)Oc1nc(nc(C)c1C)N(C)C,4,-8.047307014465332,-0.9676570296287537
CCCC(C)C,1,-7.112422466278076,-0.8516649007797241
CCCC(C)C,2,-7.112799167633057,-0.8517120480537415
CCCC(C)C,3,-7.113670825958252,-0.8518214225769043
CCCC(C)C,4,-7.113410949707031,-0.8517879843711853
ON=Cc1ccc(o1)N(=O)=O ,1,-8.647136688232422,-1.042255163192749
ON=Cc1ccc(o1)N(=O)=O ,2,-8.647193908691406,-1.042262315750122
ON=Cc1ccc(o1)N(=O)=O ,3,-8.648425102233887,-1.0424143075942993
ON=Cc1ccc(o1)N(=O)=O ,4,-8.639053344726562,-1.0412529706954956
Nc1nc[nH]n1,1,-8.196456909179688,-0.9869741201400757
Nc1nc[nH]n1,2,-8.196850776672363,-0.9870227575302124
Nc1nc[nH]n1,3,-8.196309089660645,-0.9869558811187744
Nc1nc[nH]n1,4,-8.195036888122559,-0.986798882484436
OCc1ccccc1,1,-7.949540615081787,-0.9556196331977844
OCc1ccccc1,2,-7.949623107910156,-0.9556300044059753
OCc1ccccc1,3,-7.954662799835205,-0.9562537670135498
OCc1ccccc1,4,-7.954738140106201,-0.9562632441520691
O=c2c(C3CCCc4ccccc43)c(O)c1ccccc1o2 ,1,-8.241920471191406,-0.9919188022613525
O=c2c(C3CCCc4ccccc43)c(O)c1ccccc1o2 ,2,-8.242515563964844,-0.9919918775558472
O=c2c(C3CCCc4ccccc43)c(O)c1ccccc1o2 ,3,-8.241201400756836,-0.9918290376663208
O=c2c(C3CCCc4ccccc43)c(O)c1ccccc1o2 ,4,-8.24112606048584,-0.9918200969696045
CC(C)CC(C)(C)C,1,-7.116879463195801,-0.8522272109985352
CC(C)CC(C)(C)C,2,-7.116752624511719,-0.8522114157676697
CC(C)CC(C)(C)C,3,-7.116832256317139,-0.8522223234176636
CC(C)CC(C)(C)C,4,-7.117234230041504,-0.8522718548774719
O=N(=O)c1cc(cc(c1)N(=O)=O)N(=O)=O,1,-8.807501792907715,-1.0621585845947266
O=N(=O)c1cc(cc(c1)N(=O)=O)N(=O)=O,2,-8.807936668395996,-1.062212586402893
O=N(=O)c1cc(cc(c1)N(=O)=O)N(=O)=O,3,-8.807784080505371,-1.062193512916565
O=N(=O)c1cc(cc(c1)N(=O)=O)N(=O)=O,4,-8.809112548828125,-1.062358021736145
CN2C(=O)CN=C(c1ccccc1)c3cc(ccc23)N(=O)=O,1,-8.516487121582031,-1.025917887687683
CN2C(=O)CN=C(c1ccccc1)c3cc(ccc23)N(=O)=O,2,-8.516201972961426,-1.0258830785751343
CN2C(=O)CN=C(c1ccccc1)c3cc(ccc23)N(=O)=O,3,-8.516031265258789,-1.025862455368042
CN2C(=O)CN=C(c1ccccc1)c3cc(ccc23)N(=O)=O,4,-8.516339302062988,-1.0259003639221191
CCC,1,-6.969522953033447,-0.8339316248893738
CCC,2,-6.969470977783203,-0.8339266180992126
CCC,3,-6.969402313232422,-0.8339173793792725
CCC,4,-6.969467639923096,-0.8339248895645142
Nc1cc(nc(N)n1=O)N2CCCCC2 ,1,-8.101789474487305,-0.9745340347290039
Nc1cc(nc(N)n1=O)N2CCCCC2 ,2,-8.102558135986328,-0.9746303558349609
Nc1cc(nc(N)n1=O)N2CCCCC2 ,3,-8.102668762207031,-0.9746439456939697
Nc1cc(nc(N)n1=O)N2CCCCC2 ,4,-8.102557182312012,-0.9746304750442505
Nc2cccc3nc1ccccc1cc23 ,1,-8.39498233795166,-1.0108426809310913
Nc2cccc3nc1ccccc1cc23 ,2,-8.3948974609375,-1.0108323097229004
Nc2cccc3nc1ccccc1cc23 ,3,-8.393853187561035,-1.010703682899475
Nc2cccc3nc1ccccc1cc23 ,4,-8.393580436706543,-1.0106698274612427
c1ccc2cc3c4cccc5cccc(c3cc2c1)c45,1,-8.33187198638916,-1.003011703491211
c1ccc2cc3c4cccc5cccc(c3cc2c1)c45,2,-8.331156730651855,-1.0029237270355225
c1ccc2cc3c4cccc5cccc(c3cc2c1)c45,3,-8.332099914550781,-1.003040075302124
c1ccc2cc3c4cccc5cccc(c3cc2c1)c45,4,-8.333077430725098,-1.003160834312439
C1Cc2cccc3cccc1c23,1,-8.065452575683594,-0.9699382781982422
C1Cc2cccc3cccc1c23,2,-8.063935279846191,-0.9697506427764893
C1Cc2cccc3cccc1c23,3,-8.065890312194824,-0.9699923992156982
C1Cc2cccc3cccc1c23,4,-8.065159797668457,-0.9699016809463501
Oc1ccc(cc1)c2ccccc2,1,-8.198354721069336,-0.9864790439605713
Oc1ccc(cc1)c2ccccc2,2,-8.197111129760742,-0.9863262176513672
Oc1ccc(cc1)c2ccccc2,3,-8.19839096069336,-0.9864836931228638
Oc1ccc(cc1)c2ccccc2,4,-8.198336601257324,-0.9864771366119385
CC1=C(CCCO1)C(=O)Nc2ccccc2 ,1,-8.09819507598877,-0.9740403890609741
CC1=C(CCCO1)C(=O)Nc2ccccc2 ,2,-8.098184585571289,-0.9740391969680786
CC1=C(CCCO1)C(=O)Nc2ccccc2 ,3,-8.097575187683105,-0.9739642143249512
CC1=C(CCCO1)C(=O)Nc2ccccc2 ,4,-8.097868919372559,-0.9739998579025269
CCOC=C,1,-7.607794761657715,-0.9131875038146973
CCOC=C,2,-7.607854843139648,-0.9131946563720703
CCOC=C,3,-7.607945442199707,-0.913206160068512
CCOC=C,4,-7.605659008026123,-0.9129217267036438
CCC#C,1,-7.513415336608887,-0.9013850688934326
CCC#C,2,-7.513360500335693,-0.9013777375221252
CCC#C,3,-7.51347017288208,-0.9013912677764893
CCC#C,4,-7.513060569763184,-0.9013396501541138
COc1ncnc2nccnc12 ,1,-8.945802688598633,-1.0791566371917725
COc1ncnc2nccnc12 ,2,-8.9475679397583,-1.0793743133544922
COc1ncnc2nccnc12 ,3,-8.947863578796387,-1.0794106721878052
COc1ncnc2nccnc12 ,4,-8.946417808532715,-1.0792319774627686
CCCCC(C)(O)CC,1,-7.269853115081787,-0.8712400197982788
CCCCC(C)(O)CC,2,-7.2721781730651855,-0.8715301156044006
CCCCC(C)(O)CC,3,-7.2714715003967285,-0.8714420199394226
CCCCC(C)(O)CC,4,-7.2705888748168945,-0.8713328242301941
O=C1N(COC(=O)C)C(=O)C(N1)(c2ccccc2)c3ccccc3,1,-8.413102149963379,-1.0131362676620483
O=C1N(COC(=O)C)C(=O)C(N1)(c2ccccc2)c3ccccc3,2,-8.41319751739502,-1.0131484270095825
O=C1N(COC(=O)C)C(=O)C(N1)(c2ccccc2)c3ccccc3,3,-8.414191246032715,-1.0132712125778198
O=C1N(COC(=O)C)C(=O)C(N1)(c2ccccc2)c3ccccc3,4,-8.414003372192383,-1.013248324394226
Cc1c[nH]c2ccccc12 ,1,-8.086339950561523,-0.972519040107727
Cc1c[nH]c2ccccc12 ,2,-8.085336685180664,-0.972395658493042
Cc1c[nH]c2ccccc12 ,3,-8.085245132446289,-0.9723840951919556
Cc1c[nH]c2ccccc12 ,4,-8.0851411819458,-0.9723716974258423
COc2ncc1nccnc1n2,1,-8.9579439163208,-1.0806392431259155
COc2ncc1nccnc1n2,2,-8.95743465423584,-1.0805771350860596
COc2ncc1nccnc1n2,3,-8.959774017333984,-1.0808653831481934
COc2ncc1nccnc1n2,4,-8.957969665527344,-1.080642819404602
CNC(=O)Oc1ccccc1C2OCCO2,1,-8.219073295593262,-0.9890878200531006
CNC(=O)Oc1ccccc1C2OCCO2,2,-8.219030380249023,-0.9890836477279663
CNC(=O)Oc1ccccc1C2OCCO2,3,-8.21883773803711,-0.9890589714050293
CNC(=O)Oc1ccccc1C2OCCO2,4,-8.219449043273926,-0.9891352653503418
C1N(C(=O)NCC(C)C)C(=O)NC1,1,-8.006426811218262,-0.96260005235672
C1N(C(=O)NCC(C)C)C(=O)NC1,2,-8.0074462890625,-0.9627260565757751
C1N(C(=O)NCC(C)C)C(=O)NC1,3,-8.012223243713379,-0.9633168578147888
C1N(C(=O)NCC(C)C)C(=O)NC1,4,-8.01196575164795,-0.9632853269577026
CC#N,1,-8.117043495178223,-0.9762471914291382
CC#N,2,-8.116681098937988,-0.976203441619873
CC#N,3,-8.116759300231934,-0.9762130975723267
CC#N,4,-8.116748809814453,-0.9762102365493774
CCOC(=O)NCCOc2ccc(Oc1ccccc1)cc2,1,-8.183601379394531,-0.9846631288528442
CCOC(=O)NCCOc2ccc(Oc1ccccc1)cc2,2,-8.182229995727539,-0.9844926595687866
CCOC(=O)NCCOc2ccc(Oc1ccccc1)cc2,3,-8.182417869567871,-0.9845161437988281
CCOC(=O)NCCOc2ccc(Oc1ccccc1)cc2,4,-8.183209419250488,-0.9846140146255493
CCCCO,1,-7.262574195861816,-0.870347261428833
CCCCO,2,-7.260768890380859,-0.8701249361038208
CCCCO,3,-7.2614240646362305,-0.8702042102813721
CCCCO,4,-7.261821269989014,-0.8702555894851685
CC1CCCCC1NC(=O)Nc2ccccc2,1,-7.9140849113464355,-0.9511446952819824
CC1CCCCC1NC(=O)Nc2ccccc2,2,-7.914276123046875,-0.9511688947677612
CC1CCCCC1NC(=O)Nc2ccccc2,3,-7.914246559143066,-0.9511657357215881
CC1CCCCC1NC(=O)Nc2ccccc2,4,-7.914457321166992,-0.9511920809745789
O=Cc1ccco1,1,-8.530354499816895,-1.027756929397583
O=Cc1ccco1,2,-8.532681465148926,-1.028046727180481
O=Cc1ccco1,3,-8.534769058227539,-1.0283044576644897
O=Cc1ccco1,4,-8.534920692443848,-1.0283235311508179
CC(C)CCO,1,-7.2542314529418945,-0.86931312084198
CC(C)CCO,2,-7.254301071166992,-0.869323194026947
CC(C)CCO,3,-7.252884387969971,-0.869146466255188
CC(C)CCO,4,-7.251041412353516,-0.8689185380935669
O=Cc2ccc1OCOc1c2 ,1,-8.507380485534668,-1.0249264240264893
O=Cc2ccc1OCOc1c2 ,2,-8.504359245300293,-1.0245534181594849
O=Cc2ccc1OCOc1c2 ,3,-8.506148338317871,-1.0247738361358643
O=Cc2ccc1OCOc1c2 ,4,-8.506250381469727,-1.0247864723205566
CC(=C)C,1,-7.221081256866455,-0.8651406168937683
CC(=C)C,2,-7.221541404724121,-0.8651975393295288
CC(=C)C,3,-7.221186637878418,-0.8651534914970398
CC(=C)C,4,-7.221343517303467,-0.8651729822158813
O=Cc1ccccc1,1,-8.2490234375,-0.9927792549133301
O=Cc1ccccc1,2,-8.248733520507812,-0.9927432537078857
O=Cc1ccccc1,3,-8.248189926147461,-0.9926762580871582
O=Cc1ccccc1,4,-8.248309135437012,-0.9926908016204834
CC(=C)C(=C)C,1,-7.382065296173096,-0.885115385055542
CC(=C)C(=C)C,2,-7.381667137145996,-0.8850674033164978
CC(=C)C(=C)C,3,-7.382618427276611,-0.8851845860481262
CC(=C)C(=C)C,4,-7.38241720199585,-0.8851591944694519
O2c1ccccc1N(C)C(=O)c3cccnc23 ,1,-8.588459968566895,-1.0348570346832275
O2c1ccccc1N(C)C(=O)c3cccnc23 ,2,-8.588068008422852,-1.0348087549209595
O2c1ccccc1N(C)C(=O)c3cccnc23 ,3,-8.58836841583252,-1.0348461866378784
O2c1ccccc1N(C)C(=O)c3cccnc23 ,4,-8.587684631347656,-1.0347614288330078
C1c2ccccc2c3ccccc13,1,-8.149972915649414,-0.9804234504699707
C1c2ccccc2c3ccccc13,2,-8.149374008178711,-0.9803494215011597
C1c2ccccc2c3ccccc13,3,-8.151128768920898,-0.9805662631988525
C1c2ccccc2c3ccccc13,4,-8.149734497070312,-0.9803940057754517
CC1CCCCC1,1,-7.308831214904785,-0.8760255575180054
CC1CCCCC1,2,-7.309816360473633,-0.8761493563652039
CC1CCCCC1,3,-7.3098464012146,-0.8761520385742188
CC1CCCCC1,4,-7.310022354125977,-0.8761734366416931
COC(=O)c1ccc(O)cc1,1,-8.193406105041504,-0.9859498739242554
COC(=O)c1ccc(O)cc1,2,-8.192717552185059,-0.9858642816543579
COC(=O)c1ccc(O)cc1,3,-8.194174766540527,-0.9860444068908691
COC(=O)c1ccc(O)cc1,4,-8.192737579345703,-0.9858667850494385
CC1CCCO1,1,-7.548820972442627,-0.9058843851089478
CC1CCCO1,2,-7.548560619354248,-0.9058528542518616
CC1CCCO1,3,-7.548769950866699,-0.9058768153190613
CC1CCCO1,4,-7.549941062927246,-0.9060235023498535
CC3C2CCC1(C)C=CC(=O)C(=C1C2OC3=O)C,1,-7.9387688636779785,-0.9542980194091797
CC3C2CCC1(C)C=CC(=O)C(=C1C2OC3=O)C,2,-7.939302921295166,-0.9543638229370117
CC3C2CCC1(C)C=CC(=O)C(=C1C2OC3=O)C,3,-7.938519477844238,-0.9542680382728577
CC3C2CCC1(C)C=CC(=O)C(=C1C2OC3=O)C,4,-7.940047264099121,-0.9544580578804016
OCC2OC(Oc1ccccc1CO)C(O)C(O)C2O,1,-8.011467933654785,-0.9633923172950745
OCC2OC(Oc1ccccc1CO)C(O)C(O)C2O,2,-8.011985778808594,-0.9634557366371155
OCC2OC(Oc1ccccc1CO)C(O)C(O)C2O,3,-8.01351261138916,-0.9636458158493042
OCC2OC(Oc1ccccc1CO)C(O)C(O)C2O,4,-8.010525703430176,-0.9632739424705505
CCCO,1,-7.233822345733643,-0.8667869567871094
CCCO,2,-7.231361389160156,-0.8664817810058594
CCCO,3,-7.232303619384766,-0.8666001558303833
CCCO,4,-7.234447002410889,-0.866864800453186
CC(=O)C1(O)CCC2C3CCC4=CC(=O)CCC4(C)C3CCC21C,1,-7.73749303817749,-0.929294764995575
CC(=O)C1(O)CCC2C3CCC4=CC(=O)CCC4(C)C3CCC21C,2,-7.736023902893066,-0.9291128516197205
CC(=O)C1(O)CCC2C3CCC4=CC(=O)CCC4(C)C3CCC21C,3,-7.735490798950195,-0.9290462732315063
CC(=O)C1(O)CCC2C3CCC4=CC(=O)CCC4(C)C3CCC21C,4,-7.734561443328857,-0.928931474685669
CCCC(C)O,1,-7.266634464263916,-0.8708481192588806
CCCC(C)O,2,-7.267481803894043,-0.8709543943405151
CCCC(C)O,3,-7.269250869750977,-0.8711743950843811
CCCC(C)O,4,-7.269382476806641,-0.8711906671524048
OC(C(=O)c1ccccc1)c2ccccc2,1,-8.239437103271484,-0.9915984869003296
OC(C(=O)c1ccccc1)c2ccccc2,2,-8.240936279296875,-0.9917832612991333
OC(C(=O)c1ccccc1)c2ccccc2,3,-8.237972259521484,-0.9914184808731079
OC(C(=O)c1ccccc1)c2ccccc2,4,-8.23813533782959,-0.9914381504058838
Cc1ccc(O)c(C)c1,1,-7.785959243774414,-0.9353111386299133
Cc1ccc(O)c(C)c1,2,-7.786750793457031,-0.9354093074798584
Cc1ccc(O)c(C)c1,3,-7.786280155181885,-0.9353502988815308
Cc1ccc(O)c(C)c1,4,-7.78426456451416,-0.9351016879081726
Cc2c(N)c(=O)n(c1ccccc1)n2C,1,-8.183610916137695,-0.9846408367156982
Cc2c(N)c(=O)n(c1ccccc1)n2C,2,-8.184982299804688,-0.9848099946975708
Cc2c(N)c(=O)n(c1ccccc1)n2C,3,-8.183996200561523,-0.9846878051757812
Cc2c(N)c(=O)n(c1ccccc1)n2C,4,-8.185161590576172,-0.9848322868347168
CCC(C)CCO,1,-7.264692306518555,-0.8706054091453552
CCC(C)CCO,2,-7.267484188079834,-0.8709525465965271
CCC(C)CCO,3,-7.266310691833496,-0.8708068132400513
CCC(C)CCO,4,-7.265594482421875,-0.8707176446914673
Cc2ncc1nccnc1n2,1,-8.90402889251709,-1.073904037475586
Cc2ncc1nccnc1n2,2,-8.903765678405762,-1.0738716125488281
Cc2ncc1nccnc1n2,3,-8.905924797058105,-1.0741376876831055
Cc2ncc1nccnc1n2,4,-8.904475212097168,-1.0739591121673584
CC23Cc1cnoc1C=C2CCC4C3CCC5(C)C4CCC5(O)C#C,1,-7.899233341217041,-0.9493316411972046
CC23Cc1cnoc1C=C2CCC4C3CCC5(C)C4CCC5(O)C#C,2,-7.899531841278076,-0.9493699669837952
CC23Cc1cnoc1C=C2CCC4C3CCC5(C)C4CCC5(O)C#C,3,-7.899783611297607,-0.9494011402130127
CC23Cc1cnoc1C=C2CCC4C3CCC5(C)C4CCC5(O)C#C,4,-7.899381637573242,-0.9493513107299805
CC1OC(CC(O)C1O)OC2C(O)CC(OC2C)OC8C(O)CC(OC7CCC3(C)C(CCC4C3CC(O)C5(C)C(CCC45O)C6=CC(=O)OC6)C7)OC8C ,1,-7.8466877937316895,-0.9428872466087341
CC1OC(CC(O)C1O)OC2C(O)CC(OC2C)OC8C(O)CC(OC7CCC3(C)C(CCC4C3CC(O)C5(C)C(CCC45O)C6=CC(=O)OC6)C7)OC8C ,2,-7.8462066650390625,-0.9428284168243408
CC1OC(CC(O)C1O)OC2C(O)CC(OC2C)OC8C(O)CC(OC7CCC3(C)C(CCC4C3CC(O)C5(C)C(CCC45O)C6=CC(=O)OC6)C7)OC8C ,3,-7.846934795379639,-0.9429176449775696
CC1OC(CC(O)C1O)OC2C(O)CC(OC2C)OC8C(O)CC(OC7CCC3(C)C(CCC4C3CC(O)C5(C)C(CCC45O)C6=CC(=O)OC6)C7)OC8C ,4,-7.8456268310546875,-0.9427576065063477
FC(F)(F)c1ccccc1,1,-8.343381881713867,-1.003931999206543
FC(F)(F)c1ccccc1,2,-8.341508865356445,-1.0037015676498413
FC(F)(F)c1ccccc1,3,-8.342659950256348,-1.0038427114486694
FC(F)(F)c1ccccc1,4,-8.341629981994629,-1.003715991973877
CCCCCCOC(=O)c1ccccc1C(=O)OCCCCCC,1,-7.764638900756836,-0.9326786994934082
CCCCCCOC(=O)c1ccccc1C(=O)OCCCCCC,2,-7.7657880783081055,-0.932820737361908
CCCCCCOC(=O)c1ccccc1C(=O)OCCCCCC,3,-7.766229152679443,-0.9328756332397461
CCCCCCOC(=O)c1ccccc1C(=O)OCCCCCC,4,-7.765993595123291,-0.9328457117080688
CC(=O)CC(c1ccccc1)c3c(O)c2ccccc2oc3=O ,1,-8.279726028442383,-0.9966213703155518
CC(=O)CC(c1ccccc1)c3c(O)c2ccccc2oc3=O ,2,-8.279995918273926,-0.9966548681259155
CC(=O)CC(c1ccccc1)c3c(O)c2ccccc2oc3=O ,3,-8.280071258544922,-0.9966650009155273
CC(=O)CC(c1ccccc1)c3c(O)c2ccccc2oc3=O ,4,-8.282247543334961,-0.9969371557235718
c1ccccc1C(O)C(O)c2ccccc2,1,-8.095574378967285,-0.9737462997436523
c1ccccc1C(O)C(O)c2ccccc2,2,-8.096643447875977,-0.9738800525665283
c1ccccc1C(O)C(O)c2ccccc2,3,-8.093555450439453,-0.9734973907470703
c1ccccc1C(O)C(O)c2ccccc2,4,-8.096043586730957,-0.97380530834198
COC(=O)c1ccccc1C(=O)OC,1,-8.193340301513672,-0.9859405755996704
COC(=O)c1ccccc1C(=O)OC,2,-8.192289352416992,-0.9858106374740601
COC(=O)c1ccccc1C(=O)OC,3,-8.192546844482422,-0.985842227935791
COC(=O)c1ccccc1C(=O)OC,4,-8.193175315856934,-0.9859201908111572
CCCCCCCC(=O)OCC,1,-7.520626068115234,-0.9023861289024353
CCCCCCCC(=O)OCC,2,-7.5219221115112305,-0.9025488495826721
CCCCCCCC(=O)OCC,3,-7.520669460296631,-0.9023918509483337
CCCCCCCC(=O)OCC,4,-7.520028114318848,-0.9023125767707825
CCOCCOCC,1,-7.519291877746582,-0.902197539806366
CCOCCOCC,2,-7.519870281219482,-0.9022694230079651
CCOCCOCC,3,-7.519298076629639,-0.9021992683410645
CCOCCOCC,4,-7.520382404327393,-0.9023323059082031
Nc1ccc(cc1)c2ccc(N)cc2,1,-8.120783805847168,-0.9768368005752563
Nc1ccc(cc1)c2ccc(N)cc2,2,-8.121207237243652,-0.9768885374069214
Nc1ccc(cc1)c2ccc(N)cc2,3,-8.12103271484375,-0.976866602897644
Nc1ccc(cc1)c2ccc(N)cc2,4,-8.120759963989258,-0.9768334627151489
CCCCCC=C,1,-7.306492328643799,-0.8757249116897583
CCCCCC=C,2,-7.30692720413208,-0.8757784366607666
CCCCCC=C,3,-7.3084001541137695,-0.875962495803833
CCCCCC=C,4,-7.308043479919434,-0.8759171962738037
CCCCc1c(C)nc(NCC)[nH]c1=O,1,-7.8347697257995605,-0.941308319568634
CCCCc1c(C)nc(NCC)[nH]c1=O,2,-7.834434986114502,-0.9412676095962524
CCCCc1c(C)nc(NCC)[nH]c1=O,3,-7.833918571472168,-0.9412043690681458
CCCCc1c(C)nc(NCC)[nH]c1=O,4,-7.832777500152588,-0.9410625100135803
O=C1NC(=O)NC(=O)C1(CC)C(C)CCC,1,-7.932080268859863,-0.9533998370170593
O=C1NC(=O)NC(=O)C1(CC)C(C)CCC,2,-7.930319786071777,-0.9531823396682739
O=C1NC(=O)NC(=O)C1(CC)C(C)CCC,3,-7.930694580078125,-0.9532285332679749
O=C1NC(=O)NC(=O)C1(CC)C(C)CCC,4,-7.929286003112793,-0.9530545473098755
CCCCOC=O,1,-7.6725993156433105,-0.9212489128112793
CCCCOC=O,2,-7.669393539428711,-0.9208508133888245
CCCCOC=O,3,-7.672255516052246,-0.9212055802345276
CCCCOC=O,4,-7.670171737670898,-0.9209474325180054
CC12CC(O)C3C(CCC4=CC(=O)C=CC34C)C2CCC1(O)C(=O)CO,1,-7.868620872497559,-0.9456016421318054
CC12CC(O)C3C(CCC4=CC(=O)C=CC34C)C2CCC1(O)C(=O)CO,2,-7.868597984313965,-0.945597231388092
CC12CC(O)C3C(CCC4=CC(=O)C=CC34C)C2CCC1(O)C(=O)CO,3,-7.867380142211914,-0.9454466700553894
CC12CC(O)C3C(CCC4=CC(=O)C=CC34C)C2CCC1(O)C(=O)CO,4,-7.867084503173828,-0.9454107284545898
CC34CC(=O)C1C(CCC2=CC(=O)CCC12C)C3CCC4(=O) ,1,-7.881350994110107,-0.9471511244773865
CC34CC(=O)C1C(CCC2=CC(=O)CCC12C)C3CCC4(=O) ,2,-7.881433010101318,-0.947161078453064
CC34CC(=O)C1C(CCC2=CC(=O)CCC12C)C3CCC4(=O) ,3,-7.880015850067139,-0.9469857811927795
CC34CC(=O)C1C(CCC2=CC(=O)CCC12C)C3CCC4(=O) ,4,-7.878597736358643,-0.9468100666999817
c1ccc(cc1)c2ccc(cc2)c3ccccc3,1,-8.168044090270996,-0.9826551675796509
c1ccc(cc1)c2ccc(cc2)c3ccccc3,2,-8.167778968811035,-0.982622504234314
c1ccc(cc1)c2ccc(cc2)c3ccccc3,3,-8.168031692504883,-0.9826538562774658
c1ccc(cc1)c2ccc(cc2)c3ccccc3,4,-8.168341636657715,-0.9826921224594116
Oc1ccc(C=O)cc1,1,-8.318047523498535,-1.0014021396636963
Oc1ccc(C=O)cc1,2,-8.315664291381836,-1.0011087656021118
Oc1ccc(C=O)cc1,3,-8.316123962402344,-1.0011653900146484
Oc1ccc(C=O)cc1,4,-8.317904472351074,-1.0013853311538696
CCc1ccc2ccccc2c1,1,-7.9015984535217285,-0.9495903253555298
CCc1ccc2ccccc2c1,2,-7.901515960693359,-0.9495793581008911
CCc1ccc2ccccc2c1,3,-7.902224063873291,-0.9496669173240662
CCc1ccc2ccccc2c1,4,-7.901491641998291,-0.9495770335197449
Nc1c(C)c[nH]c(=O)n1 ,1,-8.304014205932617,-0.9996827840805054
Nc1c(C)c[nH]c(=O)n1 ,2,-8.3040189743042,-0.99968421459198
Nc1c(C)c[nH]c(=O)n1 ,3,-8.303221702575684,-0.9995855093002319
Nc1c(C)c[nH]c(=O)n1 ,4,-8.304367065429688,-0.9997266530990601
Cc3cc2nc1c(=O)[nH]c(=O)nc1n(CC(O)C(O)C(O)CO)c2cc3C,1,-8.321763038635254,-1.0017914772033691
Cc3cc2nc1c(=O)[nH]c(=O)nc1n(CC(O)C(O)C(O)CO)c2cc3C,2,-8.31527042388916,-1.000989556312561
Cc3cc2nc1c(=O)[nH]c(=O)nc1n(CC(O)C(O)C(O)CO)c2cc3C,3,-8.314510345458984,-1.000895619392395
Cc3cc2nc1c(=O)[nH]c(=O)nc1n(CC(O)C(O)C(O)CO)c2cc3C,4,-8.316210746765137,-1.0011061429977417
O=C1N(COC(=O)CC)C(=O)C(N1)(c2ccccc2)c3ccccc3,1,-8.341644287109375,-1.0042637586593628
O=C1N(COC(=O)CC)C(=O)C(N1)(c2ccccc2)c3ccccc3,2,-8.34220027923584,-1.0043320655822754
O=C1N(COC(=O)CC)C(=O)C(N1)(c2ccccc2)c3ccccc3,3,-8.343719482421875,-1.0045201778411865
O=C1N(COC(=O)CC)C(=O)C(N1)(c2ccccc2)c3ccccc3,4,-8.342869758605957,-1.0044152736663818
C1CCCC1,1,-7.324038028717041,-0.8779116868972778
C1CCCC1,2,-7.324154853820801,-0.8779259324073792
C1CCCC1,3,-7.3240742683410645,-0.8779155015945435
C1CCCC1,4,-7.323709011077881,-0.8778707981109619
Cc1ccccc1N,1,-7.8285908699035645,-0.9405536651611328
Cc1ccccc1N,2,-7.827061653137207,-0.9403644800186157
Cc1ccccc1N,3,-7.827428817749023,-0.9404104948043823
Cc1ccccc1N,4,-7.828837871551514,-0.9405847787857056
c1(OC)ccc(CC=C)cc1,1,-7.8817267417907715,-0.9471791386604309
c1(OC)ccc(CC=C)cc1,2,-7.881896495819092,-0.9471996426582336
c1(OC)ccc(CC=C)cc1,3,-7.882549285888672,-0.9472804069519043
c1(OC)ccc(CC=C)cc1,4,-7.881917953491211,-0.9472025632858276
CN(C)C(=O)Nc1cccc(OC(=O)NC(C)(C)C)c1 ,1,-8.004415512084961,-0.9623749256134033
CN(C)C(=O)Nc1cccc(OC(=O)NC(C)(C)C)c1 ,2,-8.004047393798828,-0.9623297452926636
CN(C)C(=O)Nc1cccc(OC(=O)NC(C)(C)C)c1 ,3,-8.004620552062988,-0.9624004364013672
CN(C)C(=O)Nc1cccc(OC(=O)NC(C)(C)C)c1 ,4,-8.004140853881836,-0.9623408913612366
CC(C)C=C,1,-7.25932502746582,-0.8698788285255432
CC(C)C=C,2,-7.258962154388428,-0.8698332905769348
CC(C)C=C,3,-7.258976936340332,-0.8698346614837646
CC(C)C=C,4,-7.2593464851379395,-0.869881808757782
Oc1ccccn1,1,-8.440899848937988,-1.0165379047393799
Oc1ccccn1,2,-8.43889045715332,-1.0162910223007202
Oc1ccccn1,3,-8.451990127563477,-1.017911672592163
Oc1ccccn1,4,-8.454322814941406,-1.01819908618927
CC,1,-6.827208042144775,-0.81625896692276
CC,2,-6.826684951782227,-0.8161937594413757
CC,3,-6.826777935028076,-0.8162047863006592
CC,4,-6.826446056365967,-0.8161627650260925
COc2c1occc1cc3ccc(=O)oc23 ,1,-8.54044246673584,-1.029026746749878
COc2c1occc1cc3ccc(=O)oc23 ,2,-8.541177749633789,-1.0291168689727783
COc2c1occc1cc3ccc(=O)oc23 ,3,-8.541138648986816,-1.0291125774383545
COc2c1occc1cc3ccc(=O)oc23 ,4,-8.541090965270996,-1.0291070938110352
CC(=O)N,1,-7.694320201873779,-0.9240235090255737
CC(=O)N,2,-7.6939167976379395,-0.9239736199378967
CC(=O)N,3,-7.694170951843262,-0.9240059852600098
CC(=O)N,4,-7.69422721862793,-0.9240118861198425
Cc1cccc2ccccc12,1,-7.987274646759033,-0.9602227807044983
Cc1cccc2ccccc12,2,-7.985816955566406,-0.9600425958633423
Cc1cccc2ccccc12,3,-7.986595153808594,-0.960139274597168
Cc1cccc2ccccc12,4,-7.987150192260742,-0.9602078199386597
CCN(CC)C(=O)C(C)Oc1cccc2ccccc12 ,1,-7.947978973388672,-0.9553859233856201
CCN(CC)C(=O)C(C)Oc1cccc2ccccc12 ,2,-7.9485321044921875,-0.9554547667503357
CCN(CC)C(=O)C(C)Oc1cccc2ccccc12 ,3,-7.9477996826171875,-0.9553635716438293
CCN(CC)C(=O)C(C)Oc1cccc2ccccc12 ,4,-7.949212551116943,-0.9555392861366272
CC(O)C(C)(C)C,1,-7.21549654006958,-0.864518404006958
CC(O)C(C)(C)C,2,-7.216094017028809,-0.8645912408828735
CC(O)C(C)(C)C,3,-7.216058731079102,-0.864587128162384
CC(O)C(C)(C)C,4,-7.217690467834473,-0.864789605140686
CCCC(=O)OCC,1,-7.61106014251709,-0.9136163592338562
CCCC(=O)OCC,2,-7.611421585083008,-0.913661539554596
CCCC(=O)OCC,3,-7.612414360046387,-0.9137833118438721
CCCC(=O)OCC,4,-7.612387657165527,-0.9137804508209229
CC2=CC(=O)c1ccccc1C2=O ,1,-8.34912109375,-1.0052281618118286
CC2=CC(=O)c1ccccc1C2=O ,2,-8.349660873413086,-1.005294680595398
CC2=CC(=O)c1ccccc1C2=O ,3,-8.349276542663574,-1.0052472352981567
CC2=CC(=O)c1ccccc1C2=O ,4,-8.35021686553955,-1.0053629875183105
c1ccc2c(c1)ccc3ccccc32,1,-8.222814559936523,-0.9894593954086304
c1ccc2c(c1)ccc3ccccc32,2,-8.222627639770508,-0.9894363880157471
c1ccc2c(c1)ccc3ccccc32,3,-8.221619606018066,-0.9893121719360352
c1ccc2c(c1)ccc3ccccc32,4,-8.220870018005371,-0.9892194271087646
Cc1ccnc(C)c1,1,-7.9028544425964355,-0.9497089982032776
Cc1ccnc(C)c1,2,-7.903061866760254,-0.9497348666191101
Cc1ccnc(C)c1,3,-7.90347146987915,-0.9497854113578796
Cc1ccnc(C)c1,4,-7.90399694442749,-0.9498500227928162
CCCCCCCCCO,1,-7.3085503578186035,-0.8760271668434143
CCCCCCCCCO,2,-7.308579921722412,-0.8760310411453247
CCCCCCCCCO,3,-7.3080620765686035,-0.8759684562683105
CCCCCCCCCO,4,-7.309593677520752,-0.8761566877365112
CC1CC2C3CCC4=CC(=O)C=CC4(C)C3(F)C(O)CC2(C)C1(O)C(=O)CO,1,-7.881740570068359,-0.9471948146820068
CC1CC2C3CCC4=CC(=O)C=CC4(C)C3(F)C(O)CC2(C)C1(O)C(=O)CO,2,-7.88132381439209,-0.9471465349197388
CC1CC2C3CCC4=CC(=O)C=CC4(C)C3(F)C(O)CC2(C)C1(O)C(=O)CO,3,-7.879360198974609,-0.9469025135040283
CC1CC2C3CCC4=CC(=O)C=CC4(C)C3(F)C(O)CC2(C)C1(O)C(=O)CO,4,-7.880340099334717,-0.9470232129096985
Cc1ccc2cc(C)ccc2c1,1,-7.873425006866455,-0.946100115776062
Cc1ccc2cc(C)ccc2c1,2,-7.8745951652526855,-0.9462446570396423
Cc1ccc2cc(C)ccc2c1,3,-7.873384952545166,-0.9460950493812561
Cc1ccc2cc(C)ccc2c1,4,-7.874364852905273,-0.9462157487869263
O=N(=O)OCC(CON(=O)=O)ON(=O)=O ,1,-7.988980293273926,-0.9606839418411255
O=N(=O)OCC(CON(=O)=O)ON(=O)=O ,2,-7.989394187927246,-0.9607361555099487
O=N(=O)OCC(CON(=O)=O)ON(=O)=O ,3,-7.989849090576172,-0.9607921242713928
O=N(=O)OCC(CON(=O)=O)ON(=O)=O ,4,-7.987980365753174,-0.9605607986450195
Nc1cccc(c1)N(=O)=O,1,-8.386948585510254,-1.0099390745162964
Nc1cccc(c1)N(=O)=O,2,-8.385458946228027,-1.0097551345825195
Nc1cccc(c1)N(=O)=O,3,-8.385701179504395,-1.0097852945327759
Nc1cccc(c1)N(=O)=O,4,-8.38587760925293,-1.009806752204895
Cn2cc(c1ccccc1)c(=O)c(c2)c3cccc(c3)C(F)(F)F,1,-8.375775337219238,-1.0082932710647583
Cn2cc(c1ccccc1)c(=O)c(c2)c3cccc(c3)C(F)(F)F,2,-8.375385284423828,-1.0082453489303589
Cn2cc(c1ccccc1)c(=O)c(c2)c3cccc(c3)C(F)(F)F,3,-8.375025749206543,-1.008200764656067
Cn2cc(c1ccccc1)c(=O)c(c2)c3cccc(c3)C(F)(F)F,4,-8.376128196716309,-1.0083366632461548
Nc3cc2c1ccccc1ccc2c4ccccc34 ,1,-8.272305488586426,-0.995622992515564
Nc3cc2c1ccccc1ccc2c4ccccc34 ,2,-8.273130416870117,-0.9957246780395508
Nc3cc2c1ccccc1ccc2c4ccccc34 ,3,-8.271801948547363,-0.9955610036849976
Nc3cc2c1ccccc1ccc2c4ccccc34 ,4,-8.273612976074219,-0.9957844018936157
CC12CCC3C(CCc4cc(O)ccc34)C2CCC1=O,1,-7.861691474914551,-0.9446994066238403
CC12CCC3C(CCc4cc(O)ccc34)C2CCC1=O,2,-7.86259651184082,-0.9448114037513733
CC12CCC3C(CCc4cc(O)ccc34)C2CCC1=O,3,-7.862689018249512,-0.9448228478431702
CC12CCC3C(CCc4cc(O)ccc34)C2CCC1=O,4,-7.862187385559082,-0.9447620511054993
CC1CO1,1,-7.65172815322876,-0.9186559915542603
CC1CO1,2,-7.651521682739258,-0.9186311960220337
CC1CO1,3,-7.651235580444336,-0.9185963273048401
CC1CO1,4,-7.651959419250488,-0.9186843633651733
O=C3CN=C(c1ccccc1)c2cc(ccc2N3)N(=O)=O,1,-8.624144554138184,-1.039300799369812
O=C3CN=C(c1ccccc1)c2cc(ccc2N3)N(=O)=O,2,-8.623987197875977,-1.0392812490463257
O=C3CN=C(c1ccccc1)c2cc(ccc2N3)N(=O)=O,3,-8.625017166137695,-1.0394082069396973
O=C3CN=C(c1ccccc1)c2cc(ccc2N3)N(=O)=O,4,-8.623969078063965,-1.0392787456512451
CCCCC(=O)OC,1,-7.597513675689697,-0.9119399785995483
CCCCC(=O)OC,2,-7.596776485443115,-0.9118472933769226
CCCCC(=O)OC,3,-7.596985340118408,-0.9118734002113342
CCCCC(=O)OC,4,-7.596848011016846,-0.9118569493293762
Nc1ccccc1,1,-7.998523712158203,-0.9616432785987854
Nc1ccccc1,2,-7.998069763183594,-0.9615869522094727
Nc1ccccc1,3,-7.998268127441406,-0.9616120457649231
Nc1ccccc1,4,-7.998709678649902,-0.9616663455963135
Cc1cccc2c(C)cccc12,1,-7.86909294128418,-0.9455626606941223
Cc1cccc2c(C)cccc12,2,-7.869243144989014,-0.9455807209014893
Cc1cccc2c(C)cccc12,3,-7.869740962982178,-0.9456426501274109
Cc1cccc2c(C)cccc12,4,-7.869394779205322,-0.9455991983413696
C1=Cc2cccc3cccc1c23,1,-8.252581596374512,-0.9931679964065552
C1=Cc2cccc3cccc1c23,2,-8.252798080444336,-0.9931944608688354
C1=Cc2cccc3cccc1c23,3,-8.252354621887207,-0.9931399822235107
C1=Cc2cccc3cccc1c23,4,-8.253668785095215,-0.993302583694458
CCCCCOC(=O)CC,1,-7.557962417602539,-0.9070256352424622
CCCCCOC(=O)CC,2,-7.558720111846924,-0.9071204662322998
CCCCCOC(=O)CC,3,-7.557919979095459,-0.9070197343826294
CCCCCOC(=O)CC,4,-7.557999134063721,-0.9070305228233337
CCNc1nc(NC(C)C)nc(OC)n1,1,-8.032047271728516,-0.9658308029174805
CCNc1nc(NC(C)C)nc(OC)n1,2,-8.032058715820312,-0.9658323526382446
CCNc1nc(NC(C)C)nc(OC)n1,3,-8.03295612335205,-0.9659425616264343
CCNc1nc(NC(C)C)nc(OC)n1,4,-8.034026145935059,-0.9660757184028625
c1ccc2c(c1)cc3ccc4cccc5ccc2c3c45,1,-8.338415145874023,-1.0038204193115234
c1ccc2c(c1)cc3ccc4cccc5ccc2c3c45,2,-8.337631225585938,-1.0037243366241455
c1ccc2c(c1)cc3ccc4cccc5ccc2c3c45,3,-8.33909797668457,-1.003905177116394
c1ccc2c(c1)cc3ccc4cccc5ccc2c3c45,4,-8.3375825881958,-1.0037181377410889
CCC#CCC,1,-7.389557361602783,-0.8860387802124023
CCC#CCC,2,-7.389569282531738,-0.8860409259796143
CCC#CCC,3,-7.389601707458496,-0.88604336977005
CCC#CCC,4,-7.389978408813477,-0.8860915899276733
CC1OC(CC(O)C1O)OC2C(O)CC(OC2C)OC8C(O)CC(OC7CCC3(C)C(CCC4C3CCC5(C)C(CCC45O)C6=CC(=O)OC6)C7)OC8C ,1,-7.834073543548584,-0.9413182735443115
CC1OC(CC(O)C1O)OC2C(O)CC(OC2C)OC8C(O)CC(OC7CCC3(C)C(CCC4C3CCC5(C)C(CCC45O)C6=CC(=O)OC6)C7)OC8C ,2,-7.8348469734191895,-0.9414139986038208
CC1OC(CC(O)C1O)OC2C(O)CC(OC2C)OC8C(O)CC(OC7CCC3(C)C(CCC4C3CCC5(C)C(CCC45O)C6=CC(=O)OC6)C7)OC8C ,3,-7.835910797119141,-0.9415470957756042
CC1OC(CC(O)C1O)OC2C(O)CC(OC2C)OC8C(O)CC(OC7CCC3(C)C(CCC4C3CCC5(C)C(CCC45O)C6=CC(=O)OC6)C7)OC8C ,4,-7.83452033996582,-0.9413735866546631
CCC(=C)C,1,-7.2370405197143555,-0.8671207427978516
CCC(=C)C,2,-7.235484600067139,-0.8669290542602539
CCC(=C)C,3,-7.235594749450684,-0.8669430017471313
CCC(=C)C,4,-7.235476970672607,-0.8669270873069763
Oc1cccc2cccnc12 ,1,-8.462554931640625,-1.0192675590515137
Oc1cccc2cccnc12 ,2,-8.462002754211426,-1.0191991329193115
Oc1cccc2cccnc12 ,3,-8.462921142578125,-1.0193123817443848
Oc1cccc2cccnc12 ,4,-8.46352767944336,-1.0193873643875122
C1CCc2ccccc2C1,1,-7.7698893547058105,-0.933234691619873
C1CCc2ccccc2C1,2,-7.768660068511963,-0.9330839514732361
C1CCc2ccccc2C1,3,-7.768817901611328,-0.9331030249595642
C1CCc2ccccc2C1,4,-7.772162437438965,-0.9335180521011353
Oc1ccc(cc1)C2(OC(=O)c3ccccc23)c4ccc(O)cc4 ,1,-8.419562339782715,-1.0139946937561035
Oc1ccc(cc1)C2(OC(=O)c3ccccc23)c4ccc(O)cc4 ,2,-8.419989585876465,-1.0140471458435059
Oc1ccc(cc1)C2(OC(=O)c3ccccc23)c4ccc(O)cc4 ,3,-8.418600082397461,-1.0138760805130005
Oc1ccc(cc1)C2(OC(=O)c3ccccc23)c4ccc(O)cc4 ,4,-8.419600486755371,-1.013999342918396
COc1cc(CC=C)ccc1O,1,-7.945518493652344,-0.9551357626914978
COc1cc(CC=C)ccc1O,2,-7.944930553436279,-0.95506352186203
COc1cc(CC=C)ccc1O,3,-7.9484782218933105,-0.9555045962333679
COc1cc(CC=C)ccc1O,4,-7.947681427001953,-0.9554060697555542
O=C1NC(=O)NC(=O)C1(C(C)C)CC=C,1,-8.125897407531738,-0.977459192276001
O=C1NC(=O)NC(=O)C1(C(C)C)CC=C,2,-8.12320613861084,-0.9771267175674438
O=C1NC(=O)NC(=O)C1(C(C)C)CC=C,3,-8.125096321105957,-0.9773614406585693
O=C1NC(=O)NC(=O)C1(C(C)C)CC=C,4,-8.122208595275879,-0.9770028591156006
c1cc2ccc3cccc4ccc(c1)c2c34,1,-8.308600425720215,-1.0001201629638672
c1cc2ccc3cccc4ccc(c1)c2c34,2,-8.308964729309082,-1.0001648664474487
c1cc2ccc3cccc4ccc(c1)c2c34,3,-8.310747146606445,-1.00038480758667
c1cc2ccc3cccc4ccc(c1)c2c34,4,-8.309061050415039,-1.0001767873764038
CCOC(C)OCC,1,-7.495373725891113,-0.8992363214492798
CCOC(C)OCC,2,-7.495532989501953,-0.8992560505867004
CCOC(C)OCC,3,-7.496025562286377,-0.8993173837661743
CCOC(C)OCC,4,-7.49664831161499,-0.8993945121765137
CCCCOCCO,1,-7.450062274932861,-0.8936249613761902
CCCCOCCO,2,-7.449785232543945,-0.893591046333313
CCCCOCCO,3,-7.45216703414917,-0.8938866853713989
CCCCOCCO,4,-7.4502339363098145,-0.8936468362808228
CC12CCC(O)CC1CCC3C2CCC4(C)C3CCC4=O,1,-7.62479305267334,-0.9152901768684387
CC12CCC(O)CC1CCC3C2CCC4(C)C3CCC4=O,2,-7.624544620513916,-0.9152608513832092
CC12CCC(O)CC1CCC3C2CCC4(C)C3CCC4=O,3,-7.625388145446777,-0.9153633713722229
CC12CCC(O)CC1CCC3C2CCC4(C)C3CCC4=O,4,-7.624871253967285,-0.9153011441230774
c1ccc2ncccc2c1,1,-8.388496398925781,-1.0100057125091553
c1ccc2ncccc2c1,2,-8.390130996704102,-1.0102074146270752
c1ccc2ncccc2c1,3,-8.390758514404297,-1.010284662246704
c1ccc2ncccc2c1,4,-8.38850212097168,-1.010006308555603
COC(=O)c1cc(O)c(O)c(O)c1 ,1,-8.225677490234375,-0.9900041818618774
COC(=O)c1cc(O)c(O)c(O)c1 ,2,-8.224519729614258,-0.9898607730865479
COC(=O)c1cc(O)c(O)c(O)c1 ,3,-8.225056648254395,-0.9899280071258545
COC(=O)c1cc(O)c(O)c(O)c1 ,4,-8.229731559753418,-0.9905083179473877
OC(Cn1cncn1)(Cn2cncn2)c3ccc(F)cc3F ,1,-8.625408172607422,-1.0394254922866821
OC(Cn1cncn1)(Cn2cncn2)c3ccc(F)cc3F ,2,-8.624781608581543,-1.0393458604812622
OC(Cn1cncn1)(Cn2cncn2)c3ccc(F)cc3F ,3,-8.624521255493164,-1.0393130779266357
OC(Cn1cncn1)(Cn2cncn2)c3ccc(F)cc3F ,4,-8.626626968383789,-1.0395817756652832
O=C1NC(=O)C(=O)C(=O)N1 ,1,-9.192682266235352,-1.1099919080734253
O=C1NC(=O)C(=O)C(=O)N1 ,2,-9.194320678710938,-1.1101945638656616
O=C1NC(=O)C(=O)C(=O)N1 ,3,-9.192742347717285,-1.1099990606307983
O=C1NC(=O)C(=O)C(=O)N1 ,4,-9.193767547607422,-1.1101257801055908
CC(C)C(C)C,1,-7.090097904205322,-0.8489023447036743
CC(C)C(C)C,2,-7.089370250701904,-0.8488113880157471
CC(C)C(C)C,3,-7.089319229125977,-0.8488048911094666
CC(C)C(C)C,4,-7.089632987976074,-0.8488446474075317
CCC=C,1,-7.282520294189453,-0.8727473020553589
CCC=C,2,-7.282624244689941,-0.8727611899375916
CCC=C,3,-7.283237934112549,-0.8728370070457458
CCC=C,4,-7.282863140106201,-0.8727924823760986
Nc1cc[nH]c(=O)n1 ,1,-8.562007904052734,-1.0317813158035278
Nc1cc[nH]c(=O)n1 ,2,-8.562479019165039,-1.031839370727539
Nc1cc[nH]c(=O)n1 ,3,-8.561590194702148,-1.0317294597625732
Nc1cc[nH]c(=O)n1 ,4,-8.561748504638672,-1.0317490100860596
CCC#N,1,-7.866765975952148,-0.9451968669891357
CCC#N,2,-7.866943836212158,-0.9452182054519653
CCC#N,3,-7.867250919342041,-0.9452546834945679
CCC#N,4,-7.8670477867126465,-0.9452293515205383
COc1ccccc1N(=O)=O,1,-8.320676803588867,-1.001660943031311
COc1ccccc1N(=O)=O,2,-8.32160472869873,-1.0017755031585693
COc1ccccc1N(=O)=O,3,-8.320023536682129,-1.0015805959701538
COc1ccccc1N(=O)=O,4,-8.320148468017578,-1.0015956163406372
CC34CCC1C(CC=C2CC(O)CCC12C)C3CCC4=O,1,-7.679115295410156,-0.9220344424247742
CC34CCC1C(CC=C2CC(O)CCC12C)C3CCC4=O,2,-7.679263591766357,-0.9220552444458008
CC34CCC1C(CC=C2CC(O)CCC12C)C3CCC4=O,3,-7.67733907699585,-0.9218156337738037
CC34CCC1C(CC=C2CC(O)CCC12C)C3CCC4=O,4,-7.679046154022217,-0.922027587890625
c1cc2ccc3ccc4ccc5cccc6c(c1)c2c3c4c56,1,-8.399307250976562,-1.0113838911056519
c1cc2ccc3ccc4ccc5cccc6c(c1)c2c3c4c56,2,-8.399567604064941,-1.0114158391952515
c1cc2ccc3ccc4ccc5cccc6c(c1)c2c3c4c56,3,-8.39832878112793,-1.0112626552581787
c1cc2ccc3ccc4ccc5cccc6c(c1)c2c3c4c56,4,-8.398721694946289,-1.0113115310668945
CCC(C)c1cc(cc(N(=O)=O)c1O)N(=O)=O ,1,-8.165233612060547,-0.9823651313781738
CCC(C)c1cc(cc(N(=O)=O)c1O)N(=O)=O ,2,-8.165308952331543,-0.9823745489120483
CCC(C)c1cc(cc(N(=O)=O)c1O)N(=O)=O ,3,-8.165414810180664,-0.9823874235153198
CCC(C)c1cc(cc(N(=O)=O)c1O)N(=O)=O ,4,-8.165017127990723,-0.9823389053344727
c1c(OC)c(OC)C2C(=O)OCC2c1,1,-8.11008358001709,-0.9755983352661133
c1c(OC)c(OC)C2C(=O)OCC2c1,2,-8.109134674072266,-0.975481390953064
c1c(OC)c(OC)C2C(=O)OCC2c1,3,-8.111907958984375,-0.975825309753418
c1c(OC)c(OC)C2C(=O)OCC2c1,4,-8.112011909484863,-0.9758384227752686
OCC(O)CO,1,-7.496815204620361,-0.8995025157928467
OCC(O)CO,2,-7.489196300506592,-0.8985589742660522
OCC(O)CO,3,-7.492501735687256,-0.8989700675010681
OCC(O)CO,4,-7.4967875480651855,-0.8995018005371094
COc1ccccc1O ,1,-8.0529146194458,-0.9684951305389404
COc1ccccc1O ,2,-8.054036140441895,-0.9686330556869507
COc1ccccc1O ,3,-8.05334186553955,-0.9685472249984741
COc1ccccc1O ,4,-8.054671287536621,-0.9687114953994751
Cc1c2ccccc2cc3ccccc13,1,-8.09139633178711,-0.9731519222259521
Cc1c2ccccc2cc3ccccc13,2,-8.090909957885742,-0.9730916023254395
Cc1c2ccccc2cc3ccccc13,3,-8.09129810333252,-0.973139762878418
Cc1c2ccccc2cc3ccccc13,4,-8.091239929199219,-0.9731324911117554
Cc1cc(=O)n(c2ccccc2)n1C,1,-8.212182998657227,-0.988150954246521
Cc1cc(=O)n(c2ccccc2)n1C,2,-8.212153434753418,-0.988147497177124
Cc1cc(=O)n(c2ccccc2)n1C,3,-8.212306022644043,-0.9881659746170044
Cc1cc(=O)n(c2ccccc2)n1C,4,-8.212285995483398,-0.9881634712219238
CCCCOC,1,-7.32935905456543,-0.8786353468894958
CCCCOC,2,-7.329653263092041,-0.878670871257782
CCCCOC,3,-7.332988739013672,-0.8790860176086426
CCCCOC,4,-7.331801891326904,-0.8789383172988892
Cc2cnc1cncnc1n2,1,-8.882987976074219,-1.0713173151016235
Cc2cnc1cncnc1n2,2,-8.883126258850098,-1.0713335275650024
Cc2cnc1cncnc1n2,3,-8.883090019226074,-1.0713295936584473
Cc2cnc1cncnc1n2,4,-8.883707046508789,-1.0714064836502075
CN(C)C(=O)C,1,-7.708259105682373,-0.9255267381668091
CN(C)C(=O)C,2,-7.7083964347839355,-0.9255439043045044
CN(C)C(=O)C,3,-7.70806360244751,-0.9255027770996094
CN(C)C(=O)C,4,-7.707957744598389,-0.9254894256591797
C=C,1,-7.310334205627441,-0.8761777877807617
C=C,2,-7.310285568237305,-0.8761739730834961
C=C,3,-7.310302734375,-0.8761759400367737
C=C,4,-7.310763835906982,-0.8762297034263611
CC(C)(C)CCO,1,-7.226407527923584,-0.8658681511878967
CC(C)(C)CCO,2,-7.2267351150512695,-0.8659088015556335
CC(C)(C)CCO,3,-7.227271556854248,-0.8659752011299133
CC(C)(C)CCO,4,-7.227093696594238,-0.8659529089927673
O=C1NC(=O)NC(=O)C1(CC)CC=C,1,-8.22154712677002,-0.9893312454223633
O=C1NC(=O)NC(=O)C1(CC)CC=C,2,-8.225125312805176,-0.9897736310958862
O=C1NC(=O)NC(=O)C1(CC)CC=C,3,-8.224739074707031,-0.9897265434265137
O=C1NC(=O)NC(=O)C1(CC)CC=C,4,-8.222352981567383,-0.9894312620162964
COc1ccccc1,1,-7.977917671203613,-0.9591373801231384
COc1ccccc1,2,-7.9778265953063965,-0.9591265320777893
COc1ccccc1,3,-7.97769832611084,-0.9591104984283447
COc1ccccc1,4,-7.978141784667969,-0.9591648578643799
CC13CCC(=O)C=C1CCC4C2CCC(C(=O)CO)C2(CC(O)C34)C=O ,1,-7.894207000732422,-0.9487709999084473
CC13CCC(=O)C=C1CCC4C2CCC(C(=O)CO)C2(CC(O)C34)C=O ,2,-7.892063140869141,-0.9485033750534058
CC13CCC(=O)C=C1CCC4C2CCC(C(=O)CO)C2(CC(O)C34)C=O ,3,-7.895740509033203,-0.948961615562439
CC13CCC(=O)C=C1CCC4C2CCC(C(=O)CO)C2(CC(O)C34)C=O ,4,-7.892683982849121,-0.9485816955566406
COc2ccc(Oc1ccc(NC(=O)N(C)C)cc1)cc2,1,-8.194586753845215,-0.986004114151001
COc2ccc(Oc1ccc(NC(=O)N(C)C)cc1)cc2,2,-8.195069313049316,-0.9860634803771973
COc2ccc(Oc1ccc(NC(=O)N(C)C)cc1)cc2,3,-8.195270538330078,-0.9860881567001343
COc2ccc(Oc1ccc(NC(=O)N(C)C)cc1)cc2,4,-8.19482707977295,-0.9860334396362305
CCc1ccc(C)cc1,1,-7.61878776550293,-0.9144909977912903
CCc1ccc(C)cc1,2,-7.618719100952148,-0.914482593536377
CCc1ccc(C)cc1,3,-7.618504524230957,-0.914456307888031
CCc1ccc(C)cc1,4,-7.618836402893066,-0.9144968390464783
O=N(=O)c1cccc(c1)N(=O)=O,1,-8.708212852478027,-1.0497655868530273
O=N(=O)c1cccc(c1)N(=O)=O,2,-8.707927703857422,-1.0497300624847412
O=N(=O)c1cccc(c1)N(=O)=O,3,-8.708427429199219,-1.0497914552688599
O=N(=O)c1cccc(c1)N(=O)=O,4,-8.708131790161133,-1.049755573272705
CCC1(C(C)C)C(=O)NC(=O)NC1=O ,1,-8.040010452270508,-0.9667999148368835
CCC1(C(C)C)C(=O)NC(=O)NC1=O ,2,-8.040078163146973,-0.9668081402778625
CCC1(C(C)C)C(=O)NC(=O)NC1=O ,3,-8.038433074951172,-0.9666051268577576
CCC1(C(C)C)C(=O)NC(=O)NC1=O ,4,-8.037641525268555,-0.9665073752403259
CC(=O)OCC(=O)C3(O)CCC4C2CCC1=CC(=O)CCC1(C)C2C(=O)CC34C ,1,-7.927277565002441,-0.9528798460960388
CC(=O)OCC(=O)C3(O)CCC4C2CCC1=CC(=O)CCC1(C)C2C(=O)CC34C ,2,-7.926814556121826,-0.9528225064277649
CC(=O)OCC(=O)C3(O)CCC4C2CCC1=CC(=O)CCC1(C)C2C(=O)CC34C ,3,-7.926496982574463,-0.9527819156646729
CC(=O)OCC(=O)C3(O)CCC4C2CCC1=CC(=O)CCC1(C)C2C(=O)CC34C ,4,-7.92549991607666,-0.9526591300964355
Cc1ncc(N(=O)=O)n1CCO,1,-8.317788124084473,-1.0012074708938599
Cc1ncc(N(=O)=O)n1CCO,2,-8.317130088806152,-1.0011261701583862
Cc1ncc(N(=O)=O)n1CCO,3,-8.318617820739746,-1.0013110637664795
Cc1ncc(N(=O)=O)n1CCO,4,-8.3186616897583,-1.0013163089752197
CCCC(C)(C)CO,1,-7.240328311920166,-0.8675878047943115
CCCC(C)(C)CO,2,-7.240516662597656,-0.8676108121871948
CCCC(C)(C)CO,3,-7.238945484161377,-0.867415726184845
CCCC(C)(C)CO,4,-7.241349697113037,-0.8677152991294861
c1ccoc1,1,-8.299032211303711,-0.9990143775939941
c1ccoc1,2,-8.299742698669434,-0.999101996421814
c1ccoc1,3,-8.299071311950684,-0.9990191459655762
c1ccoc1,4,-8.301777839660645,-0.9993531703948975
CN(C)C(=O)NC1CC2CC1C3CCCC23,1,-7.754730701446533,-0.9313750267028809
CN(C)C(=O)NC1CC2CC1C3CCCC23,2,-7.753486156463623,-0.9312212467193604
CN(C)C(=O)NC1CC2CC1C3CCCC23,3,-7.753115653991699,-0.9311749339103699
CN(C)C(=O)NC1CC2CC1C3CCCC23,4,-7.752834796905518,-0.9311407804489136
CC(C)(C)c1ccccc1,1,-7.562588214874268,-0.9075201749801636
CC(C)(C)c1ccccc1,2,-7.561941623687744,-0.9074400067329407
CC(C)(C)c1ccccc1,3,-7.561971187591553,-0.9074442386627197
CC(C)(C)c1ccccc1,4,-7.561725616455078,-0.9074140787124634
CC(=O)CCC1C(=O)N(N(C1=O)c2ccccc2)c3ccccc3,1,-8.333255767822266,-1.0032092332839966
CC(=O)CCC1C(=O)N(N(C1=O)c2ccccc2)c3ccccc3,2,-8.333066940307617,-1.0031851530075073
CC(=O)CCC1C(=O)N(N(C1=O)c2ccccc2)c3ccccc3,3,-8.332687377929688,-1.0031384229660034
CC(=O)CCC1C(=O)N(N(C1=O)c2ccccc2)c3ccccc3,4,-8.332562446594238,-1.0031224489212036
CC(=O)OCC(=O)C3(O)CCC4C2CCC1=CC(=O)C=CC1(C)C2C(O)CC34C ,1,-7.915213584899902,-0.9513851404190063
CC(=O)OCC(=O)C3(O)CCC4C2CCC1=CC(=O)C=CC1(C)C2C(O)CC34C ,2,-7.917022705078125,-0.9516109824180603
CC(=O)OCC(=O)C3(O)CCC4C2CCC1=CC(=O)C=CC1(C)C2C(O)CC34C ,3,-7.916586875915527,-0.9515562057495117
CC(=O)OCC(=O)C3(O)CCC4C2CCC1=CC(=O)C=CC1(C)C2C(O)CC34C ,4,-7.916548728942871,-0.951551079750061
CCCOC,1,-7.3290252685546875,-0.8785910606384277
CCCOC,2,-7.328989028930664,-0.8785866498947144
CCCOC,3,-7.3289079666137695,-0.8785765171051025
CCCOC,4,-7.328945636749268,-0.8785811066627502
CC(C)OC(=O)C,1,-7.645418167114258,-0.9178767204284668
CC(C)OC(=O)C,2,-7.645382404327393,-0.9178721308708191
CC(C)OC(=O)C,3,-7.6451849937438965,-0.9178475737571716
CC(C)OC(=O)C,4,-7.645321846008301,-0.9178640246391296
CCOC(=O)c1ccc(O)cc1,1,-8.096210479736328,-0.9738677740097046
CCOC(=O)c1ccc(O)cc1,2,-8.09772777557373,-0.9740556478500366
CCOC(=O)c1ccc(O)cc1,3,-8.096890449523926,-0.9739525318145752
CCOC(=O)c1ccc(O)cc1,4,-8.09735107421875,-0.9740089178085327
O=C1N(COC(=O)CCC)C(=O)C(N1)(c2ccccc2)c3ccccc3,1,-8.282573699951172,-0.996928334236145
O=C1N(COC(=O)CCC)C(=O)C(N1)(c2ccccc2)c3ccccc3,2,-8.281871795654297,-0.9968414306640625
O=C1N(COC(=O)CCC)C(=O)C(N1)(c2ccccc2)c3ccccc3,3,-8.282025337219238,-0.996860146522522
O=C1N(COC(=O)CCC)C(=O)C(N1)(c2ccccc2)c3ccccc3,4,-8.281678199768066,-0.9968172311782837
CCC(=O)OC3CCC4C2CCC1=CC(=O)CCC1(C)C2CCC34C ,1,-7.734287261962891,-0.9288966059684753
CCC(=O)OC3CCC4C2CCC1=CC(=O)CCC1(C)C2CCC34C ,2,-7.734592914581299,-0.9289348721504211
CCC(=O)OC3CCC4C2CCC1=CC(=O)CCC1(C)C2CCC34C ,3,-7.733676433563232,-0.928821325302124
CCC(=O)OC3CCC4C2CCC1=CC(=O)CCC1(C)C2CCC34C ,4,-7.734902858734131,-0.9289736747741699
c1cc2ccc3ccc4ccc5ccc6ccc1c7c2c3c4c5c67,1,-8.453839302062988,-1.018157720565796
c1cc2ccc3ccc4ccc5ccc6ccc1c7c2c3c4c5c67,2,-8.45582389831543,-1.0184028148651123
c1cc2ccc3ccc4ccc5ccc6ccc1c7c2c3c4c5c67,3,-8.453487396240234,-1.0181142091751099
c1cc2ccc3ccc4ccc5ccc6ccc1c7c2c3c4c5c67,4,-8.453370094299316,-1.0181000232696533
O=c1[nH]cnc2[nH]ncc12 ,1,-8.925272941589355,-1.0769346952438354
O=c1[nH]cnc2[nH]ncc12 ,2,-8.925243377685547,-1.0769312381744385
O=c1[nH]cnc2[nH]ncc12 ,3,-8.927279472351074,-1.0771832466125488
O=c1[nH]cnc2[nH]ncc12 ,4,-8.92597484588623,-1.0770213603973389
CN(C)C(=O)C(c1ccccc1)c2ccccc2 ,1,-8.052217483520508,-0.9683022499084473
CN(C)C(=O)C(c1ccccc1)c2ccccc2 ,2,-8.052152633666992,-0.9682949781417847
CN(C)C(=O)C(c1ccccc1)c2ccccc2 ,3,-8.04876708984375,-0.9678741097450256
CN(C)C(=O)C(c1ccccc1)c2ccccc2 ,4,-8.048765182495117,-0.9678741693496704
CCN2c1cc(N(C)C)cc(C)c1NC(=O)c3cccnc23 ,1,-8.171886444091797,-0.9831110239028931
CCN2c1cc(N(C)C)cc(C)c1NC(=O)c3cccnc23 ,2,-8.172140121459961,-0.9831421375274658
CCN2c1cc(N(C)C)cc(C)c1NC(=O)c3cccnc23 ,3,-8.172226905822754,-0.9831535816192627
CCN2c1cc(N(C)C)cc(C)c1NC(=O)c3cccnc23 ,4,-8.172483444213867,-0.9831850528717041
O=C1NC(=O)c2ccccc12 ,1,-8.710411071777344,-1.0500575304031372
O=C1NC(=O)c2ccccc12 ,2,-8.70794677734375,-1.049753189086914
O=C1NC(=O)c2ccccc12 ,3,-8.709269523620605,-1.0499171018600464
O=C1NC(=O)c2ccccc12 ,4,-8.708061218261719,-1.0497673749923706
COC(=O)c1ccccc1,1,-8.148778915405273,-0.9803812503814697
COC(=O)c1ccccc1,2,-8.148283958435059,-0.9803203344345093
COC(=O)c1ccccc1,3,-8.148497581481934,-0.9803463220596313
COC(=O)c1ccccc1,4,-8.148595809936523,-0.9803591966629028
Cn1ccc(=O)[nH]c1=O,1,-8.56763744354248,-1.032238245010376
Cn1ccc(=O)[nH]c1=O,2,-8.568140983581543,-1.0323008298873901
Cn1ccc(=O)[nH]c1=O,3,-8.568047523498535,-1.0322885513305664
Cn1ccc(=O)[nH]c1=O,4,-8.568475723266602,-1.0323410034179688
CCCCC1C(=O)N(N(C1=O)c2ccc(O)cc2)c3ccccc3 ,1,-8.217926025390625,-0.988896369934082
CCCCC1C(=O)N(N(C1=O)c2ccc(O)cc2)c3ccccc3 ,2,-8.218545913696289,-0.988972544670105
CCCCC1C(=O)N(N(C1=O)c2ccc(O)cc2)c3ccccc3 ,3,-8.219412803649902,-0.9890803098678589
CCCCC1C(=O)N(N(C1=O)c2ccc(O)cc2)c3ccccc3 ,4,-8.218610763549805,-0.9889811277389526
C1CC=CC1,1,-7.531488418579102,-0.9036389589309692
C1CC=CC1,2,-7.532658576965332,-0.9037837386131287
C1CC=CC1,3,-7.5325093269348145,-0.9037656784057617
C1CC=CC1,4,-7.531368732452393,-0.9036245346069336
C1(=O)NC(=O)NC(=O)C1(O)C2(O)C(=O)NC(=O)NC2(=O),1,-8.911273956298828,-1.0750762224197388
C1(=O)NC(=O)NC(=O)C1(O)C2(O)C(=O)NC(=O)NC2(=O),2,-8.908411026000977,-1.0747209787368774
C1(=O)NC(=O)NC(=O)C1(O)C2(O)C(=O)NC(=O)NC2(=O),3,-8.910431861877441,-1.0749740600585938
C1(=O)NC(=O)NC(=O)C1(O)C2(O)C(=O)NC(=O)NC2(=O),4,-8.909309387207031,-1.0748345851898193
CCCCCCCCC,1,-7.199992656707764,-0.8625257611274719
CCCCCCCCC,2,-7.200785160064697,-0.8626232743263245
CCCCCCCCC,3,-7.200329303741455,-0.8625675439834595
CCCCCCCCC,4,-7.200356960296631,-0.8625705242156982
c1cccc2c3c(C)cc4ccccc4c3ccc12,1,-8.161885261535645,-0.9819015264511108
c1cccc2c3c(C)cc4ccccc4c3ccc12,2,-8.160918235778809,-0.9817819595336914
c1cccc2c3c(C)cc4ccccc4c3ccc12,3,-8.160884857177734,-0.981777548789978
c1cccc2c3c(C)cc4ccccc4c3ccc12,4,-8.161547660827637,-0.9818594455718994
CCOc1ccccc1,1,-7.889288425445557,-0.9481207132339478
CCOc1ccccc1,2,-7.888317584991455,-0.9479994773864746
CCOc1ccccc1,3,-7.888286590576172,-0.9479963779449463
CCOc1ccccc1,4,-7.889636516571045,-0.9481627941131592
CCOC(=O)C=Cc1ccccc1,1,-8.045191764831543,-0.967496931552887
CCOC(=O)C=Cc1ccccc1,2,-8.044754028320312,-0.9674421548843384
CCOC(=O)C=Cc1ccccc1,3,-8.045348167419434,-0.967515766620636
CCOC(=O)C=Cc1ccccc1,4,-8.046599388122559,-0.9676717519760132
CCCCCC(C)C,1,-7.164854049682617,-0.8581681251525879
CCCCCC(C)C,2,-7.165815353393555,-0.8582890629768372
CCCCCC(C)C,3,-7.166168212890625,-0.8583329319953918
CCCCCC(C)C,4,-7.166882514953613,-0.8584213852882385
CCCC1C(=O)N3N(C1=O)c2cc(C)ccc2N=C3N(C)C ,1,-8.168330192565918,-0.9827067852020264
CCCC1C(=O)N3N(C1=O)c2cc(C)ccc2N=C3N(C)C ,2,-8.168603897094727,-0.9827415943145752
CCCC1C(=O)N3N(C1=O)c2cc(C)ccc2N=C3N(C)C ,3,-8.169146537780762,-0.9828082323074341
CCCC1C(=O)N3N(C1=O)c2cc(C)ccc2N=C3N(C)C ,4,-8.168468475341797,-0.9827245473861694
CCC(O)C(C)C,1,-7.256362438201904,-0.869575023651123
CCC(O)C(C)C,2,-7.255969524383545,-0.8695242404937744
CCC(O)C(C)C,3,-7.255399703979492,-0.8694552779197693
CCC(O)C(C)C,4,-7.25584077835083,-0.8695108890533447
CC1(C)C2CCC1(C)C(O)C2,1,-7.424704551696777,-0.8904761672019958
CC1(C)C2CCC1(C)C(O)C2,2,-7.425070762634277,-0.890521764755249
CC1(C)C2CCC1(C)C(O)C2,3,-7.424377918243408,-0.8904355764389038
CC1(C)C2CCC1(C)C(O)C2,4,-7.424245834350586,-0.8904189467430115
CC12CCC3C(CCC4=CC(=O)CCC34C)C2CCC1O,1,-7.6786417961120605,-0.9219759106636047
CC12CCC3C(CCC4=CC(=O)CCC34C)C2CCC1O,2,-7.680609226226807,-0.9222197532653809
CC12CCC3C(CCC4=CC(=O)CCC34C)C2CCC1O,3,-7.679729461669922,-0.9221110939979553
CC12CCC3C(CCC4=CC(=O)CCC34C)C2CCC1O,4,-7.679675579071045,-0.9221050143241882
CCCCCCC,1,-7.161340713500977,-0.8577303290367126
CCCCCCC,2,-7.161802768707275,-0.8577886819839478
CCCCCCC,3,-7.163245677947998,-0.8579691648483276
CCCCCCC,4,-7.163615703582764,-0.8580126762390137
Oc1cccc2ccccc12,1,-8.236357688903809,-0.9912106990814209
Oc1cccc2ccccc12,2,-8.235280990600586,-0.9910780191421509
Oc1cccc2ccccc12,3,-8.23520565032959,-0.9910684823989868
Oc1cccc2ccccc12,4,-8.23344898223877,-0.9908523559570312
C/C1CCCCC1\C,1,-7.289645671844482,-0.8736499547958374
C/C1CCCCC1\C,2,-7.290665626525879,-0.8737767934799194
C/C1CCCCC1\C,3,-7.290412902832031,-0.873745858669281
C/C1CCCCC1\C,4,-7.290604114532471,-0.8737688064575195
COc2cc1c(N)nc(nc1c(OC)c2OC)N3CCN(CC3)C(=O)OCC(C)(C)O ,1,-8.115360260009766,-0.9761794805526733
COc2cc1c(N)nc(nc1c(OC)c2OC)N3CCN(CC3)C(=O)OCC(C)(C)O ,2,-8.115938186645508,-0.9762505292892456
COc2cc1c(N)nc(nc1c(OC)c2OC)N3CCN(CC3)C(=O)OCC(C)(C)O ,3,-8.115753173828125,-0.9762282371520996
COc2cc1c(N)nc(nc1c(OC)c2OC)N3CCN(CC3)C(=O)OCC(C)(C)O ,4,-8.117053031921387,-0.9763894081115723
C1Cc2c3c1cccc3cc4c2ccc5ccccc54,1,-8.206250190734863,-0.9874173402786255
C1Cc2c3c1cccc3cc4c2ccc5ccccc54,2,-8.20582389831543,-0.9873645305633545
C1Cc2c3c1cccc3cc4c2ccc5ccccc54,3,-8.206101417541504,-0.987398624420166
C1Cc2c3c1cccc3cc4c2ccc5ccccc54,4,-8.206826210021973,-0.9874883890151978
CC(=O)C3(C)CCC4C2C=C(C)C1=CC(=O)CCC1(C)C2CCC34C,1,-7.685401916503906,-0.9228165149688721
CC(=O)C3(C)CCC4C2C=C(C)C1=CC(=O)CCC1(C)C2CCC34C,2,-7.685401916503906,-0.9228165149688721
CC(=O)C3(C)CCC4C2C=C(C)C1=CC(=O)CCC1(C)C2CCC34C,3,-7.685910224914551,-0.9228794574737549
CC(=O)C3(C)CCC4C2C=C(C)C1=CC(=O)CCC1(C)C2CCC34C,4,-7.686123847961426,-0.9229043126106262
CCCCCC(=O)C,1,-7.447192668914795,-0.8932534456253052
CCCCCC(=O)C,2,-7.448071002960205,-0.8933631777763367
CCCCCC(=O)C,3,-7.446902751922607,-0.893216609954834
CCCCCC(=O)C,4,-7.446589469909668,-0.893179178237915
c1cC2C(=O)NC(=O)C2cc1,1,-8.503952980041504,-1.0244083404541016
c1cC2C(=O)NC(=O)C2cc1,2,-8.505340576171875,-1.0245764255523682
c1cC2C(=O)NC(=O)C2cc1,3,-8.505922317504883,-1.0246480703353882
c1cC2C(=O)NC(=O)C2cc1,4,-8.505854606628418,-1.02463960647583
CC=C(C)C,1,-7.2112507820129395,-0.8639259338378906
CC=C(C)C,2,-7.211076736450195,-0.8639041781425476
CC=C(C)C,3,-7.211602687835693,-0.863968551158905
CC=C(C)C,4,-7.2110724449157715,-0.863903284072876
Cc1ccc(C)c(C)c1,1,-7.581883907318115,-0.9099213480949402
Cc1ccc(C)c(C)c1,2,-7.5819501876831055,-0.9099300503730774
Cc1ccc(C)c(C)c1,3,-7.5820722579956055,-0.9099437594413757
Cc1ccc(C)c(C)c1,4,-7.581562519073486,-0.9098818898200989
c1ccc2c(c1)cnc3ccccc23 ,1,-8.402958869934082,-1.0118207931518555
c1ccc2c(c1)cnc3ccccc23 ,2,-8.40271282196045,-1.011790156364441
c1ccc2c(c1)cnc3ccccc23 ,3,-8.401935577392578,-1.011694073677063
c1ccc2c(c1)cnc3ccccc23 ,4,-8.402691841125488,-1.0117871761322021
CCCC(C)(O)CC,1,-7.2604594230651855,-0.8700803518295288
CCCC(C)(O)CC,2,-7.261257171630859,-0.8701797127723694
CCCC(C)(O)CC,3,-7.260953426361084,-0.870143711566925
CCCC(C)(O)CC,4,-7.261468887329102,-0.8702075481414795
CCCCCCCC,1,-7.1826171875,-0.8603702783584595
CCCCCCCC,2,-7.183774948120117,-0.8605153560638428
CCCCCCCC,3,-7.1849045753479,-0.8606548309326172
CCCCCCCC,4,-7.183318138122559,-0.8604573011398315
c1ccc2cc3ccccc3cc2c1,1,-8.222577095031738,-0.9894325733184814
c1ccc2cc3ccccc3cc2c1,2,-8.222553253173828,-0.9894299507141113
c1ccc2cc3ccccc3cc2c1,3,-8.222957611083984,-0.989479660987854
c1ccc2cc3ccccc3cc2c1,4,-8.22252368927002,-0.9894258975982666
NNc1ccccc1,1,-7.9380927085876465,-0.9542754292488098
NNc1ccccc1,2,-7.937904357910156,-0.9542521834373474
NNc1ccccc1,3,-7.939977645874023,-0.9545089602470398
NNc1ccccc1,4,-7.940657138824463,-0.9545932412147522
CCC=O,1,-7.603064060211182,-0.9126074910163879
CCC=O,2,-7.602950572967529,-0.9125921726226807
CCC=O,3,-7.602903366088867,-0.91258704662323
CCC=O,4,-7.60277795791626,-0.9125719666481018
C1CCCCCCC1,1,-7.339559078216553,-0.8798314332962036
C1CCCCCCC1,2,-7.339619159698486,-0.8798400163650513
C1CCCCCCC1,3,-7.339572906494141,-0.8798340559005737
C1CCCCCCC1,4,-7.3398261070251465,-0.8798646330833435
O=C1NC(=O)NC(=O)C1(CC=C)CC=C,1,-8.309444427490234,-1.000240683555603
O=C1NC(=O)NC(=O)C1(CC=C)CC=C,2,-8.310661315917969,-1.000390648841858
O=C1NC(=O)NC(=O)C1(CC=C)CC=C,3,-8.306418418884277,-0.999864935874939
O=C1NC(=O)NC(=O)C1(CC=C)CC=C,4,-8.309090614318848,-1.0001966953277588
CC1=CCCCC1,1,-7.4323410987854,-0.8913472890853882
CC1=CCCCC1,2,-7.432254314422607,-0.891337513923645
CC1=CCCCC1,3,-7.4324517250061035,-0.8913610577583313
CC1=CCCCC1,4,-7.4324774742126465,-0.8913643956184387
CCCCC(CC)C=O,1,-7.430599689483643,-0.8911868929862976
CCCCC(CC)C=O,2,-7.430639266967773,-0.8911928534507751
CCCCC(CC)C=O,3,-7.431553363800049,-0.8913061618804932
CCCCC(CC)C=O,4,-7.4313740730285645,-0.89128577709198
COc2c1occc1c(OC)c3c(=O)cc(C)oc23 ,1,-8.343174934387207,-1.0045377016067505
COc2c1occc1c(OC)c3c(=O)cc(C)oc23 ,2,-8.342412948608398,-1.004443645477295
COc2c1occc1c(OC)c3c(=O)cc(C)oc23 ,3,-8.343167304992676,-1.0045371055603027
COc2c1occc1c(OC)c3c(=O)cc(C)oc23 ,4,-8.342771530151367,-1.0044876337051392
O=C1NC(=O)NC(=O)C1(CC)CCC(C)C,1,-7.933431148529053,-0.9535679221153259
O=C1NC(=O)NC(=O)C1(CC)CCC(C)C,2,-7.934669494628906,-0.9537224173545837
O=C1NC(=O)NC(=O)C1(CC)CCC(C)C,3,-7.932825565338135,-0.953494668006897
O=C1NC(=O)NC(=O)C1(CC)CCC(C)C,4,-7.934704303741455,-0.9537261724472046
c1ccc2c3c(ccc2c1)c4cccc5cccc3c45,1,-8.330519676208496,-1.002842664718628
c1ccc2c3c(ccc2c1)c4cccc5cccc3c45,2,-8.332425117492676,-1.0030782222747803
c1ccc2c3c(ccc2c1)c4cccc5cccc3c45,3,-8.331916809082031,-1.0030150413513184
c1ccc2c3c(ccc2c1)c4cccc5cccc3c45,4,-8.331335067749023,-1.0029438734054565
CCC(CC)C=O,1,-7.455556869506836,-0.8942959904670715
CCC(CC)C=O,2,-7.455456733703613,-0.8942839503288269
CCC(CC)C=O,3,-7.455365180969238,-0.8942729830741882
CCC(CC)C=O,4,-7.45505952835083,-0.8942344188690186
CCCOCCC,1,-7.348746299743652,-0.8810370564460754
CCCOCCC,2,-7.349452018737793,-0.8811232447624207
CCCOCCC,3,-7.349696636199951,-0.8811538219451904
CCCOCCC,4,-7.349702835083008,-0.8811559081077576
CCCCCCCCCCCCCCO,1,-7.321785926818848,-0.8776575922966003
CCCCCCCCCCCCCCO,2,-7.321580410003662,-0.8776326179504395
CCCCCCCCCCCCCCO,3,-7.3210835456848145,-0.8775708675384521
CCCCCCCCCCCCCCO,4,-7.3221001625061035,-0.8776976466178894
NC(=O)N,1,-7.675419807434082,-0.9222305417060852
NC(=O)N,2,-7.675114631652832,-0.9221928119659424
NC(=O)N,3,-7.67499303817749,-0.9221775531768799
NC(=O)N,4,-7.674429893493652,-0.9221081137657166
CCCC#C,1,-7.472466468811035,-0.8963080048561096
CCCC#C,2,-7.47230339050293,-0.8962881565093994
CCCC#C,3,-7.472367286682129,-0.8962949514389038
CCCC#C,4,-7.472377777099609,-0.8962966799736023
CCCCCCCCCCCCCCCCCCO,1,-7.3272705078125,-0.8783321976661682
CCCCCCCCCCCCCCCCCCO,2,-7.327580451965332,-0.8783711791038513
CCCCCCCCCCCCCCCCCCO,3,-7.327230453491211,-0.8783281445503235
CCCCCCCCCCCCCCCCCCO,4,-7.327633857727051,-0.8783796429634094
CC(=O)Nc1ccccc1,1,-8.153273582458496,-0.9808499813079834
CC(=O)Nc1ccccc1,2,-8.153623580932617,-0.9808938503265381
CC(=O)Nc1ccccc1,3,-8.154402732849121,-0.9809900522232056
CC(=O)Nc1ccccc1,4,-8.153904914855957,-0.9809284210205078
c1cc(O)c(O)c2OCC3(O)CC4=CC(=O)C(O)=CC4=C3c21,1,-8.414057731628418,-1.013376235961914
c1cc(O)c(O)c2OCC3(O)CC4=CC(=O)C(O)=CC4=C3c21,2,-8.416560173034668,-1.0136868953704834
c1cc(O)c(O)c2OCC3(O)CC4=CC(=O)C(O)=CC4=C3c21,3,-8.417724609375,-1.0138309001922607
c1cc(O)c(O)c2OCC3(O)CC4=CC(=O)C(O)=CC4=C3c21,4,-8.416983604431152,-1.013738751411438
c1nccc(C(=O)NN)c1,1,-8.324433326721191,-1.0023058652877808
c1nccc(C(=O)NN)c1,2,-8.324068069458008,-1.002260684967041
c1nccc(C(=O)NN)c1,3,-8.323992729187012,-1.0022509098052979
c1nccc(C(=O)NN)c1,4,-8.324106216430664,-1.0022649765014648
CC(C)CCOC=O,1,-7.602479934692383,-0.9125537276268005
CC(C)CCOC=O,2,-7.602590560913086,-0.9125669002532959
CC(C)CCOC=O,3,-7.601541519165039,-0.9124377369880676
CC(C)CCOC=O,4,-7.602123737335205,-0.9125098586082458
CC(=O)c1ccccc1,1,-8.056275367736816,-0.9688458442687988
CC(=O)c1ccccc1,2,-8.056900024414062,-0.9689228534698486
CC(=O)c1ccccc1,3,-8.05522632598877,-0.9687162637710571
CC(=O)c1ccccc1,4,-8.056689262390137,-0.9688974618911743
c2ccc1nc(ccc1c2)c4ccc3ccccc3n4 ,1,-8.510835647583008,-1.0251977443695068
c2ccc1nc(ccc1c2)c4ccc3ccccc3n4 ,2,-8.515442848205566,-1.0257681608200073
c2ccc1nc(ccc1c2)c4ccc3ccccc3n4 ,3,-8.514488220214844,-1.0256505012512207
c2ccc1nc(ccc1c2)c4ccc3ccccc3n4 ,4,-8.51224136352539,-1.025373101234436
CC2(C)C1CCC(C)(C1)C2=O,1,-7.544891834259033,-0.9053928852081299
CC2(C)C1CCC(C)(C1)C2=O,2,-7.544612407684326,-0.9053584933280945
CC2(C)C1CCC(C)(C1)C2=O,3,-7.544771671295166,-0.9053778648376465
CC2(C)C1CCC(C)(C1)C2=O,4,-7.544567108154297,-0.9053523540496826
COc2cnc1cncnc1n2,1,-8.953193664550781,-1.0800727605819702
COc2cnc1cncnc1n2,2,-8.952288627624512,-1.079960584640503
COc2cnc1cncnc1n2,3,-8.952129364013672,-1.0799407958984375
COc2cnc1cncnc1n2,4,-8.95269775390625,-1.0800111293792725
CC(C)N(=O)=O,1,-7.727209091186523,-0.9279441833496094
CC(C)N(=O)=O,2,-7.727861404418945,-0.928023099899292
CC(C)N(=O)=O,3,-7.727795600891113,-0.9280150532722473
CC(C)N(=O)=O,4,-7.727347373962402,-0.9279605746269226
c1ccc2c(c1)[nH]c3ccccc32,1,-8.33845043182373,-1.0038164854049683
c1ccc2c(c1)[nH]c3ccccc32,2,-8.3375883102417,-1.003710150718689
c1ccc2c(c1)[nH]c3ccccc32,3,-8.339475631713867,-1.003943681716919
c1ccc2c(c1)[nH]c3ccccc32,4,-8.3372802734375,-1.0036723613739014
OCC(O)C(O)CO,1,-7.5505242347717285,-0.9061809182167053
OCC(O)C(O)CO,2,-7.560154914855957,-0.9073771238327026
OCC(O)C(O)CO,3,-7.55741024017334,-0.9070373773574829
OCC(O)C(O)CO,4,-7.56114387512207,-0.9074996709823608
CCCOC(=O)c1ccc(N)cc1,1,-7.966320514678955,-0.9577146172523499
CCCOC(=O)c1ccc(N)cc1,2,-7.965520858764648,-0.9576164484024048
CCCOC(=O)c1ccc(N)cc1,3,-7.966716766357422,-0.9577638506889343
CCCOC(=O)c1ccc(N)cc1,4,-7.966696739196777,-0.9577611684799194
O=C1CCC(=O)N1,1,-8.434144020080566,-1.0156959295272827
O=C1CCC(=O)N1,2,-8.435284614562988,-1.0158385038375854
O=C1CCC(=O)N1,3,-8.434446334838867,-1.015732765197754
O=C1CCC(=O)N1,4,-8.434212684631348,-1.0157040357589722
CCC(C)C(C)C,1,-7.119046688079834,-0.852491557598114
CCC(C)C(C)C,2,-7.11923885345459,-0.852514386177063
CCC(C)C(C)C,3,-7.119492053985596,-0.8525454998016357
CCC(C)C(C)C,4,-7.119183540344238,-0.8525058627128601
O2c1ccccc1N(CC)C(=O)c3ccccc23 ,1,-8.331075668334961,-1.0029388666152954
O2c1ccccc1N(CC)C(=O)c3ccccc23 ,2,-8.331615447998047,-1.0030057430267334
O2c1ccccc1N(CC)C(=O)c3ccccc23 ,3,-8.331645011901855,-1.003009557723999
O2c1ccccc1N(CC)C(=O)c3ccccc23 ,4,-8.332058906555176,-1.0030605792999268
C1CCOCC1,1,-7.5725274085998535,-0.9088206887245178
C1CCOCC1,2,-7.572646141052246,-0.9088357090950012
C1CCOCC1,3,-7.572394847869873,-0.908804178237915
C1CCOCC1,4,-7.57256555557251,-0.9088266491889954
CCCCCC#C,1,-7.431816101074219,-0.8912671208381653
CCCCCC#C,2,-7.431552886962891,-0.8912354111671448
CCCCCC#C,3,-7.432977199554443,-0.891409695148468
CCCCCC#C,4,-7.431849479675293,-0.8912710547447205
c1cc2ccc(OC)c(CC=C(C)(C))c2oc1=O ,1,-8.038497924804688,-0.9666786789894104
c1cc2ccc(OC)c(CC=C(C)(C))c2oc1=O ,2,-8.038304328918457,-0.9666546583175659
c1cc2ccc(OC)c(CC=C(C)(C))c2oc1=O ,3,-8.038376808166504,-0.9666626453399658
c1cc2ccc(OC)c(CC=C(C)(C))c2oc1=O ,4,-8.038254737854004,-0.9666479229927063
c1cc(C)cc2c1c3cc4cccc5CCc(c45)c3cc2,1,-8.116259574890137,-0.976249098777771
c1cc(C)cc2c1c3cc4cccc5CCc(c45)c3cc2,2,-8.115999221801758,-0.9762166738510132
c1cc(C)cc2c1c3cc4cccc5CCc(c45)c3cc2,3,-8.114679336547852,-0.9760532379150391
c1cc(C)cc2c1c3cc4cccc5CCc(c45)c3cc2,4,-8.115116119384766,-0.9761075973510742
CCOC(=O)c1ccccc1,1,-8.048823356628418,-0.9679602384567261
CCOC(=O)c1ccccc1,2,-8.049506187438965,-0.9680457711219788
CCOC(=O)c1ccccc1,3,-8.049337387084961,-0.9680246114730835
CCOC(=O)c1ccccc1,4,-8.050544738769531,-0.9681736826896667
CC34CCC1C(CCc2cc(O)ccc12)C3CCC4(O)C#C ,1,-7.856383800506592,-0.9440364837646484
CC34CCC1C(CCc2cc(O)ccc12)C3CCC4(O)C#C ,2,-7.8575119972229,-0.9441765546798706
CC34CCC1C(CCc2cc(O)ccc12)C3CCC4(O)C#C ,3,-7.856382369995117,-0.944037675857544
CC34CCC1C(CCc2cc(O)ccc12)C3CCC4(O)C#C ,4,-7.858397006988525,-0.9442875981330872
CCCCCCCCCCCC(=O)OC,1,-7.4776201248168945,-0.8970409631729126
CCCCCCCCCCCC(=O)OC,2,-7.47710657119751,-0.8969781398773193
CCCCCCCCCCCC(=O)OC,3,-7.4788594245910645,-0.8971961736679077
CCCCCCCCCCCC(=O)OC,4,-7.479557037353516,-0.8972818851470947
c1ccc2cc3cc4ccccc4cc3cc2c1,1,-8.272501945495605,-0.9956332445144653
c1ccc2cc3cc4ccccc4cc3cc2c1,2,-8.271230697631836,-0.995476484298706
c1ccc2cc3cc4ccccc4cc3cc2c1,3,-8.272631645202637,-0.9956488609313965
c1ccc2cc3cc4ccccc4cc3cc2c1,4,-8.272286415100098,-0.9956066608428955
CCCC/C=C/C,1,-7.2846856117248535,-0.8730258345603943
CCCC/C=C/C,2,-7.284748554229736,-0.8730327486991882
CCCC/C=C/C,3,-7.285812854766846,-0.8731650114059448
CCCC/C=C/C,4,-7.286151885986328,-0.873206377029419
Cc1ncc(N(=O)=O)n1CCO ,1,-8.317788124084473,-1.0012074708938599
Cc1ncc(N(=O)=O)n1CCO ,2,-8.317130088806152,-1.0011260509490967
Cc1ncc(N(=O)=O)n1CCO ,3,-8.318617820739746,-1.0013110637664795
Cc1ncc(N(=O)=O)n1CCO ,4,-8.3186616897583,-1.0013163089752197
CCCCCC1CCCC1,1,-7.313760280609131,-0.8766374588012695
CCCCCC1CCCC1,2,-7.313669204711914,-0.876626193523407
CCCCCC1CCCC1,3,-7.314085006713867,-0.8766778111457825
CCCCCC1CCCC1,4,-7.312063694000244,-0.8764269351959229
O=C1NC(=O)NC(=O)C1(CC)C(C)C,1,-8.038928031921387,-0.9666664004325867
O=C1NC(=O)NC(=O)C1(CC)C(C)C,2,-8.038678169250488,-0.9666358232498169
O=C1NC(=O)NC(=O)C1(CC)C(C)C,3,-8.038564682006836,-0.9666211009025574
O=C1NC(=O)NC(=O)C1(CC)C(C)C,4,-8.03867244720459,-0.9666346907615662
O=C2NC(=O)C1(CCCCC1)C(=O)N2,1,-8.246639251708984,-0.9924478530883789
O=C2NC(=O)C1(CCCCC1)C(=O)N2,2,-8.246342658996582,-0.9924113750457764
O=C2NC(=O)C1(CCCCC1)C(=O)N2,3,-8.246419906616211,-0.9924218654632568
O=C2NC(=O)C1(CCCCC1)C(=O)N2,4,-8.246538162231445,-0.9924359321594238
CN(C)C(=O)OC1=CC(=O)CC(C)(C)C1 ,1,-7.88469934463501,-0.9475427269935608
CN(C)C(=O)OC1=CC(=O)CC(C)(C)C1 ,2,-7.884276866912842,-0.9474915266036987
CN(C)C(=O)OC1=CC(=O)CC(C)(C)C1 ,3,-7.88456392288208,-0.9475258588790894
CN(C)C(=O)OC1=CC(=O)CC(C)(C)C1 ,4,-7.884616851806641,-0.947532594203949
CCOCC,1,-7.353024005889893,-0.8815571665763855
CCOCC,2,-7.3534135818481445,-0.8816069960594177
CCOCC,3,-7.355572700500488,-0.8818735480308533
CCOCC,4,-7.355432987213135,-0.8818570375442505
CCCCN(CC)c1c(cc(cc1N(=O)=O)C(F)(F)F)N(=O)=O,1,-8.185093879699707,-0.9845739603042603
CCCCN(CC)c1c(cc(cc1N(=O)=O)C(F)(F)F)N(=O)=O,2,-8.185318946838379,-0.9846004247665405
CCCCN(CC)c1c(cc(cc1N(=O)=O)C(F)(F)F)N(=O)=O,3,-8.185653686523438,-0.9846426248550415
CCCCN(CC)c1c(cc(cc1N(=O)=O)C(F)(F)F)N(=O)=O,4,-8.185168266296387,-0.9845825433731079
Cc1cc(C)c(O)c(C)c1,1,-7.6870551109313965,-0.9230360984802246
Cc1cc(C)c(O)c(C)c1,2,-7.686901569366455,-0.9230167865753174
Cc1cc(C)c(O)c(C)c1,3,-7.686647891998291,-0.9229856133460999
Cc1cc(C)c(O)c(C)c1,4,-7.686623573303223,-0.9229828119277954
c1ccccc1,1,-7.989631652832031,-0.9604838490486145
c1ccccc1,2,-7.989482402801514,-0.9604654312133789
c1ccccc1,3,-7.98919677734375,-0.960430383682251
c1ccccc1,4,-7.989268779754639,-0.9604392051696777
C=Cc1ccccc1,1,-7.955448150634766,-0.9562491774559021
C=Cc1ccccc1,2,-7.954963207244873,-0.9561890959739685
C=Cc1ccccc1,3,-7.956056118011475,-0.9563236832618713
C=Cc1ccccc1,4,-7.954936981201172,-0.9561861753463745
COCOC,1,-7.531277179718018,-0.9036694765090942
COCOC,2,-7.530940055847168,-0.9036266207695007
COCOC,3,-7.53089714050293,-0.9036215543746948
COCOC,4,-7.531062126159668,-0.9036417007446289
Cc1ccccc1C,1,-7.669780254364014,-0.9208199977874756
Cc1ccccc1C,2,-7.66966438293457,-0.9208061695098877
Cc1ccccc1C,3,-7.669566631317139,-0.9207932353019714
Cc1ccccc1C,4,-7.670871257781982,-0.9209549427032471
CCC(C)O,1,-7.248655319213867,-0.8686243295669556
CCC(C)O,2,-7.248589992523193,-0.868617057800293
CCC(C)O,3,-7.248394966125488,-0.868593692779541
CCC(C)O,4,-7.247807025909424,-0.8685197234153748
Oc1ccc(O)cc1,1,-8.196252822875977,-0.9863052368164062
Oc1ccc(O)cc1,2,-8.196840286254883,-0.9863777160644531
Oc1ccc(O)cc1,3,-8.196063041687012,-0.9862819910049438
Oc1ccc(O)cc1,4,-8.196493148803711,-0.9863353967666626
CC34CCC1C(CCc2cc(O)ccc12)C3CC(O)C4O ,1,-7.819707870483398,-0.9395125508308411
CC34CCC1C(CCc2cc(O)ccc12)C3CC(O)C4O ,2,-7.818299770355225,-0.9393375515937805
CC34CCC1C(CCc2cc(O)ccc12)C3CC(O)C4O ,3,-7.818514347076416,-0.9393650889396667
CC34CCC1C(CCc2cc(O)ccc12)C3CC(O)C4O ,4,-7.81931734085083,-0.9394639730453491
C1c2ccccc2c3cc4ccccc4cc13,1,-8.217101097106934,-0.9887591600418091
C1c2ccccc2c3cc4ccccc4cc13,2,-8.215755462646484,-0.9885927438735962
C1c2ccccc2c3cc4ccccc4cc13,3,-8.21694278717041,-0.9887392520904541
C1c2ccccc2c3cc4ccccc4cc13,4,-8.215937614440918,-0.9886153936386108
O=C1CNC(=O)N1 ,1,-8.660796165466309,-1.043946623802185
O=C1CNC(=O)N1 ,2,-8.660904884338379,-1.043959617614746
O=C1CNC(=O)N1 ,3,-8.65975570678711,-1.0438181161880493
O=C1CNC(=O)N1 ,4,-8.660977363586426,-1.0439692735671997
c1(O)cc(O)ccc1CCCCCC,1,-7.698668479919434,-0.9244736433029175
c1(O)cc(O)ccc1CCCCCC,2,-7.698070526123047,-0.924401044845581
c1(O)cc(O)ccc1CCCCCC,3,-7.699937343597412,-0.924630880355835
c1(O)cc(O)ccc1CCCCCC,4,-7.699373722076416,-0.9245615601539612
Cc1c(C)c2c3ccccc3ccc2c4ccccc14,1,-8.06690502166748,-0.9701170921325684
Cc1c(C)c2c3ccccc3ccc2c4ccccc14,2,-8.067864418029785,-0.9702353477478027
Cc1c(C)c2c3ccccc3ccc2c4ccccc14,3,-8.067402839660645,-0.9701783657073975
Cc1c(C)c2c3ccccc3ccc2c4ccccc14,4,-8.067619323730469,-0.9702049493789673
CCCCC(=O)OC3(C(C)CC4C2CCC1=CC(=O)C=CC1(C)C2(F)C(O)CC34C)C(=O)CO,1,-7.8531880378723145,-0.9436511397361755
CCCCC(=O)OC3(C(C)CC4C2CCC1=CC(=O)C=CC1(C)C2(F)C(O)CC34C)C(=O)CO,2,-7.8564043045043945,-0.9440459609031677
CCCCC(=O)OC3(C(C)CC4C2CCC1=CC(=O)C=CC1(C)C2(F)C(O)CC34C)C(=O)CO,3,-7.852254867553711,-0.9435350298881531
CCCCC(=O)OC3(C(C)CC4C2CCC1=CC(=O)C=CC1(C)C2(F)C(O)CC34C)C(=O)CO,4,-7.854012489318848,-0.943755030632019
O=c2[nH]c(=O)c1[nH]c(=O)[nH]c1[nH]2 ,1,-9.068357467651367,-1.094661831855774
O=c2[nH]c(=O)c1[nH]c(=O)[nH]c1[nH]2 ,2,-9.069684982299805,-1.0948264598846436
O=c2[nH]c(=O)c1[nH]c(=O)[nH]c1[nH]2 ,3,-9.067840576171875,-1.0945982933044434
O=c2[nH]c(=O)c1[nH]c(=O)[nH]c1[nH]2 ,4,-9.0697603225708,-1.0948359966278076
CC(C)COC=O,1,-7.639298439025879,-0.917121946811676
CC(C)COC=O,2,-7.640059471130371,-0.9172164797782898
CC(C)COC=O,3,-7.63992166519165,-0.9171992540359497
CC(C)COC=O,4,-7.6388936042785645,-0.9170733690261841
CCN2c1nc(C)cc(C(F)(F)F)c1NC(=O)c3cccnc23 ,1,-8.526124000549316,-1.02687406539917
CCN2c1nc(C)cc(C(F)(F)F)c1NC(=O)c3cccnc23 ,2,-8.525884628295898,-1.026845932006836
CCN2c1nc(C)cc(C(F)(F)F)c1NC(=O)c3cccnc23 ,3,-8.520848274230957,-1.0262229442596436
CCN2c1nc(C)cc(C(F)(F)F)c1NC(=O)c3cccnc23 ,4,-8.521109580993652,-1.0262558460235596
CCCCCC,1,-7.135937213897705,-0.8545806407928467
CCCCCC,2,-7.136487007141113,-0.8546486496925354
CCCCCC,3,-7.136777400970459,-0.8546854853630066
CCCCCC,4,-7.135224342346191,-0.8544926047325134
COC(=O)c1cccnc1 ,1,-8.370621681213379,-1.0078729391098022
COC(=O)c1cccnc1 ,2,-8.372459411621094,-1.0080995559692383
COC(=O)c1cccnc1 ,3,-8.37156867980957,-1.0079898834228516
COC(=O)c1cccnc1 ,4,-8.370622634887695,-1.0078734159469604
c1ccc2c(c1)c3ccccc3c4ccccc24,1,-8.269556045532227,-0.995262622833252
c1ccc2c(c1)c3ccccc3c4ccccc24,2,-8.268425941467285,-0.9951233863830566
c1ccc2c(c1)c3ccccc3c4ccccc24,3,-8.267239570617676,-0.9949771165847778
c1ccc2c(c1)c3ccccc3c4ccccc24,4,-8.267833709716797,-0.9950501918792725
CC=C(C(=CC)c1ccc(O)cc1)c2ccc(O)cc2,1,-8.008462905883789,-0.9629252552986145
CC=C(C(=CC)c1ccc(O)cc1)c2ccc(O)cc2,2,-8.008332252502441,-0.962908923625946
CC=C(C(=CC)c1ccc(O)cc1)c2ccc(O)cc2,3,-8.008605003356934,-0.9629432559013367
CC=C(C(=CC)c1ccc(O)cc1)c2ccc(O)cc2,4,-8.008508682250977,-0.9629315137863159
CCCCC(CC)COC(=O)c1ccccc1C(=O)OCC(CC)CCCC,1,-7.679786205291748,-0.9221394062042236
CCCCC(CC)COC(=O)c1ccccc1C(=O)OCC(CC)CCCC,2,-7.6793317794799805,-0.9220836162567139
CCCCC(CC)COC(=O)c1ccccc1C(=O)OCC(CC)CCCC,3,-7.679245471954346,-0.9220731258392334
CCCCC(CC)COC(=O)c1ccccc1C(=O)OCC(CC)CCCC,4,-7.679993152618408,-0.9221653938293457
CCc1ccccn1,1,-7.951961040496826,-0.9557902216911316
CCc1ccccn1,2,-7.951973915100098,-0.9557923078536987
CCc1ccccn1,3,-7.9516921043396,-0.9557570815086365
CCc1ccccn1,4,-7.952057838439941,-0.9558019638061523
c1ccc(cc1)c2ccccc2,1,-8.118603706359863,-0.97651207447052
c1ccc(cc1)c2ccccc2,2,-8.11860466003418,-0.9765126705169678
c1ccc(cc1)c2ccccc2,3,-8.118375778198242,-0.976483941078186
c1ccc(cc1)c2ccccc2,4,-8.117258071899414,-0.9763462543487549
CN(C)c1nc(nc(n1)N(C)C)N(C)C,1,-8.00502872467041,-0.9625014066696167
CN(C)c1nc(nc(n1)N(C)C)N(C)C,2,-8.004990577697754,-0.9624963998794556
CN(C)c1nc(nc(n1)N(C)C)N(C)C,3,-8.00495719909668,-0.9624919891357422
CN(C)c1nc(nc(n1)N(C)C)N(C)C,4,-8.0052490234375,-0.9625275731086731
CC(C)CC(C)(C)O,1,-7.246675491333008,-0.8683739900588989
CC(C)CC(C)(C)O,2,-7.246411323547363,-0.868343710899353
CC(C)CC(C)(C)O,3,-7.24530029296875,-0.8682044744491577
CC(C)CC(C)(C)O,4,-7.245497226715088,-0.8682293891906738
O=C2NC(=O)C1(CCCCCC1)C(=O)N2 ,1,-8.165678024291992,-0.9823933839797974
O=C2NC(=O)C1(CCCCCC1)C(=O)N2 ,2,-8.166370391845703,-0.9824795722961426
O=C2NC(=O)C1(CCCCCC1)C(=O)N2 ,3,-8.167817115783691,-0.9826587438583374
O=C2NC(=O)C1(CCCCCC1)C(=O)N2 ,4,-8.16790771484375,-0.9826703071594238
OCC1OC(O)(CO)C(O)C1O,1,-7.77266788482666,-0.9337652921676636
OCC1OC(O)(CO)C(O)C1O,2,-7.78082275390625,-0.9347757697105408
OCC1OC(O)(CO)C(O)C1O,3,-7.775391101837158,-0.9341021776199341
OCC1OC(O)(CO)C(O)C1O,4,-7.7824530601501465,-0.9349798560142517
Cc1cc(C)cc(O)c1,1,-7.786713123321533,-0.9354050159454346
Cc1cc(C)cc(O)c1,2,-7.786757946014404,-0.9354109168052673
Cc1cc(C)cc(O)c1,3,-7.7869439125061035,-0.9354337453842163
Cc1cc(C)cc(O)c1,4,-7.786471366882324,-0.9353756904602051
CCC(C)(C)C,1,-7.07200288772583,-0.8466626405715942
CCC(C)(C)C,2,-7.0718159675598145,-0.846639096736908
CCC(C)(C)C,3,-7.071864604949951,-0.8466440439224243
CCC(C)(C)C,4,-7.072194576263428,-0.846686601638794
CNc1ccccc1,1,-7.903876304626465,-0.9498636722564697
CNc1ccccc1,2,-7.904533863067627,-0.9499446153640747
CNc1ccccc1,3,-7.904368877410889,-0.9499240517616272
CNc1ccccc1,4,-7.905722618103027,-0.9500912427902222
C=CCC=C,1,-7.545409679412842,-0.9053415656089783
C=CCC=C,2,-7.545758247375488,-0.9053841829299927
C=CCC=C,3,-7.545788288116455,-0.9053875803947449
C=CCC=C,4,-7.545401096343994,-0.9053406715393066
CC(=O)OCC(=O)C1(O)CCC2C3CCC4=CC(=O)CCC4(C)C3C(O)CC21C,1,-7.860431671142578,-0.9445832967758179
CC(=O)OCC(=O)C1(O)CCC2C3CCC4=CC(=O)CCC4(C)C3C(O)CC21C,2,-7.860220432281494,-0.9445571899414062
CC(=O)OCC(=O)C1(O)CCC2C3CCC4=CC(=O)CCC4(C)C3C(O)CC21C,3,-7.859233379364014,-0.9444352388381958
CC(=O)OCC(=O)C1(O)CCC2C3CCC4=CC(=O)CCC4(C)C3C(O)CC21C,4,-7.8600945472717285,-0.9445419907569885
Cc1cc(cc(N(=O)=O)c1O)N(=O)=O,1,-8.460184097290039,-1.0190099477767944
Cc1cc(cc(N(=O)=O)c1O)N(=O)=O,2,-8.458589553833008,-1.018818974494934
Cc1cc(cc(N(=O)=O)c1O)N(=O)=O,3,-8.459541320800781,-1.0189366340637207
Cc1cc(cc(N(=O)=O)c1O)N(=O)=O,4,-8.459486961364746,-1.0189290046691895
O=C1NC(=O)NC(=O)C1(C)CC,1,-8.225488662719727,-0.9898229837417603
O=C1NC(=O)NC(=O)C1(C)CC,2,-8.225542068481445,-0.9898298978805542
O=C1NC(=O)NC(=O)C1(C)CC,3,-8.22564697265625,-0.989842414855957
O=C1NC(=O)NC(=O)C1(C)CC,4,-8.225679397583008,-0.9898464679718018
OCCOc1ccccc1,1,-7.985389709472656,-0.960094690322876
OCCOc1ccccc1,2,-7.985650539398193,-0.9601259231567383
OCCOc1ccccc1,3,-7.986932754516602,-0.9602858424186707
OCCOc1ccccc1,4,-7.986850738525391,-0.960276186466217
C(c1ccccc1)c2ccccc2,1,-8.037341117858887,-0.9664202928543091
C(c1ccccc1)c2ccccc2,2,-8.037307739257812,-0.9664158225059509
C(c1ccccc1)c2ccccc2,3,-8.036165237426758,-0.9662752747535706
C(c1ccccc1)c2ccccc2,4,-8.036907196044922,-0.9663668870925903
CCCCCC(O)CC,1,-7.296237945556641,-0.874507486820221
CCCCCC(O)CC,2,-7.296975135803223,-0.8745988011360168
CCCCCC(O)CC,3,-7.295595169067383,-0.874428391456604
CCCCCC(O)CC,4,-7.296563625335693,-0.8745476603507996
CCCC(C)CO,1,-7.265453815460205,-0.8707005977630615
CCCC(C)CO,2,-7.268088340759277,-0.8710258603096008
CCCC(C)CO,3,-7.2674384117126465,-0.8709466457366943
CCCC(C)CO,4,-7.269413471221924,-0.8711910247802734
CCCCC(C)(C)O,1,-7.262368679046631,-0.870317816734314
CCCCC(C)(C)O,2,-7.264362335205078,-0.8705651760101318
CCCCC(C)(C)O,3,-7.264992713928223,-0.8706439733505249
CCCCC(C)(C)O,4,-7.264312267303467,-0.8705602288246155
CCc1ccccc1,1,-7.714148044586182,-0.9263136982917786
CCc1ccccc1,2,-7.714675426483154,-0.9263790845870972
CCc1ccccc1,3,-7.714194297790527,-0.926319420337677
CCc1ccccc1,4,-7.713929176330566,-0.9262868165969849
O=C1NC(=O)NC(=O)C1(CC)CC=C(C)C,1,-8.035422325134277,-0.9662330746650696
O=C1NC(=O)NC(=O)C1(CC)CC=C(C)C,2,-8.034598350524902,-0.9661311507225037
O=C1NC(=O)NC(=O)C1(CC)CC=C(C)C,3,-8.033312797546387,-0.9659712910652161
O=C1NC(=O)NC(=O)C1(CC)CC=C(C)C,4,-8.032811164855957,-0.9659093618392944
CC1(C)C(C(=O)OC(C#N)c2cccc(Oc3ccccc3)c2)C1(C)C,1,-8.08303451538086,-0.9721825122833252
CC1(C)C(C(=O)OC(C#N)c2cccc(Oc3ccccc3)c2)C1(C)C,2,-8.082956314086914,-0.9721729755401611
CC1(C)C(C(=O)OC(C#N)c2cccc(Oc3ccccc3)c2)C1(C)C,3,-8.083312034606934,-0.9722164869308472
CC1(C)C(C(=O)OC(C#N)c2cccc(Oc3ccccc3)c2)C1(C)C,4,-8.083368301391602,-0.9722236394882202
COC(C)(C)CCCC(C)CC=CC(C)=CC(=O)OC(C)C,1,-7.54758882522583,-0.905730664730072
COC(C)(C)CCCC(C)CC=CC(C)=CC(=O)OC(C)C,2,-7.548364162445068,-0.9058274030685425
COC(C)(C)CCCC(C)CC=CC(C)=CC(=O)OC(C)C,3,-7.547638416290283,-0.9057361483573914
COC(C)(C)CCCC(C)CC=CC(C)=CC(=O)OC(C)C,4,-7.547457695007324,-0.9057149291038513
CCOC(=O)CC,1,-7.653139114379883,-0.9188344478607178
CCOC(=O)CC,2,-7.652487754821777,-0.9187523722648621
CCOC(=O)CC,3,-7.652400016784668,-0.9187434315681458
CCOC(=O)CC,4,-7.6532440185546875,-0.9188476800918579
Cc1cc2ccccc2cc1C,1,-7.870687961578369,-0.9457608461380005
Cc1cc2ccccc2cc1C,2,-7.871017932891846,-0.9458009600639343
Cc1cc2ccccc2cc1C,3,-7.8719940185546875,-0.9459221363067627
Cc1cc2ccccc2cc1C,4,-7.8709635734558105,-0.9457947015762329
NC(N)=NC#N ,1,-8.151701927185059,-0.981552004814148
NC(N)=NC#N ,2,-8.152325630187988,-0.9816296100616455
NC(N)=NC#N ,3,-8.15251636505127,-0.9816522598266602
NC(N)=NC#N ,4,-8.152931213378906,-0.9817036390304565
COc1ccc(C=O)cc1,1,-8.166302680969238,-0.9825549125671387
COc1ccc(C=O)cc1,2,-8.166173934936523,-0.9825387001037598
COc1ccc(C=O)cc1,3,-8.165587425231934,-0.9824663400650024
COc1ccc(C=O)cc1,4,-8.165983200073242,-0.9825152158737183
CC(=O)Nc1ccc(cc1)N(=O)=O,1,-8.427998542785645,-1.014957308769226
CC(=O)Nc1ccc(cc1)N(=O)=O,2,-8.428301811218262,-1.0149948596954346
CC(=O)Nc1ccc(cc1)N(=O)=O,3,-8.427874565124512,-1.0149421691894531
CC(=O)Nc1ccc(cc1)N(=O)=O,4,-8.429232597351074,-1.0151101350784302
CCCCCCC(=O)OCC,1,-7.536367416381836,-0.9043421149253845
CCCCCCC(=O)OCC,2,-7.535803318023682,-0.9042720794677734
CCCCCCC(=O)OCC,3,-7.537538051605225,-0.9044880867004395
CCCCCCC(=O)OCC,4,-7.537278652191162,-0.9044557809829712
CC(=O)Nc1ccc(O)cc1,1,-8.206406593322754,-0.9874887466430664
CC(=O)Nc1ccc(O)cc1,2,-8.205955505371094,-0.9874330759048462
CC(=O)Nc1ccc(O)cc1,3,-8.206127166748047,-0.9874546527862549
CC(=O)Nc1ccc(O)cc1,4,-8.207708358764648,-0.9876499176025391
c2ccc1[nH]ncc1c2 ,1,-8.43867015838623,-1.0163297653198242
c2ccc1[nH]ncc1c2 ,2,-8.437822341918945,-1.01622474193573
c2ccc1[nH]ncc1c2 ,3,-8.43946361541748,-1.0164282321929932
c2ccc1[nH]ncc1c2 ,4,-8.439452171325684,-1.0164259672164917
CC5(C)OC4CC3C2CCC1=CC(=O)C=CC1(C)C2(F)C(O)CC3(C)C4(O5)C(=O)CO ,1,-7.932981014251709,-0.9535632729530334
CC5(C)OC4CC3C2CCC1=CC(=O)C=CC1(C)C2(F)C(O)CC3(C)C4(O5)C(=O)CO ,2,-7.933202266693115,-0.953590452671051
CC5(C)OC4CC3C2CCC1=CC(=O)C=CC1(C)C2(F)C(O)CC3(C)C4(O5)C(=O)CO ,3,-7.936213493347168,-0.9539622664451599
CC5(C)OC4CC3C2CCC1=CC(=O)C=CC1(C)C2(F)C(O)CC3(C)C4(O5)C(=O)CO ,4,-7.932828903198242,-0.9535432457923889
Nc2nc1[nH]cnc1c(=O)[nH]2 ,1,-8.840432167053223,-1.066502571105957
Nc2nc1[nH]cnc1c(=O)[nH]2 ,2,-8.842251777648926,-1.066727638244629
Nc2nc1[nH]cnc1c(=O)[nH]2 ,3,-8.842240333557129,-1.0667258501052856
Nc2nc1[nH]cnc1c(=O)[nH]2 ,4,-8.840638160705566,-1.066527247428894
COC(=O)C,1,-7.761759281158447,-0.9322878122329712
COC(=O)C,2,-7.761436462402344,-0.9322469234466553
COC(=O)C,3,-7.762246131896973,-0.9323478937149048
COC(=O)C,4,-7.761438369750977,-0.932248592376709
CC34CCC1C(CCC2CC(=O)CCC12C)C3CCC4O ,1,-7.628053188323975,-0.9156948924064636
CC34CCC1C(CCC2CC(=O)CCC12C)C3CCC4O ,2,-7.62702751159668,-0.9155670404434204
CC34CCC1C(CCC2CC(=O)CCC12C)C3CCC4O ,3,-7.62640905380249,-0.915490984916687
CC34CCC1C(CCC2CC(=O)CCC12C)C3CCC4O ,4,-7.62689733505249,-0.9155516028404236
CCCC(O)C=C,1,-7.444218158721924,-0.8928760886192322
CCCC(O)C=C,2,-7.4454145431518555,-0.893022358417511
CCCC(O)C=C,3,-7.443839073181152,-0.8928284049034119
CCCC(O)C=C,4,-7.442765712738037,-0.8926951289176941
OC(C1=CC2C5C(C1C2=C(c3ccccc3)c4ccccn4)C(=O)NC5=O)(c6ccccc6)c7ccccn7 ,1,-8.440056800842285,-1.0164724588394165
OC(C1=CC2C5C(C1C2=C(c3ccccc3)c4ccccn4)C(=O)NC5=O)(c6ccccc6)c7ccccn7 ,2,-8.438115119934082,-1.0162321329116821
OC(C1=CC2C5C(C1C2=C(c3ccccc3)c4ccccn4)C(=O)NC5=O)(c6ccccc6)c7ccccn7 ,3,-8.442327499389648,-1.0167521238327026
OC(C1=CC2C5C(C1C2=C(c3ccccc3)c4ccccn4)C(=O)NC5=O)(c6ccccc6)c7ccccn7 ,4,-8.438591957092285,-1.0162920951843262
CCCCOCCCC,1,-7.345495700836182,-0.8806277513504028
CCCCOCCCC,2,-7.348202228546143,-0.8809653520584106
CCCCOCCCC,3,-7.347443580627441,-0.8808713555335999
CCCCOCCCC,4,-7.347211837768555,-0.8808422684669495
CCCCCCCCCCCCO,1,-7.318192481994629,-0.8772156238555908
CCCCCCCCCCCCO,2,-7.318378925323486,-0.877238929271698
CCCCCCCCCCCCO,3,-7.318417072296143,-0.877244234085083
CCCCCCCCCCCCO,4,-7.318103790283203,-0.8772040009498596
CCN2c1nc(N(C)(CCO))ccc1NC(=O)c3cccnc23 ,1,-8.326757431030273,-1.0023411512374878
CCN2c1nc(N(C)(CCO))ccc1NC(=O)c3cccnc23 ,2,-8.326249122619629,-1.0022773742675781
CCN2c1nc(N(C)(CCO))ccc1NC(=O)c3cccnc23 ,3,-8.32990837097168,-1.0027302503585815
CCN2c1nc(N(C)(CCO))ccc1NC(=O)c3cccnc23 ,4,-8.326288223266602,-1.0022832155227661
CCCC(C)(C)O,1,-7.251437187194824,-0.8689664006233215
CCCC(C)(C)O,2,-7.250932216644287,-0.8689048290252686
CCCC(C)(C)O,3,-7.251049041748047,-0.8689192533493042
CCCC(C)(C)O,4,-7.251749515533447,-0.869006872177124
Nc1nc(=O)[nH]cc1F,1,-8.729701042175293,-1.052463173866272
Nc1nc(=O)[nH]cc1F,2,-8.730215072631836,-1.052526831626892
Nc1nc(=O)[nH]cc1F,3,-8.729329109191895,-1.052417278289795
Nc1nc(=O)[nH]cc1F,4,-8.7296781539917,-1.0524606704711914
CCCCOc1ccc(C(=O)OCC)c(c1)N(CC)CC ,1,-7.76112174987793,-0.9322105050086975
CCCCOc1ccc(C(=O)OCC)c(c1)N(CC)CC ,2,-7.76003360748291,-0.9320753812789917
CCCCOc1ccc(C(=O)OCC)c(c1)N(CC)CC ,3,-7.760640621185303,-0.9321503043174744
CCCCOc1ccc(C(=O)OCC)c(c1)N(CC)CC ,4,-7.761009693145752,-0.9321966767311096
CCCCCC(C)(C)O,1,-7.274665355682373,-0.8718389868736267
CCCCCC(C)(C)O,2,-7.274747848510742,-0.8718477487564087
CCCCCC(C)(C)O,3,-7.272680759429932,-0.8715927600860596
CCCCCC(C)(C)O,4,-7.273169040679932,-0.8716524243354797
Cc1c(C)c(C)c(C)c(C)c1C,1,-7.416116714477539,-0.8893701434135437
Cc1c(C)c(C)c(C)c(C)c1C,2,-7.416263103485107,-0.8893882036209106
Cc1c(C)c(C)c(C)c(C)c1C,3,-7.4158501625061035,-0.889336109161377
Cc1c(C)c(C)c(C)c(C)c1C,4,-7.415912628173828,-0.889344334602356
CC(C)c1ccc(C)cc1O,1,-7.654860973358154,-0.9190301895141602
CC(C)c1ccc(C)cc1O,2,-7.655124187469482,-0.9190630912780762
CC(C)c1ccc(C)cc1O,3,-7.654971122741699,-0.9190434217453003
CC(C)c1ccc(C)cc1O,4,-7.654375076293945,-0.9189703464508057
c2cnc1ncncc1n2,1,-9.237497329711914,-1.115363597869873
c2cnc1ncncc1n2,2,-9.238194465637207,-1.1154497861862183
c2cnc1ncncc1n2,3,-9.23957347869873,-1.1156202554702759
c2cnc1ncncc1n2,4,-9.238851547241211,-1.1155308485031128
C,1,-6.456823348999023,-0.7703467011451721
C,2,-6.45664644241333,-0.7703242301940918
C,3,-6.45719051361084,-0.7703934907913208
C,4,-6.455197334289551,-0.7701412439346313
c2ccc1NCCc1c2 ,1,-8.02596378326416,-0.9650256037712097
c2ccc1NCCc1c2 ,2,-8.027385711669922,-0.9652016162872314
c2ccc1NCCc1c2 ,3,-8.025440216064453,-0.964960515499115
c2ccc1NCCc1c2 ,4,-8.02527904510498,-0.9649409055709839
O=N(=O)c1cccc2ccccc12,1,-8.505475997924805,-1.0245678424835205
O=N(=O)c1cccc2ccccc12,2,-8.506915092468262,-1.0247454643249512
O=N(=O)c1cccc2ccccc12,3,-8.50749683380127,-1.0248174667358398
O=N(=O)c1cccc2ccccc12,4,-8.506437301635742,-1.0246860980987549
CCC(C)C(=O)C,1,-7.429231643676758,-0.8910351991653442
CCC(C)C(=O)C,2,-7.429140567779541,-0.8910240530967712
CCC(C)C(=O)C,3,-7.430078983306885,-0.8911412358283997
CCC(C)C(=O)C,4,-7.4288411140441895,-0.8909885883331299
Nc1nc(O)nc2nc[nH]c12 ,1,-8.85367202758789,-1.0681066513061523
Nc1nc(O)nc2nc[nH]c12 ,2,-8.853780746459961,-1.068120002746582
Nc1nc(O)nc2nc[nH]c12 ,3,-8.853080749511719,-1.0680333375930786
Nc1nc(O)nc2nc[nH]c12 ,4,-8.853921890258789,-1.0681370496749878
CN(=O)=O,1,-7.770987033843994,-0.9335553050041199
CN(=O)=O,2,-7.771893501281738,-0.9336676597595215
CN(=O)=O,3,-7.772091388702393,-0.9336920976638794
CN(=O)=O,4,-7.772873878479004,-0.9337887763977051
C=CCCC=C,1,-7.50814151763916,-0.9007214903831482
C=CCCC=C,2,-7.508306980133057,-0.9007422924041748
C=CCCC=C,3,-7.509382724761963,-0.9008767008781433
C=CCCC=C,4,-7.5074567794799805,-0.900638222694397
c2ccc1[nH]ccc1c2,1,-8.28051471710205,-0.9966164827346802
c2ccc1[nH]ccc1c2,2,-8.280372619628906,-0.9965989589691162
c2ccc1[nH]ccc1c2,3,-8.282599449157715,-0.9968737363815308
c2ccc1[nH]ccc1c2,4,-8.28294849395752,-0.9969162940979004
CC34CCC1C(CCC2=CC(=O)CCC12C)C3CCC4=O,1,-7.754976272583008,-0.9314491748809814
CC34CCC1C(CCC2=CC(=O)CCC12C)C3CCC4=O,2,-7.754432201385498,-0.931382417678833
CC34CCC1C(CCC2=CC(=O)CCC12C)C3CCC4=O,3,-7.754575252532959,-0.931399941444397
CC34CCC1C(CCC2=CC(=O)CCC12C)C3CCC4=O,4,-7.755638599395752,-0.9315323829650879
CCCCC=C,1,-7.302852153778076,-0.8752744197845459
CCCCC=C,2,-7.301321029663086,-0.8750845193862915
CCCCC=C,3,-7.3010735511779785,-0.8750532269477844
CCCCC=C,4,-7.302806854248047,-0.875268280506134
CCC1CCCCC1,1,-7.311119079589844,-0.8763097524642944
CCC1CCCCC1,2,-7.31182336807251,-0.8763967156410217
CCC1CCCCC1,3,-7.311902046203613,-0.8764063119888306
CCC1CCCCC1,4,-7.311502933502197,-0.8763567805290222
CCCCCCCC(=O)C,1,-7.425859451293945,-0.8905972242355347
CCCCCCCC(=O)C,2,-7.428420543670654,-0.8909149765968323
CCCCCCCC(=O)C,3,-7.425448417663574,-0.8905460238456726
CCCCCCCC(=O)C,4,-7.4249396324157715,-0.8904844522476196
COC(=O)Nc2nc1ccc(cc1[nH]2)C(=O)c3ccccc3,1,-8.528149604797363,-1.027437686920166
COC(=O)Nc2nc1ccc(cc1[nH]2)C(=O)c3ccccc3,2,-8.528458595275879,-1.0274759531021118
COC(=O)Nc2nc1ccc(cc1[nH]2)C(=O)c3ccccc3,3,-8.528005599975586,-1.0274196863174438
COC(=O)Nc2nc1ccc(cc1[nH]2)C(=O)c3ccccc3,4,-8.528116226196289,-1.0274337530136108
CNC(=O)Oc1cccc2ccccc12,1,-8.271859169006348,-0.9956152439117432
CNC(=O)Oc1cccc2ccccc12,2,-8.272318840026855,-0.9956719875335693
CNC(=O)Oc1cccc2ccccc12,3,-8.272622108459473,-0.9957095384597778
CNC(=O)Oc1cccc2ccccc12,4,-8.272439956665039,-0.9956872463226318
C#C,1,-7.999309062957764,-0.9616067409515381
C#C,2,-7.99904203414917,-0.9615727066993713
C#C,3,-7.998971939086914,-0.9615634679794312
C#C,4,-7.9992828369140625,-0.9616026878356934
Cc1cncc(C)c1,1,-7.893483638763428,-0.9485526084899902
Cc1cncc(C)c1,2,-7.893168926239014,-0.9485139846801758
Cc1cncc(C)c1,3,-7.893929958343506,-0.9486080408096313
Cc1cncc(C)c1,4,-7.893657684326172,-0.9485739469528198
C1C=CCC=C1,1,-7.730703830718994,-0.9283427596092224
C1C=CCC=C1,2,-7.729407787322998,-0.9281826615333557
C1C=CCC=C1,3,-7.729006767272949,-0.9281330704689026
C1C=CCC=C1,4,-7.729953289031982,-0.9282500743865967
CC(O)c1ccccc1,1,-7.83521842956543,-0.9414154887199402
CC(O)c1ccccc1,2,-7.835061550140381,-0.9413973093032837
CC(O)c1ccccc1,3,-7.837432384490967,-0.9416906237602234
CC(O)c1ccccc1,4,-7.837121963500977,-0.9416528344154358
CCCC=C(CC)C=O,1,-7.529358863830566,-0.9034476280212402
CCCC=C(CC)C=O,2,-7.52846622467041,-0.9033370018005371
CCCC=C(CC)C=O,3,-7.527491092681885,-0.9032155871391296
CCCC=C(CC)C=O,4,-7.527100563049316,-0.9031665921211243
CC(=O)OC3(C)CCC4C2CCC1=CC(=O)CCC1(C)C2CCC34C ,1,-7.7214226722717285,-0.9273024797439575
CC(=O)OC3(C)CCC4C2CCC1=CC(=O)CCC1(C)C2CCC34C ,2,-7.72112512588501,-0.9272658824920654
CC(=O)OC3(C)CCC4C2CCC1=CC(=O)CCC1(C)C2CCC34C ,3,-7.7220354080200195,-0.9273786544799805
CC(=O)OC3(C)CCC4C2CCC1=CC(=O)CCC1(C)C2CCC34C ,4,-7.720776081085205,-0.9272229671478271
c1(C(=O)OCCCCCC(C)(C))c(C(=O)OCCCCCC(C)(C))cccc1,1,-7.680850505828857,-0.922271728515625
c1(C(=O)OCCCCCC(C)(C))c(C(=O)OCCCCCC(C)(C))cccc1,2,-7.682213306427002,-0.922441303730011
c1(C(=O)OCCCCCC(C)(C))c(C(=O)OCCCCCC(C)(C))cccc1,3,-7.682113170623779,-0.9224286079406738
c1(C(=O)OCCCCCC(C)(C))c(C(=O)OCCCCCC(C)(C))cccc1,4,-7.6822590827941895,-0.9224463105201721
CC12CC(O)C3C(CCC4=CC(=O)CCC34C)C2CCC1C(=O)CO,1,-7.780930995941162,-0.9347007870674133
CC12CC(O)C3C(CCC4=CC(=O)CCC34C)C2CCC1C(=O)CO,2,-7.779067039489746,-0.9344679713249207
CC12CC(O)C3C(CCC4=CC(=O)CCC34C)C2CCC1C(=O)CO,3,-7.780776023864746,-0.9346811175346375
CC12CC(O)C3C(CCC4=CC(=O)CCC34C)C2CCC1C(=O)CO,4,-7.780688285827637,-0.9346709847450256
Cc1cc(C)cc(C)c1,1,-7.58526086807251,-0.9103396534919739
Cc1cc(C)cc(C)c1,2,-7.584537506103516,-0.9102510213851929
Cc1cc(C)cc(C)c1,3,-7.584892272949219,-0.9102944731712341
Cc1cc(C)cc(C)c1,4,-7.584866046905518,-0.9102915525436401
CCCCCCCCOC(=O)c1ccccc1C(=O)OCCCCCCCC ,1,-7.69404935836792,-0.9239082336425781
CCCCCCCCOC(=O)c1ccccc1C(=O)OCCCCCCCC ,2,-7.694873809814453,-0.9240100383758545
CCCCCCCCOC(=O)c1ccccc1C(=O)OCCCCCCCC ,3,-7.694031715393066,-0.9239052534103394
CCCCCCCCOC(=O)c1ccccc1C(=O)OCCCCCCCC ,4,-7.693637847900391,-0.9238560795783997
CCCCCCCCCCCCCCCO,1,-7.3242902755737305,-0.8779666423797607
CCCCCCCCCCCCCCCO,2,-7.3236470222473145,-0.8778871297836304
CCCCCCCCCCCCCCCO,3,-7.324748992919922,-0.8780239224433899
CCCCCCCCCCCCCCCO,4,-7.323225498199463,-0.877835214138031
O=C1NC(=O)NC(=O)C1(C)C,1,-8.343803405761719,-1.0045150518417358
O=C1NC(=O)NC(=O)C1(C)C,2,-8.343539237976074,-1.0044828653335571
O=C1NC(=O)NC(=O)C1(C)C,3,-8.343696594238281,-1.0045020580291748
O=C1NC(=O)NC(=O)C1(C)C,4,-8.343758583068848,-1.0045099258422852
O=N(=O)c1ccccc1N(=O)=O,1,-8.70473861694336,-1.0493292808532715
O=N(=O)c1ccccc1N(=O)=O,2,-8.706570625305176,-1.0495555400848389
O=N(=O)c1ccccc1N(=O)=O,3,-8.70645523071289,-1.0495411157608032
O=N(=O)c1ccccc1N(=O)=O,4,-8.706559181213379,-1.0495539903640747
CC(C)C(=O)C,1,-7.446119785308838,-0.8931379318237305
CC(C)C(=O)C,2,-7.446754455566406,-0.8932164907455444
CC(C)C(=O)C,3,-7.446568489074707,-0.8931940793991089
CC(C)C(=O)C,4,-7.446400165557861,-0.8931717276573181
CCCCCCCCCCCCCCCC,1,-7.260807991027832,-0.8700672388076782
CCCCCCCCCCCCCCCC,2,-7.261096000671387,-0.8701031804084778
CCCCCCCCCCCCCCCC,3,-7.2609453201293945,-0.8700840473175049
CCCCCCCCCCCCCCCC,4,-7.261048316955566,-0.8700977563858032
CC12CCC(CC1)C(C)(C)O2,1,-7.499112129211426,-0.8997008204460144
CC12CCC(CC1)C(C)(C)O2,2,-7.4992194175720215,-0.8997138142585754
CC12CCC(CC1)C(C)(C)O2,3,-7.4995927810668945,-0.8997600078582764
CC12CCC(CC1)C(C)(C)O2,4,-7.499341011047363,-0.8997285962104797
CCCCCCC(=O)C,1,-7.436152935028076,-0.8918784260749817
CCCCCCC(=O)C,2,-7.436904430389404,-0.8919735550880432
CCCCCCC(=O)C,3,-7.434999465942383,-0.8917362093925476
CCCCCCC(=O)C,4,-7.436078071594238,-0.891869306564331
CCCCCCCCC(=O)OC,1,-7.5122151374816895,-0.9013429880142212
CCCCCCCCC(=O)OC,2,-7.513260364532471,-0.9014743566513062
CCCCCCCCC(=O)OC,3,-7.512030601501465,-0.9013205170631409
CCCCCCCCC(=O)OC,4,-7.512641429901123,-0.9013965129852295
Fc1ccc(F)cc1,1,-8.459059715270996,-1.0183933973312378
Fc1ccc(F)cc1,2,-8.459091186523438,-1.0183967351913452
Fc1ccc(F)cc1,3,-8.459020614624023,-1.0183886289596558
Fc1ccc(F)cc1,4,-8.460679054260254,-1.0185933113098145
O=C1N(C2CCC(=O)NC2=O)C(=O)c3ccccc13,1,-8.659749984741211,-1.0437297821044922
O=C1N(C2CCC(=O)NC2=O)C(=O)c3ccccc13,2,-8.660526275634766,-1.0438247919082642
O=C1N(C2CCC(=O)NC2=O)C(=O)c3ccccc13,3,-8.659822463989258,-1.0437380075454712
O=C1N(C2CCC(=O)NC2=O)C(=O)c3ccccc13,4,-8.659229278564453,-1.0436651706695557
CCCN(CCC)c1c(cc(cc1N(=O)=O)C(F)(F)F)N(=O)=O,1,-8.186593055725098,-0.9847581386566162
CCCN(CCC)c1c(cc(cc1N(=O)=O)C(F)(F)F)N(=O)=O,2,-8.186567306518555,-0.9847548007965088
CCCN(CCC)c1c(cc(cc1N(=O)=O)C(F)(F)F)N(=O)=O,3,-8.185290336608887,-0.9845978021621704
CCCN(CCC)c1c(cc(cc1N(=O)=O)C(F)(F)F)N(=O)=O,4,-8.18725299835205,-0.9848383665084839
CCO,1,-7.177515983581543,-0.8598073124885559
CCO,2,-7.178679466247559,-0.8599504232406616
CCO,3,-7.177248477935791,-0.8597713112831116
CCO,4,-7.174999237060547,-0.8594939708709717
O=C2NC(=O)C1(CCCC1)C(=O)N2,1,-8.342875480651855,-1.0044031143188477
O=C2NC(=O)C1(CCCC1)C(=O)N2,2,-8.343511581420898,-1.0044810771942139
O=C2NC(=O)C1(CCCC1)C(=O)N2,3,-8.343506813049316,-1.0044801235198975
O=C2NC(=O)C1(CCCC1)C(=O)N2,4,-8.34312629699707,-1.0044331550598145
c1c(NC(=O)OC(C)C(=O)NCC)cccc1,1,-8.125146865844727,-0.9773722887039185
c1c(NC(=O)OC(C)C(=O)NCC)cccc1,2,-8.125201225280762,-0.977379322052002
c1c(NC(=O)OC(C)C(=O)NCC)cccc1,3,-8.125986099243164,-0.9774765968322754
c1c(NC(=O)OC(C)C(=O)NCC)cccc1,4,-8.124458312988281,-0.9772868156433105
CC(C)=CC3C(C(=O)OCc2cccc(Oc1ccccc1)c2)C3(C)C ,1,-7.954834938049316,-0.9562678933143616
CC(C)=CC3C(C(=O)OCc2cccc(Oc1ccccc1)c2)C3(C)C ,2,-7.955812454223633,-0.9563890695571899
CC(C)=CC3C(C(=O)OCc2cccc(Oc1ccccc1)c2)C3(C)C ,3,-7.955146312713623,-0.9563069343566895
CC(C)=CC3C(C(=O)OCc2cccc(Oc1ccccc1)c2)C3(C)C ,4,-7.954466819763184,-0.9562220573425293
CN(C)C(=O)NC1CCCCCCC1,1,-7.65887975692749,-0.9194481372833252
CN(C)C(=O)NC1CCCCCCC1,2,-7.658452987670898,-0.919394314289093
CN(C)C(=O)NC1CCCCCCC1,3,-7.658957004547119,-0.9194572567939758
CN(C)C(=O)NC1CCCCCCC1,4,-7.658657073974609,-0.9194197654724121
CCCCNC(=O)n1c(NC(=O)OC)nc2ccccc12,1,-8.250089645385742,-0.9928666353225708
CCCCNC(=O)n1c(NC(=O)OC)nc2ccccc12,2,-8.253752708435059,-0.993317723274231
CCCCNC(=O)n1c(NC(=O)OC)nc2ccccc12,3,-8.253436088562012,-0.9932776689529419
CCCCNC(=O)n1c(NC(=O)OC)nc2ccccc12,4,-8.253629684448242,-0.9933029413223267
CN(C)c2c(C)n(C)n(c1ccccc1)c2=O ,1,-8.065459251403809,-0.9699217081069946
CN(C)c2c(C)n(C)n(c1ccccc1)c2=O ,2,-8.064173698425293,-0.9697632789611816
CN(C)c2c(C)n(C)n(c1ccccc1)c2=O ,3,-8.064027786254883,-0.9697457551956177
CN(C)c2c(C)n(C)n(c1ccccc1)c2=O ,4,-8.06459903717041,-0.969815731048584
CCC(O)CC,1,-7.267466068267822,-0.8709519505500793
CCC(O)CC,2,-7.268340587615967,-0.8710615634918213
CCC(O)CC,3,-7.268514633178711,-0.8710823059082031
CCC(O)CC,4,-7.265003681182861,-0.8706483244895935
Cc1ccc(cc1)N(=O)=O,1,-8.255218505859375,-0.9934960603713989
Cc1ccc(cc1)N(=O)=O,2,-8.255148887634277,-0.9934872388839722
Cc1ccc(cc1)N(=O)=O,3,-8.256125450134277,-0.993606686592102
Cc1ccc(cc1)N(=O)=O,4,-8.255735397338867,-0.9935600757598877
CC(C)CCCO,1,-7.2687458992004395,-0.8711069822311401
CC(C)CCCO,2,-7.2695112228393555,-0.8712030053138733
CC(C)CCCO,3,-7.26671028137207,-0.8708547353744507
CC(C)CCCO,4,-7.268717288970947,-0.8711046576499939
CC34CCC1C(CCC2=CC(=O)CCC12O)C3CCC4(O)C#C,1,-7.839611530303955,-0.9419680833816528
CC34CCC1C(CCC2=CC(=O)CCC12O)C3CCC4(O)C#C,2,-7.838470935821533,-0.9418269395828247
CC34CCC1C(CCC2=CC(=O)CCC12O)C3CCC4(O)C#C,3,-7.838873863220215,-0.9418774247169495
CC34CCC1C(CCC2=CC(=O)CCC12O)C3CCC4(O)C#C,4,-7.836306571960449,-0.9415592551231384
CCC(C)(C)O,1,-7.2333903312683105,-0.8667349815368652
CCC(C)(C)O,2,-7.234859943389893,-0.8669183850288391
CCC(C)(C)O,3,-7.234817028045654,-0.866912305355072
CCC(C)(C)O,4,-7.234561443328857,-0.8668798208236694
Cc1ccc(O)cc1,1,-7.921638488769531,-0.9521524310112
Cc1ccc(O)cc1,2,-7.921267509460449,-0.9521066546440125
Cc1ccc(O)cc1,3,-7.921362400054932,-0.952118456363678
Cc1ccc(O)cc1,4,-7.923125267028809,-0.9523358941078186
CCOC=O,1,-7.810720443725586,-0.9383554458618164
CCOC=O,2,-7.810850620269775,-0.9383725523948669
CCOC=O,3,-7.811914920806885,-0.9385031461715698
CCOC=O,4,-7.810805797576904,-0.9383653402328491
CN(C)c1ccccc1,1,-7.822924613952637,-0.9397916793823242
CN(C)c1ccccc1,2,-7.822635173797607,-0.9397560358047485
CN(C)c1ccccc1,3,-7.82179069519043,-0.9396520256996155
CN(C)c1ccccc1,4,-7.822543621063232,-0.9397448301315308
C1CCC2CCCCC2C1,1,-7.434274196624756,-0.8915825486183167
C1CCC2CCCCC2C1,2,-7.43526554107666,-0.8917058110237122
C1CCC2CCCCC2C1,3,-7.43538236618042,-0.8917196393013
C1CCC2CCCCC2C1,4,-7.435432434082031,-0.8917255401611328
c1ccc2c(c1)c3cccc4ccc5cccc2c5c43,1,-8.338031768798828,-1.0037713050842285
c1ccc2c(c1)c3cccc4ccc5cccc2c5c43,2,-8.336703300476074,-1.0036072731018066
c1ccc2c(c1)c3cccc4ccc5cccc2c5c43,3,-8.33752155303955,-1.0037086009979248
c1ccc2c(c1)c3cccc4ccc5cccc2c5c43,4,-8.336853981018066,-1.0036258697509766
CCC(=O)CC,1,-7.4743571281433105,-0.8966354727745056
CCC(=O)CC,2,-7.474283218383789,-0.8966280817985535
CCC(=O)CC,3,-7.475618362426758,-0.8967931866645813
CCC(=O)CC,4,-7.475246429443359,-0.896748423576355
C=CC#N,1,-8.422283172607422,-1.0141438245773315
C=CC#N,2,-8.423084259033203,-1.014242172241211
C=CC#N,3,-8.423564910888672,-1.0143011808395386
C=CC#N,4,-8.423174858093262,-1.0142533779144287
CC1CC2C3CC(F)C4=CC(=O)C=CC4(C)C3(F)C(O)CC2(C)C1(O)C(=O)CO,1,-7.9401631355285645,-0.9544021487236023
CC1CC2C3CC(F)C4=CC(=O)C=CC4(C)C3(F)C(O)CC2(C)C1(O)C(=O)CO,2,-7.937437534332275,-0.9540668725967407
CC1CC2C3CC(F)C4=CC(=O)C=CC4(C)C3(F)C(O)CC2(C)C1(O)C(=O)CO,3,-7.938398838043213,-0.9541844129562378
CC1CC2C3CC(F)C4=CC(=O)C=CC4(C)C3(F)C(O)CC2(C)C1(O)C(=O)CO,4,-7.9384918212890625,-0.9541968703269958
CCCCC(=O)C,1,-7.462785243988037,-0.8951950669288635
CCCCC(=O)C,2,-7.46174430847168,-0.895065426826477
CCCCC(=O)C,3,-7.462035179138184,-0.8951008915901184
CCCCC(=O)C,4,-7.461425304412842,-0.8950244188308716
CCNc1nc(NC(C)(C)C)nc(OC)n1,1,-7.958550453186035,-0.9566983580589294
CCNc1nc(NC(C)(C)C)nc(OC)n1,2,-7.959713935852051,-0.9568422436714172
CCNc1nc(NC(C)(C)C)nc(OC)n1,3,-7.958927154541016,-0.9567450881004333
CCNc1nc(NC(C)(C)C)nc(OC)n1,4,-7.95863676071167,-0.956709623336792
CCCCC(C)CC,1,-7.163736343383789,-0.8580296635627747
CCCCC(C)CC,2,-7.164066314697266,-0.8580714464187622
CCCCC(C)CC,3,-7.164275646209717,-0.8580989837646484
CCCCC(C)CC,4,-7.165610313415527,-0.8582642078399658
CNC(=O)Oc1ccccc1C(C)C,1,-7.909239292144775,-0.9505984783172607
CNC(=O)Oc1ccccc1C(C)C,2,-7.909386157989502,-0.9506167769432068
CNC(=O)Oc1ccccc1C(C)C,3,-7.908853054046631,-0.9505504965782166
CNC(=O)Oc1ccccc1C(C)C,4,-7.908789157867432,-0.9505428075790405
C1c2ccccc2c3ccc4ccccc4c13,1,-8.213553428649902,-0.9883196353912354
C1c2ccccc2c3ccc4ccccc4c13,2,-8.213602066040039,-0.9883254766464233
C1c2ccccc2c3ccc4ccccc4c13,3,-8.21407413482666,-0.9883840084075928
C1c2ccccc2c3ccc4ccccc4c13,4,-8.215198516845703,-0.9885231256484985
COC(=O)C=C,1,-7.958438873291016,-0.9567416310310364
COC(=O)C=C,2,-7.9575066566467285,-0.9566270709037781
COC(=O)C=C,3,-7.958012104034424,-0.956689715385437
COC(=O)C=C,4,-7.957186698913574,-0.9565880298614502
N(=Nc1ccccc1)c2ccccc2,1,-8.37451171875,-1.0083087682724
N(=Nc1ccccc1)c2ccccc2,2,-8.374898910522461,-1.0083564519882202
N(=Nc1ccccc1)c2ccccc2,3,-8.375958442687988,-1.008487582206726
N(=Nc1ccccc1)c2ccccc2,4,-8.374512672424316,-1.0083087682724
CC(C)c1ccc(C)cc1,1,-7.561408042907715,-0.907374918460846
CC(C)c1ccc(C)cc1,2,-7.561723709106445,-0.9074134826660156
CC(C)c1ccc(C)cc1,3,-7.5620880126953125,-0.9074588418006897
CC(C)c1ccc(C)cc1,4,-7.561729907989502,-0.9074147343635559
OCC2OC(OC1(CO)OC(CO)C(O)C1O)C(O)C(O)C2O ,1,-7.875703811645508,-0.9465408325195312
OCC2OC(OC1(CO)OC(CO)C(O)C1O)C(O)C(O)C2O ,2,-7.879249095916748,-0.9469805955886841
OCC2OC(OC1(CO)OC(CO)C(O)C1O)C(O)C(O)C2O ,3,-7.8762125968933105,-0.9466047883033752
OCC2OC(OC1(CO)OC(CO)C(O)C1O)C(O)C(O)C2O ,4,-7.879002094268799,-0.9469506740570068
OC1C(O)C(O)C(O)C(O)C1O,1,-7.782979965209961,-0.9350674152374268
OC1C(O)C(O)C(O)C(O)C1O,2,-7.782632827758789,-0.9350258708000183
OC1C(O)C(O)C(O)C(O)C1O,3,-7.780264377593994,-0.9347313046455383
OC1C(O)C(O)C(O)C(O)C1O,4,-7.785378456115723,-0.9353663921356201
Cn2c(=O)n(C)c1ncn(CC(O)CO)c1c2=O,1,-8.39413070678711,-1.010682463645935
Cn2c(=O)n(C)c1ncn(CC(O)CO)c1c2=O,2,-8.39660358428955,-1.0109890699386597
Cn2c(=O)n(C)c1ncn(CC(O)CO)c1c2=O,3,-8.394325256347656,-1.0107063055038452
Cn2c(=O)n(C)c1ncn(CC(O)CO)c1c2=O,4,-8.39614200592041,-1.0109323263168335
CCC(O)(CC)CC,1,-7.259020805358887,-0.869903564453125
CCC(O)(CC)CC,2,-7.2579545974731445,-0.8697717785835266
CCC(O)(CC)CC,3,-7.256803035736084,-0.8696286678314209
CCC(O)(CC)CC,4,-7.258371829986572,-0.8698237538337708
C2c1ccccc1N(CCF)C(=O)c3ccccc23 ,1,-8.27793025970459,-0.9962412118911743
C2c1ccccc1N(CCF)C(=O)c3ccccc23 ,2,-8.278860092163086,-0.9963561296463013
C2c1ccccc1N(CCF)C(=O)c3ccccc23 ,3,-8.279326438903809,-0.9964134693145752
C2c1ccccc1N(CCF)C(=O)c3ccccc23 ,4,-8.279165267944336,-0.9963936805725098
CC(C)C(=O)C(C)C,1,-7.392910480499268,-0.8865266442298889
CC(C)C(=O)C(C)C,2,-7.392895698547363,-0.8865244388580322
CC(C)C(=O)C(C)C,3,-7.392780780792236,-0.886511504650116
CC(C)C(=O)C(C)C,4,-7.392195701599121,-0.8864395618438721
O=C1NC(=O)NC(=O)C1(C(C)C)CC=C(C)C,1,-7.971249580383301,-0.9582682251930237
O=C1NC(=O)NC(=O)C1(C(C)C)CC=C(C)C,2,-7.96752405166626,-0.9578070044517517
O=C1NC(=O)NC(=O)C1(C(C)C)CC=C(C)C,3,-7.967868328094482,-0.9578503966331482
O=C1NC(=O)NC(=O)C1(C(C)C)CC=C(C)C,4,-7.9679975509643555,-0.9578655958175659
c1c(O)C2C(=O)C3cc(O)ccC3OC2cc1(OC),1,-8.265364646911621,-0.9948760271072388
c1c(O)C2C(=O)C3cc(O)ccC3OC2cc1(OC),2,-8.265344619750977,-0.9948736429214478
c1c(O)C2C(=O)C3cc(O)ccC3OC2cc1(OC),3,-8.264175415039062,-0.9947270154953003
c1c(O)C2C(=O)C3cc(O)ccC3OC2cc1(OC),4,-8.265098571777344,-0.9948441982269287
Cn1cnc2n(C)c(=O)n(C)c(=O)c12,1,-8.557402610778809,-1.030909538269043
Cn1cnc2n(C)c(=O)n(C)c(=O)c12,2,-8.55781078338623,-1.030959963798523
Cn1cnc2n(C)c(=O)n(C)c(=O)c12,3,-8.558246612548828,-1.031014084815979
Cn1cnc2n(C)c(=O)n(C)c(=O)c12,4,-8.557631492614746,-1.030937671661377
Cc1ccc(O)cc1C,1,-7.7847900390625,-0.9351652264595032
Cc1ccc(O)cc1C,2,-7.783749103546143,-0.9350377917289734
Cc1ccc(O)cc1C,3,-7.78388786315918,-0.9350546598434448
Cc1ccc(O)cc1C,4,-7.784302711486816,-0.9351061582565308
O(c1ccccc1)c2ccccc2,1,-8.255263328552246,-0.9935212135314941
O(c1ccccc1)c2ccccc2,2,-8.255439758300781,-0.9935427904129028
O(c1ccccc1)c2ccccc2,3,-8.256049156188965,-0.9936182498931885
O(c1ccccc1)c2ccccc2,4,-8.257331848144531,-0.9937763214111328
NC(=O)c1cccnc1 ,1,-8.462602615356445,-1.01930832862854
NC(=O)c1cccnc1 ,2,-8.463452339172363,-1.019412875175476
NC(=O)c1cccnc1 ,3,-8.46242618560791,-1.019286036491394
NC(=O)c1cccnc1 ,4,-8.4624605178833,-1.019290566444397
CNC(=O)Oc1cc(C)cc(C)c1,1,-7.959351062774658,-0.9568250775337219
CNC(=O)Oc1cc(C)cc(C)c1,2,-7.959808826446533,-0.9568813443183899
CNC(=O)Oc1cc(C)cc(C)c1,3,-7.959208011627197,-0.9568074345588684
CNC(=O)Oc1cc(C)cc(C)c1,4,-7.959777355194092,-0.9568779468536377
NC(=O)c1ccccc1,1,-8.228544235229492,-0.9902467727661133
NC(=O)c1ccccc1,2,-8.227682113647461,-0.9901401996612549
NC(=O)c1ccccc1,3,-8.229388236999512,-0.9903508424758911
NC(=O)c1ccccc1,4,-8.227811813354492,-0.9901562929153442
COC(=O)c1ccccc1OC2OC(COC3OCC(O)C(O)C3O)C(O)C(O)C2O,1,-8.080225944519043,-0.9719178676605225
COC(=O)c1ccccc1OC2OC(COC3OCC(O)C(O)C3O)C(O)C(O)C2O,2,-8.08216381072998,-0.9721589088439941
COC(=O)c1ccccc1OC2OC(COC3OCC(O)C(O)C3O)C(O)C(O)C2O,3,-8.082990646362305,-0.9722616672515869
COC(=O)c1ccccc1OC2OC(COC3OCC(O)C(O)C3O)C(O)C(O)C2O,4,-8.081979751586914,-0.9721356630325317
CCCCC(O)CC,1,-7.288599491119385,-0.8735621571540833
CCCCC(O)CC,2,-7.2886528968811035,-0.8735701441764832
CCCCC(O)CC,3,-7.2868804931640625,-0.8733512759208679
CCCCC(O)CC,4,-7.289727210998535,-0.8737030029296875
CCN2c1nc(C)cc(C)c1NC(=O)c3cccnc23 ,1,-8.328006744384766,-1.0024805068969727
CCN2c1nc(C)cc(C)c1NC(=O)c3cccnc23 ,2,-8.327515602111816,-1.0024197101593018
CCN2c1nc(C)cc(C)c1NC(=O)c3cccnc23 ,3,-8.323295593261719,-1.0018986463546753
CCN2c1nc(C)cc(C)c1NC(=O)c3cccnc23 ,4,-8.32299518585205,-1.0018608570098877
Cc1cccc2c1ccc3ccccc32,1,-8.09186840057373,-0.9732105731964111
Cc1cccc2c1ccc3ccccc32,2,-8.091341018676758,-0.9731457233428955
Cc1cccc2c1ccc3ccccc32,3,-8.092387199401855,-0.9732744693756104
Cc1cccc2c1ccc3ccccc32,4,-8.091492652893066,-0.9731645584106445
CCCCC(CC)CO,1,-7.2839250564575195,-0.8729793429374695
CCCCC(CC)CO,2,-7.282660007476807,-0.8728238344192505
CCCCC(CC)CO,3,-7.28501033782959,-0.8731170892715454
CCCCC(CC)CO,4,-7.285400390625,-0.8731650710105896
Cc1ccccc1,1,-7.799511432647705,-0.9369056820869446
Cc1ccccc1,2,-7.799037933349609,-0.9368465542793274
Cc1ccccc1,3,-7.798131465911865,-0.9367357492446899
Cc1ccccc1,4,-7.798249244689941,-0.9367499351501465
C1CCC=CCC1,1,-7.485290050506592,-0.8978997468948364
C1CCC=CCC1,2,-7.48499870300293,-0.897864043712616
C1CCC=CCC1,3,-7.485264778137207,-0.8978970050811768
C1CCC=CCC1,4,-7.486101150512695,-0.898002564907074
CCCCCCCCCCO,1,-7.313180923461914,-0.8765986561775208
CCCCCCCCCCO,2,-7.311791896820068,-0.8764278888702393
CCCCCCCCCCO,3,-7.311696529388428,-0.8764155507087708
CCCCCCCCCCO,4,-7.312530994415283,-0.8765186071395874
CCC(C)(C)CC,1,-7.102314472198486,-0.8504191637039185
CCC(C)(C)CC,2,-7.1022114753723145,-0.8504083156585693
CCC(C)(C)CC,3,-7.101963996887207,-0.8503780961036682
CCC(C)(C)CC,4,-7.10206413269043,-0.8503899574279785
CCCC=O,1,-7.548449516296387,-0.9058278203010559
CCCC=O,2,-7.549605846405029,-0.9059722423553467
CCCC=O,3,-7.548727035522461,-0.9058631658554077
CCCC=O,4,-7.549190044403076,-0.9059198498725891
CC4CC3C2CCC1=CC(=O)C=CC1(C)C2(F)C(O)CC3(C)C4(O)C(=O)COC(C)=O ,1,-7.92651891708374,-0.9527580142021179
CC4CC3C2CCC1=CC(=O)C=CC1(C)C2(F)C(O)CC3(C)C4(O)C(=O)COC(C)=O ,2,-7.928333759307861,-0.9529800415039062
CC4CC3C2CCC1=CC(=O)C=CC1(C)C2(F)C(O)CC3(C)C4(O)C(=O)COC(C)=O ,3,-7.926631927490234,-0.952770471572876
CC4CC3C2CCC1=CC(=O)C=CC1(C)C2(F)C(O)CC3(C)C4(O)C(=O)COC(C)=O ,4,-7.926111698150635,-0.9527099132537842
CCCC,1,-7.0484490394592285,-0.843727171421051
CCCC,2,-7.048384666442871,-0.8437190651893616
CCCC,3,-7.049218654632568,-0.8438221216201782
CCCC,4,-7.048920154571533,-0.8437840342521667
COc1ccccc1O,1,-8.0529146194458,-0.96849524974823
COc1ccccc1O,2,-8.054036140441895,-0.9686330556869507
COc1ccccc1O,3,-8.05334186553955,-0.9685471057891846
COc1ccccc1O,4,-8.054671287536621,-0.9687114953994751
CC1CC2C3CCC(O)(C(=O)C)C3(C)CC(O)C2(F)C4(C)C=CC(=O)C=C14,1,-7.849355220794678,-0.94316166639328
CC1CC2C3CCC(O)(C(=O)C)C3(C)CC(O)C2(F)C4(C)C=CC(=O)C=C14,2,-7.848813056945801,-0.943092942237854
CC1CC2C3CCC(O)(C(=O)C)C3(C)CC(O)C2(F)C4(C)C=CC(=O)C=C14,3,-7.8507890701293945,-0.9433349967002869
CC1CC2C3CCC(O)(C(=O)C)C3(C)CC(O)C2(F)C4(C)C=CC(=O)C=C14,4,-7.849340915679932,-0.943160355091095
CCOC(=O)c1ccccc1C(=O)OCC,1,-8.055330276489258,-0.9687892198562622
CCOC(=O)c1ccccc1C(=O)OCC,2,-8.055481910705566,-0.968807578086853
CCOC(=O)c1ccccc1C(=O)OCC,3,-8.05670166015625,-0.9689595699310303
CCOC(=O)c1ccccc1C(=O)OCC,4,-8.056402206420898,-0.9689216613769531
CC(C)CO,1,-7.232701778411865,-0.8666500449180603
CC(C)CO,2,-7.232295036315918,-0.8665986657142639
CC(C)CO,3,-7.233283996582031,-0.866722047328949
CC(C)CO,4,-7.234168529510498,-0.8668329119682312
CC(C)Cc1ccccc1,1,-7.602021217346191,-0.9124029874801636
CC(C)Cc1ccccc1,2,-7.602456092834473,-0.912455677986145
CC(C)Cc1ccccc1,3,-7.602759838104248,-0.9124947190284729
CC(C)Cc1ccccc1,4,-7.602667331695557,-0.9124830961227417
CCCC(O)CCC,1,-7.291319847106934,-0.8739005327224731
CCCC(O)CCC,2,-7.289052963256836,-0.8736197352409363
CCCC(O)CCC,3,-7.287708282470703,-0.8734534978866577
CCCC(O)CCC,4,-7.287489891052246,-0.8734268546104431
CCCCCOC(=O)C,1,-7.585324287414551,-0.9104217290878296
CCCCCOC(=O)C,2,-7.585732460021973,-0.9104712605476379
CCCCCOC(=O)C,3,-7.587392330169678,-0.9106796383857727
CCCCCOC(=O)C,4,-7.587500095367432,-0.9106919169425964
CCCc1ccccc1,1,-7.659414768218994,-0.9195206165313721
CCCc1ccccc1,2,-7.659194469451904,-0.9194934964179993
CCCc1ccccc1,3,-7.6593241691589355,-0.919508695602417
CCCc1ccccc1,4,-7.6593194007873535,-0.9195091724395752
CC=CC=O,1,-7.8097405433654785,-0.9382563233375549
CC=CC=O,2,-7.809933185577393,-0.9382795691490173
CC=CC=O,3,-7.809597015380859,-0.938238799571991
CC=CC=O,4,-7.8107171058654785,-0.93837970495224
CN(C)C(=O)N(C)C ,1,-7.765985012054443,-0.9326903223991394
CN(C)C(=O)N(C)C ,2,-7.766392707824707,-0.9327418208122253
CN(C)C(=O)N(C)C ,3,-7.7659149169921875,-0.9326813817024231
CN(C)C(=O)N(C)C ,4,-7.766333103179932,-0.9327338933944702
Cc1cc(C)c(C)cc1C,1,-7.513658046722412,-0.901463508605957
Cc1cc(C)c(C)cc1C,2,-7.514106273651123,-0.9015176296234131
Cc1cc(C)c(C)cc1C,3,-7.514378070831299,-0.9015523791313171
Cc1cc(C)c(C)cc1C,4,-7.513418674468994,-0.9014332294464111
CC(=O)OC3(CCC4C2CCC1=CC(=O)CCC1C2CCC34C)C#C,1,-7.865761756896973,-0.9452094435691833
CC(=O)OC3(CCC4C2CCC1=CC(=O)CCC1C2CCC34C)C#C,2,-7.864689826965332,-0.9450777769088745
CC(=O)OC3(CCC4C2CCC1=CC(=O)CCC1C2CCC34C)C#C,3,-7.863691806793213,-0.9449532628059387
CC(=O)OC3(CCC4C2CCC1=CC(=O)CCC1C2CCC34C)C#C,4,-7.864043712615967,-0.9449977874755859
c1ccccc1NC(=O)c2c(O)cccc2,1,-8.382903099060059,-1.0093928575515747
c1ccccc1NC(=O)c2c(O)cccc2,2,-8.38299560546875,-1.0094037055969238
c1ccccc1NC(=O)c2c(O)cccc2,3,-8.383855819702148,-1.0095099210739136
c1ccccc1NC(=O)c2c(O)cccc2,4,-8.382648468017578,-1.0093611478805542
O=C(C=CC=Cc2ccc1OCOc1c2)N3CCCCC3,1,-8.148406982421875,-0.980279803276062
O=C(C=CC=Cc2ccc1OCOc1c2)N3CCCCC3,2,-8.147806167602539,-0.9802048206329346
O=C(C=CC=Cc2ccc1OCOc1c2)N3CCCCC3,3,-8.148242950439453,-0.9802594184875488
O=C(C=CC=Cc2ccc1OCOc1c2)N3CCCCC3,4,-8.148616790771484,-0.9803062677383423
CC/C=C\C,1,-7.262949466705322,-0.8703274726867676
CC/C=C\C,2,-7.2624664306640625,-0.8702678680419922
CC/C=C\C,3,-7.262485980987549,-0.8702704310417175
CC/C=C\C,4,-7.262608528137207,-0.8702854514122009
O=C2NC(=O)C1(CCCCCCC1)C(=O)N2,1,-8.109064102172852,-0.975360631942749
O=C2NC(=O)C1(CCCCCCC1)C(=O)N2,2,-8.101204872131348,-0.97438645362854
O=C2NC(=O)C1(CCCCCCC1)C(=O)N2,3,-8.102007865905762,-0.9744857549667358
O=C2NC(=O)C1(CCCCCCC1)C(=O)N2,4,-8.099488258361816,-0.9741740226745605
c1(C(C)(C)C)cc(C(C)(C)C)cc(OC(=O)NC)c1,1,-7.651712894439697,-0.9186407327651978
c1(C(C)(C)C)cc(C(C)(C)C)cc(OC(=O)NC)c1,2,-7.651556015014648,-0.9186214804649353
c1(C(C)(C)C)cc(C(C)(C)C)cc(OC(=O)NC)c1,3,-7.651344299316406,-0.9185953736305237
c1(C(C)(C)C)cc(C(C)(C)C)cc(OC(=O)NC)c1,4,-7.651270866394043,-0.918586254119873
Oc2cc(O)c1C(=O)CC(Oc1c2)c3ccc(O)c(O)c3,1,-8.408682823181152,-1.0126965045928955
Oc2cc(O)c1C(=O)CC(Oc1c2)c3ccc(O)c(O)c3,2,-8.415253639221191,-1.0135135650634766
Oc2cc(O)c1C(=O)CC(Oc1c2)c3ccc(O)c(O)c3,3,-8.415284156799316,-1.0135173797607422
Oc2cc(O)c1C(=O)CC(Oc1c2)c3ccc(O)c(O)c3,4,-8.416651725769043,-1.0136876106262207
O=C(c1ccccc1)c2ccccc2,1,-8.274788856506348,-0.9959499835968018
O=C(c1ccccc1)c2ccccc2,2,-8.273876190185547,-0.9958372116088867
O=C(c1ccccc1)c2ccccc2,3,-8.274049758911133,-0.9958584308624268
O=C(c1ccccc1)c2ccccc2,4,-8.273859024047852,-0.9958348274230957
CCCCCCCCCCCCCCCCCCCC,1,-7.27646017074585,-0.8720083832740784
CCCCCCCCCCCCCCCCCCCC,2,-7.277777194976807,-0.8721715211868286
CCCCCCCCCCCCCCCCCCCC,3,-7.278459072113037,-0.8722572922706604
CCCCCCCCCCCCCCCCCCCC,4,-7.276500701904297,-0.8720130920410156
N(Nc1ccccc1)c2ccccc2 ,1,-8.193379402160645,-0.9858399629592896
N(Nc1ccccc1)c2ccccc2 ,2,-8.192523956298828,-0.9857347011566162
N(Nc1ccccc1)c2ccccc2 ,3,-8.19407844543457,-0.985926628112793
N(Nc1ccccc1)c2ccccc2 ,4,-8.194184303283691,-0.985939621925354
CCC(CC)CO,1,-7.263847827911377,-0.8704994916915894
CCC(CC)CO,2,-7.264109134674072,-0.8705340027809143
CCC(CC)CO,3,-7.264803409576416,-0.8706198930740356
CCC(CC)CO,4,-7.264364242553711,-0.8705645203590393
Oc1ccncc1,1,-8.433367729187012,-1.0156304836273193
Oc1ccncc1,2,-8.433130264282227,-1.0156006813049316
Oc1ccncc1,3,-8.434172630310059,-1.0157294273376465
Oc1ccncc1,4,-8.43438720703125,-1.015755534172058
CC1CCCC1,1,-7.295762538909912,-0.8744089603424072
CC1CCCC1,2,-7.297649383544922,-0.8746418952941895
CC1CCCC1,3,-7.297590732574463,-0.8746342658996582
CC1CCCC1,4,-7.297539234161377,-0.8746294975280762
CC(C)CC(C)O,1,-7.258820533752441,-0.8698788285255432
CC(C)CC(C)O,2,-7.2591552734375,-0.8699206113815308
CC(C)CC(C)O,3,-7.259881496429443,-0.870011568069458
CC(C)CC(C)O,4,-7.260725975036621,-0.8701170682907104
O2c1ccc(N)cc1N(C)C(=O)c3cc(C)ccc23 ,1,-8.290482521057129,-0.9979113340377808
O2c1ccc(N)cc1N(C)C(=O)c3cc(C)ccc23 ,2,-8.290061950683594,-0.9978593587875366
O2c1ccc(N)cc1N(C)C(=O)c3cc(C)ccc23 ,3,-8.29081916809082,-0.9979526996612549
O2c1ccc(N)cc1N(C)C(=O)c3cc(C)ccc23 ,4,-8.289678573608398,-0.9978122711181641
CC(C)(C)CO,1,-7.208590984344482,-0.8636666536331177
CC(C)(C)CO,2,-7.208394527435303,-0.8636417984962463
CC(C)(C)CO,3,-7.208488941192627,-0.863653302192688
CC(C)(C)CO,4,-7.208627223968506,-0.8636711835861206
Cc1cc(no1)C(=O)NNCc2ccccc2,1,-8.300638198852539,-0.9991929531097412
Cc1cc(no1)C(=O)NNCc2ccccc2,2,-8.30400276184082,-0.9996092319488525
Cc1cc(no1)C(=O)NNCc2ccccc2,3,-8.304798126220703,-0.9997075796127319
Cc1cc(no1)C(=O)NNCc2ccccc2,4,-8.303119659423828,-0.9994997978210449
CC=C,1,-7.271530628204346,-0.8713808059692383
CC=C,2,-7.2718329429626465,-0.8714179992675781
CC=C,3,-7.271772384643555,-0.8714107871055603
CC=C,4,-7.272212982177734,-0.8714635372161865
CCOC(=O)Nc2cccc(OC(=O)Nc1ccccc1)c2 ,1,-8.35261344909668,-1.0056266784667969
CCOC(=O)Nc2cccc(OC(=O)Nc1ccccc1)c2 ,2,-8.353839874267578,-1.0057779550552368
CCOC(=O)Nc2cccc(OC(=O)Nc1ccccc1)c2 ,3,-8.353108406066895,-1.0056874752044678
CCOC(=O)Nc2cccc(OC(=O)Nc1ccccc1)c2 ,4,-8.352496147155762,-1.0056121349334717
O=C1c2ccccc2C(=O)c3ccccc13,1,-8.533652305603027,-1.028128981590271
O=C1c2ccccc2C(=O)c3ccccc13,2,-8.535950660705566,-1.0284122228622437
O=C1c2ccccc2C(=O)c3ccccc13,3,-8.535871505737305,-1.0284029245376587
O=C1c2ccccc2C(=O)c3ccccc13,4,-8.534687042236328,-1.0282565355300903
CCCCCCC(C)O,1,-7.297496795654297,-0.8746630549430847
CCCCCCC(C)O,2,-7.297051429748535,-0.874606728553772
CCCCCCC(C)O,3,-7.296515941619873,-0.8745424747467041
CCCCCCC(C)O,4,-7.2967000007629395,-0.8745651841163635
CCCCc1ccccc1,1,-7.619911193847656,-0.9146173000335693
CCCCc1ccccc1,2,-7.619749546051025,-0.9145975112915039
CCCCc1ccccc1,3,-7.619262218475342,-0.9145364165306091
CCCCc1ccccc1,4,-7.6196064949035645,-0.9145807027816772
O=C1NC(=O)C(=O)N1 ,1,-9.139226913452148,-1.1033825874328613
O=C1NC(=O)C(=O)N1 ,2,-9.139399528503418,-1.1034038066864014
O=C1NC(=O)C(=O)N1 ,3,-9.13904857635498,-1.1033604145050049
O=C1NC(=O)C(=O)N1 ,4,-9.139392852783203,-1.103402853012085
CC(C)COC(=O)C,1,-7.593100070953369,-0.9113906025886536
CC(C)COC(=O)C,2,-7.5934062004089355,-0.9114280343055725
CC(C)COC(=O)C,3,-7.592740058898926,-0.9113461375236511
CC(C)COC(=O)C,4,-7.593034744262695,-0.9113825559616089
CC(C)C(C)(C)C,1,-7.083874702453613,-0.8481356501579285
CC(C)C(C)(C)C,2,-7.084439754486084,-0.8482059836387634
CC(C)C(C)(C)C,3,-7.084539890289307,-0.8482193946838379
CC(C)C(C)(C)C,4,-7.083932399749756,-0.848142683506012
N#Cc1ccccc1C#N,1,-8.856527328491211,-1.0681202411651611
N#Cc1ccccc1C#N,2,-8.855618476867676,-1.068008303642273
N#Cc1ccccc1C#N,3,-8.855744361877441,-1.068023681640625
N#Cc1ccccc1C#N,4,-8.855262756347656,-1.0679640769958496
Cc1cccc(c1)N(=O)=O,1,-8.255478858947754,-0.9935275316238403
Cc1cccc(c1)N(=O)=O,2,-8.255108833312988,-0.9934817552566528
Cc1cccc(c1)N(=O)=O,3,-8.255477905273438,-0.9935274124145508
Cc1cccc(c1)N(=O)=O,4,-8.257083892822266,-0.9937262535095215
CCC(C)C,1,-7.073297023773193,-0.8468137979507446
CCC(C)C,2,-7.073512077331543,-0.8468407988548279
CCC(C)C,3,-7.073256969451904,-0.8468085527420044
CCC(C)C,4,-7.074030876159668,-0.8469041585922241
