smiles,slot,energy
OCC3OC(OCC2OC(OC(C#N)c1ccccc1)C(O)C(O)C2O)C(O)C(O)C3O ,1,-254.29092407226562
OCC3OC(OCC2OC(OC(C#N)c1ccccc1)C(O)C(O)C2O)C(O)C(O)C3O ,2,-254.00909423828125
OCC3OC(OCC2OC(OC(C#N)c1ccccc1)C(O)C(O)C2O)C(O)C(O)C3O ,3,-254.25808715820312
OCC3OC(OCC2OC(OC(C#N)c1ccccc1)C(O)C(O)C2O)C(O)C(O)C3O ,4,-254.53623962402344
Cc1occc1C(=O)Nc2ccccc2,1,-124.00433349609375
Cc1occc1C(=O)Nc2ccccc2,2,-123.94831085205078
Cc1occc1C(=O)Nc2ccccc2,3,-123.8795166015625
Cc1occc1C(=O)Nc2ccccc2,4,-124.10453796386719
CC(C)=CCCC(C)=CC(=O),1,-113.00911712646484
CC(C)=CCCC(C)=CC(=O),2,-112.94879150390625
CC(C)=CCCC(C)=CC(=O),3,-113.05149841308594
CC(C)=CCCC(C)=CC(=O),4,-112.7409896850586
c1ccc2c(c1)ccc3c2ccc4c5ccccc5ccc43,1,-186.6019287109375
c1ccc2c(c1)ccc3c2ccc4c5ccccc5ccc43,2,-186.7477264404297
c1ccc2c(c1)ccc3c2ccc4c5ccccc5ccc43,3,-186.2892608642578
c1ccc2c(c1)ccc3c2ccc4c5ccccc5ccc43,4,-185.7065887451172
CC12CCC3C(CCc4cc(O)ccc34)C2CCC1O,1,-192.55552673339844
CC12CCC3C(CCc4cc(O)ccc34)C2CCC1O,2,-192.75938415527344
CC12CCC3C(CCc4cc(O)ccc34)C2CCC1O,3,-192.88157653808594
CC12CCC3C(CCc4cc(O)ccc34)C2CCC1O,4,-192.72682189941406
COc5cc4OCC3Oc2c1CC(Oc1ccc2C(=O)C3c4cc5OC)C(C)=C ,1,-238.85247802734375
COc5cc4OCC3Oc2c1CC(Oc1ccc2C(=O)C3c4cc5OC)C(C)=C ,2,-238.61477661132812
COc5cc4OCC3Oc2c1CC(Oc1ccc2C(=O)C3c4cc5OC)C(C)=C ,3,-238.96510314941406
COc5cc4OCC3Oc2c1CC(Oc1ccc2C(=O)C3c4cc5OC)C(C)=C ,4,-238.93365478515625
O=C1CCCN1,1,-54.59963607788086
O=C1CCCN1,2,-54.626312255859375
O=C1CCCN1,3,-54.517784118652344
O=C1CCCN1,4,-54.55202102661133
CCCC=C,1,-59.14366912841797
CCCC=C,2,-59.46425247192383
CCCC=C,3,-59.375431060791016
CCCC=C,4,-59.208431243896484
CCC1(C(=O)NCNC1=O)c2ccccc2,1,-136.46978759765625
CCC1(C(=O)NCNC1=O)c2ccccc2,2,-136.68429565429688
CCC1(C(=O)NCNC1=O)c2ccccc2,3,-136.70571899414062
CCC1(C(=O)NCNC1=O)c2ccccc2,4,-136.8024139404297
CCCCCCCCCCCCCC,1,-173.4884796142578
CCCCCCCCCCCCCC,2,-173.50062561035156
CCCCCCCCCCCCCC,3,-173.4244842529297
CCCCCCCCCCCCCC,4,-173.10183715820312
CCC(C)CO,1,-69.08265686035156
CCC(C)CO,2,-68.98948669433594
CCC(C)CO,3,-68.93426513671875
CCC(C)CO,4,-69.09027099609375
N#Cc1ccccc1,1,-65.04354095458984
N#Cc1ccccc1,2,-65.16690063476562
N#Cc1ccccc1,3,-65.04302215576172
N#Cc1ccccc1,4,-65.06622314453125
CCCCCCCCCC(C)O,1,-141.34829711914062
CCCCCCCCCC(C)O,2,-141.33062744140625
CCCCCCCCCC(C)O,3,-141.37069702148438
CCCCCCCCCC(C)O,4,-141.4083709716797
O=c2[nH]c1CCCc1c(=O)n2C3CCCCC3,1,-154.41619873046875
O=c2[nH]c1CCCc1c(=O)n2C3CCCCC3,2,-154.2239227294922
O=c2[nH]c1CCCc1c(=O)n2C3CCCCC3,3,-154.27528381347656
O=c2[nH]c1CCCc1c(=O)n2C3CCCCC3,4,-154.39031982421875
CCOc1ccc(NC(=O)C)cc1,1,-115.2698745727539
CCOc1ccc(NC(=O)C)cc1,2,-115.3774642944336
CCOc1ccc(NC(=O)C)cc1,3,-115.19161224365234
CCOc1ccc(NC(=O)C)cc1,4,-115.43185424804688
CCN(CC)c1c(cc(c(N)c1N(=O)=O)C(F)(F)F)N(=O)=O,1,-149.6718292236328
CCN(CC)c1c(cc(c(N)c1N(=O)=O)C(F)(F)F)N(=O)=O,2,-149.6554718017578
CCN(CC)c1c(cc(c(N)c1N(=O)=O)C(F)(F)F)N(=O)=O,3,-149.56887817382812
CCN(CC)c1c(cc(c(N)c1N(=O)=O)C(F)(F)F)N(=O)=O,4,-149.696044921875
CCCCCCCO,1,-93.07146453857422
CCCCCCCO,2,-93.00204467773438
CCCCCCCO,3,-93.26020050048828
CCCCCCCO,4,-93.27223205566406
Cn1c(=O)n(C)c2nc[nH]c2c1=O,1,-95.99663543701172
Cn1c(=O)n(C)c2nc[nH]c2c1=O,2,-96.06303405761719
Cn1c(=O)n(C)c2nc[nH]c2c1=O,3,-96.04890441894531
Cn1c(=O)n(C)c2nc[nH]c2c1=O,4,-95.9284439086914
CCCCC1(CC)C(=O)NC(=O)NC1=O,1,-133.3228759765625
CCCCC1(CC)C(=O)NC(=O)NC1=O,2,-133.1053009033203
CCCCC1(CC)C(=O)NC(=O)NC1=O,3,-133.4279022216797
CCCCC1(CC)C(=O)NC(=O)NC1=O,4,-133.44598388671875
CCCCCCCC(=O)OC,1,-116.72982025146484
CCCCCCCC(=O)OC,2,-116.78862762451172
CCCCCCCC(=O)OC,3,-116.88969421386719
CCCCCCCC(=O)OC,4,-116.91669464111328
CCc1ccc(CC)cc1,1,-104.716796875
CCc1ccc(CC)cc1,2,-104.70314025878906
CCc1ccc(CC)cc1,3,-104.73736572265625
CCc1ccc(CC)cc1,4,-104.77257537841797
COC(=O)Nc1cccc(OC(=O)Nc2cccc(C)c2)c1,1,-178.39645385742188
COC(=O)Nc1cccc(OC(=O)Nc2cccc(C)c2)c1,2,-178.55491638183594
COC(=O)Nc1cccc(OC(=O)Nc2cccc(C)c2)c1,3,-178.38400268554688
COC(=O)Nc1cccc(OC(=O)Nc2cccc(C)c2)c1,4,-178.41725158691406
Cc1cccc2c1Cc3ccccc32,1,-126.67337036132812
Cc1cccc2c1Cc3ccccc32,2,-126.74871063232422
Cc1cccc2c1Cc3ccccc32,3,-126.92757415771484
Cc1cccc2c1Cc3ccccc32,4,-126.58026885986328
CCCCC=O,1,-63.94746398925781
CCCCC=O,2,-63.86521911621094
CCCCC=O,3,-64.03604888916016
CCCCC=O,4,-63.96348571777344
N(c1ccccc1)c2ccccc2,1,-115.10877227783203
N(c1ccccc1)c2ccccc2,2,-114.95137786865234
N(c1ccccc1)c2ccccc2,3,-115.05815887451172
N(c1ccccc1)c2ccccc2,4,-115.24601745605469
OCCCC=C,1,-63.57625961303711
OCCCC=C,2,-63.210506439208984
OCCCC=C,3,-63.205299377441406
OCCCC=C,4,-63.39598846435547
O=C2NC(=O)C1(CCC1)C(=O)N2,1,-91.81153106689453
O=C2NC(=O)C1(CCC1)C(=O)N2,2,-91.7303237915039
O=C2NC(=O)C1(CCC1)C(=O)N2,3,-91.66226959228516
O=C2NC(=O)C1(CCC1)C(=O)N2,4,-91.60592651367188
CC(C)C1CCC(C)CC1O ,1,-123.79871368408203
CC(C)C1CCC(C)CC1O ,2,-123.60923767089844
CC(C)C1CCC(C)CC1O ,3,-123.44574737548828
CC(C)C1CCC(C)CC1O ,4,-123.77686309814453
CC(C)OC=O,1,-56.7608528137207
CC(C)OC=O,2,-56.67063903808594
CC(C)OC=O,3,-56.69810104370117
CC(C)OC=O,4,-56.7198600769043
CCCCCC(C)O,1,-93.21893310546875
CCCCCC(C)O,2,-93.14823913574219
CCCCCC(C)O,3,-93.23834991455078
CCCCCC(C)O,4,-93.1182632446289
COC(=O)C1=C(C)NC(=C(C1c2ccccc2N(=O)=O)C(=O)OC)C ,1,-195.65513610839844
COC(=O)C1=C(C)NC(=C(C1c2ccccc2N(=O)=O)C(=O)OC)C ,2,-195.77761840820312
COC(=O)C1=C(C)NC(=C(C1c2ccccc2N(=O)=O)C(=O)OC)C ,3,-195.8485565185547
COC(=O)C1=C(C)NC(=C(C1c2ccccc2N(=O)=O)C(=O)OC)C ,4,-195.85491943359375
c2c(C)cc1nc(C)ccc1c2 ,1,-108.49617767333984
c2c(C)cc1nc(C)ccc1c2 ,2,-108.54331970214844
c2c(C)cc1nc(C)ccc1c2 ,3,-108.2759780883789
c2c(C)cc1nc(C)ccc1c2 ,4,-108.4300765991211
CCCCCCC#C,1,-89.1999282836914
CCCCCCC#C,2,-89.17071533203125
CCCCCCC#C,3,-89.38609313964844
CCCCCCC#C,4,-89.13227081298828
CCC1(C(=O)NC(=O)NC1=O)C2=CCCCC2 ,1,-147.16030883789062
CCC1(C(=O)NC(=O)NC1=O)C2=CCCCC2 ,2,-147.0629119873047
CCC1(C(=O)NC(=O)NC1=O)C2=CCCCC2 ,3,-147.00392150878906
CCC1(C(=O)NC(=O)NC1=O)C2=CCCCC2 ,4,-147.23818969726562
c1ccc2c(c1)ccc3c4ccccc4ccc23,1,-154.08309936523438
c1ccc2c(c1)ccc3c4ccccc4ccc23,2,-153.74520874023438
c1ccc2c(c1)ccc3c4ccccc4ccc23,3,-154.1944580078125
c1ccc2c(c1)ccc3c4ccccc4ccc23,4,-154.09988403320312
Cc1ccccc1O,1,-72.79220581054688
Cc1ccccc1O,2,-72.98738098144531
Cc1ccccc1O,3,-72.8150405883789
Cc1ccccc1O,4,-72.91572570800781
CC(C)CCC(C)(C)C,1,-112.5945816040039
CC(C)CCC(C)(C)C,2,-112.51124572753906
CC(C)CCC(C)(C)C,3,-112.51657104492188
CC(C)CCC(C)(C)C,4,-112.55860900878906
Cc1ccc(C)c2ccccc12,1,-113.26763153076172
Cc1ccc(C)c2ccccc12,2,-113.01896667480469
Cc1ccc(C)c2ccccc12,3,-113.47590637207031
Cc1ccc(C)c2ccccc12,4,-113.29537200927734
Cc1cc2c3ccccc3ccc2c4ccccc14,1,-165.8691864013672
Cc1cc2c3ccccc3ccc2c4ccccc14,2,-165.7590789794922
Cc1cc2c3ccccc3ccc2c4ccccc14,3,-165.5379638671875
Cc1cc2c3ccccc3ccc2c4ccccc14,4,-165.77392578125
CCCC(=O)C,1,-64.2697525024414
CCCC(=O)C,2,-64.3304443359375
CCCC(=O)C,3,-64.32630157470703
CCCC(=O)C,4,-64.37723541259766
CCCOC(=O)CC,1,-81.12344360351562
CCCOC(=O)CC,2,-81.03694152832031
CCCOC(=O)CC,3,-81.007568359375
CCCOC(=O)CC,4,-81.04393768310547
CC34CC(O)C1(F)C(CCC2=CC(=O)C=CC12C)C3CC(O)C4(O)C(=O)CO,1,-240.6953887939453
CC34CC(O)C1(F)C(CCC2=CC(=O)C=CC12C)C3CC(O)C4(O)C(=O)CO,2,-240.79745483398438
CC34CC(O)C1(F)C(CCC2=CC(=O)C=CC12C)C3CC(O)C4(O)C(=O)CO,3,-240.6494140625
CC34CC(O)C1(F)C(CCC2=CC(=O)C=CC12C)C3CC(O)C4(O)C(=O)CO,4,-240.7692108154297
Nc1ccc(O)cc1,1,-67.67413330078125
Nc1ccc(O)cc1,2,-67.69205474853516
Nc1ccc(O)cc1,3,-67.6396484375
Nc1ccc(O)cc1,4,-67.83351135253906
O=C(Cn1ccnc1N(=O)=O)NCc2ccccc2,1,-141.4619140625
O=C(Cn1ccnc1N(=O)=O)NCc2ccccc2,2,-141.487060546875
O=C(Cn1ccnc1N(=O)=O)NCc2ccccc2,3,-141.387451171875
O=C(Cn1ccnc1N(=O)=O)NCc2ccccc2,4,-141.51092529296875
NC(=O)c1cnccn1,1,-65.1331787109375
NC(=O)c1cnccn1,2,-64.99028015136719
NC(=O)c1cnccn1,3,-65.16355895996094
NC(=O)c1cnccn1,4,-64.94912719726562
O=C2CN(N=Cc1ccc(o1)N(=O)=O)C(=O)N2 ,1,-106.53253936767578
O=C2CN(N=Cc1ccc(o1)N(=O)=O)C(=O)N2 ,2,-106.50934600830078
O=C2CN(N=Cc1ccc(o1)N(=O)=O)C(=O)N2 ,3,-106.50109100341797
O=C2CN(N=Cc1ccc(o1)N(=O)=O)C(=O)N2 ,4,-106.58088684082031
CC1(C)C2CCC1(C)C(=O)C2,1,-113.65965270996094
CC1(C)C2CCC1(C)C(=O)C2,2,-113.45659637451172
CC1(C)C2CCC1(C)C(=O)C2,3,-113.95366668701172
CC1(C)C2CCC1(C)C(=O)C2,4,-113.64129638671875
O=C1NC(=O)NC(=O)C1(CC=C)c1ccccc1,1,-143.29124450683594
O=C1NC(=O)NC(=O)C1(CC=C)c1ccccc1,2,-142.98057556152344
O=C1NC(=O)NC(=O)C1(CC=C)c1ccccc1,3,-142.99942016601562
O=C1NC(=O)NC(=O)C1(CC=C)c1ccccc1,4,-143.10037231445312
CCCCC(=O)OCC,1,-93.05331420898438
CCCCC(=O)OCC,2,-93.02096557617188
CCCCC(=O)OCC,3,-92.90984344482422
CCCCC(=O)OCC,4,-92.99608612060547
CC(C)CCOC(=O)C,1,-92.84747314453125
CC(C)CCOC(=O)C,2,-92.85408020019531
CC(C)CCOC(=O)C,3,-92.83316040039062
CC(C)CCOC(=O)C,4,-92.88449096679688
O=C1N(COC(=O)CCCCC)C(=O)C(N1)(c2ccccc2)c3ccccc3,1,-240.1248016357422
O=C1N(COC(=O)CCCCC)C(=O)C(N1)(c2ccccc2)c3ccccc3,2,-240.39920043945312
O=C1N(COC(=O)CCCCC)C(=O)C(N1)(c2ccccc2)c3ccccc3,3,-240.2636260986328
O=C1N(COC(=O)CCCCC)C(=O)C(N1)(c2ccccc2)c3ccccc3,4,-240.27842712402344
Cc1ncnc2nccnc12,1,-81.16522216796875
Cc1ncnc2nccnc12,2,-81.00211334228516
Cc1ncnc2nccnc12,3,-80.862060546875
Cc1ncnc2nccnc12,4,-80.86144256591797
Cc1ccc(C)cc1,1,-80.67213439941406
Cc1ccc(C)cc1,2,-80.64924621582031
Cc1ccc(C)cc1,3,-80.62332153320312
Cc1ccc(C)cc1,4,-80.60191345214844
CCc1ccccc1CC,1,-104.59123992919922
CCc1ccccc1CC,2,-104.5671157836914
CCc1ccccc1CC,3,-104.52487182617188
CCc1ccccc1CC,4,-104.72196197509766
CC(C)C(C(=O)OC(C#N)c1cccc(Oc2ccccc2)c1)c3ccc(OC(F)F)cc3,1,-265.3136291503906
CC(C)C(C(=O)OC(C#N)c1cccc(Oc2ccccc2)c1)c3ccc(OC(F)F)cc3,2,-265.4088439941406
CC(C)C(C(=O)OC(C#N)c1cccc(Oc2ccccc2)c1)c3ccc(OC(F)F)cc3,3,-265.41748046875
CC(C)C(C(=O)OC(C#N)c1cccc(Oc2ccccc2)c1)c3ccc(OC(F)F)cc3,4,-265.5912170410156
CCCN(=O)=O,1,-49.27542495727539
CCCN(=O)=O,2,-49.35951614379883
CCCN(=O)=O,3,-49.337615966796875
CCCN(=O)=O,4,-49.15824890136719
CC(C)C1CCC(C)CC1=O,1,-118.99600219726562
CC(C)C1CCC(C)CC1=O,2,-119.03248596191406
CC(C)C1CCC(C)CC1=O,3,-119.0897216796875
CC(C)C1CCC(C)CC1=O,4,-118.89982604980469
c1ccc2c(c1)c3cccc4cccc2c34,1,-134.5458984375
c1ccc2c(c1)c3cccc4cccc2c34,2,-134.57363891601562
c1ccc2c(c1)c3cccc4cccc2c34,3,-134.47280883789062
c1ccc2c(c1)c3cccc4cccc2c34,4,-134.63836669921875
CCCOC(C)C,1,-80.92682647705078
CCCOC(C)C,2,-80.8552017211914
CCCOC(C)C,3,-80.84245300292969
CCCOC(C)C,4,-80.87384033203125
Cc1cc(C)c2ccccc2c1,1,-113.38819122314453
Cc1cc(C)c2ccccc2c1,2,-113.2089614868164
Cc1cc(C)c2ccccc2c1,3,-113.25749206542969
Cc1cc(C)c2ccccc2c1,4,-113.31436157226562
CCC(=C(CC)c1ccc(O)cc1)c2ccc(O)cc2 ,1,-183.56893920898438
CCC(=C(CC)c1ccc(O)cc1)c2ccc(O)cc2 ,2,-183.53562927246094
CCC(=C(CC)c1ccc(O)cc1)c2ccc(O)cc2 ,3,-183.55059814453125
CCC(=C(CC)c1ccc(O)cc1)c2ccc(O)cc2 ,4,-183.60438537597656
C1OC1c2ccccc2 ,1,-78.49320983886719
C1OC1c2ccccc2 ,2,-78.42962646484375
C1OC1c2ccccc2 ,3,-78.58406066894531
C1OC1c2ccccc2 ,4,-78.50210571289062
CC(C)c1ccccc1,1,-92.52398681640625
CC(C)c1ccccc1,2,-92.63311004638672
CC(C)c1ccccc1,3,-92.67388153076172
CC(C)c1ccccc1,4,-92.5740737915039
CC12CCC3C(CCC4=CC(=O)CCC34C)C2CCC1C(=O)CO,1,-232.75430297851562
CC12CCC3C(CCC4=CC(=O)CCC34C)C2CCC1C(=O)CO,2,-232.96728515625
CC12CCC3C(CCC4=CC(=O)CCC34C)C2CCC1C(=O)CO,3,-232.4929656982422
CC12CCC3C(CCC4=CC(=O)CCC34C)C2CCC1C(=O)CO,4,-232.99029541015625
C1OC(O)C(O)C(O)C1O,1,-80.04850769042969
C1OC(O)C(O)C(O)C1O,2,-80.05884552001953
C1OC(O)C(O)C(O)C1O,3,-80.00917053222656
C1OC(O)C(O)C(O)C1O,4,-79.96390533447266
CCc1cccc2ccccc12,1,-113.22482299804688
CCc1cccc2ccccc12,2,-113.58208465576172
CCc1cccc2ccccc12,3,-112.99779510498047
CCc1cccc2ccccc12,4,-113.0963363647461
COC=O,1,-32.451759338378906
COC=O,2,-32.41526412963867
COC=O,3,-32.45737075805664
COC=O,4,-32.408592224121094
Oc1ccccc1N(=O)=O,1,-69.11105346679688
Oc1ccccc1N(=O)=O,2,-68.97857666015625
Oc1ccccc1N(=O)=O,3,-68.93569946289062
Oc1ccccc1N(=O)=O,4,-69.06430053710938
Cc1c[nH]c(=O)[nH]c1=O ,1,-68.77603912353516
Cc1c[nH]c(=O)[nH]c1=O ,2,-68.99026489257812
Cc1c[nH]c(=O)[nH]c1=O ,3,-68.77790069580078
Cc1c[nH]c(=O)[nH]c1=O ,4,-68.81612396240234
CC(C)C,1,-53.12674331665039
CC(C)C,2,-53.142818450927734
CC(C)C,3,-53.079830169677734
CC(C)C,4,-53.06607437133789
OCC1OC(C(O)C1O)n2cnc3c(O)ncnc23,1,-137.42381286621094
OCC1OC(C(O)C1O)n2cnc3c(O)ncnc23,2,-137.52928161621094
OCC1OC(C(O)C1O)n2cnc3c(O)ncnc23,3,-137.38919067382812
OCC1OC(C(O)C1O)n2cnc3c(O)ncnc23,4,-137.59762573242188
CCCCC,1,-65.12770080566406
CCCCC,2,-65.05274963378906
CCCCC,3,-65.06269836425781
CCCCC,4,-65.07806396484375
c1ccccc1O,1,-60.82466125488281
c1ccccc1O,2,-60.74677276611328
c1ccccc1O,3,-60.77995300292969
c1ccccc1O,4,-60.751441955566406
Nc3ccc2cc1ccccc1cc2c3 ,1,-128.43557739257812
Nc3ccc2cc1ccccc1cc2c3 ,2,-128.40908813476562
Nc3ccc2cc1ccccc1cc2c3 ,3,-128.2298583984375
Nc3ccc2cc1ccccc1cc2c3 ,4,-128.54666137695312
Cn1cnc2n(C)c(=O)[nH]c(=O)c12 ,1,-96.36659240722656
Cn1cnc2n(C)c(=O)[nH]c(=O)c12 ,2,-96.48716735839844
Cn1cnc2n(C)c(=O)[nH]c(=O)c12 ,3,-96.39752197265625
Cn1cnc2n(C)c(=O)[nH]c(=O)c12 ,4,-96.49346160888672
c1ccc2cnccc2c1,1,-83.91596221923828
c1ccc2cnccc2c1,2,-84.15739440917969
c1ccc2cnccc2c1,3,-84.13200378417969
c1ccc2cnccc2c1,4,-84.02962493896484
CCCCCCc1ccccc1,1,-128.34796142578125
CCCCCCc1ccccc1,2,-128.37171936035156
CCCCCCc1ccccc1,3,-128.52896118164062
CCCCCCc1ccccc1,4,-128.67855834960938
CCCC(=C)C,1,-71.46284484863281
CCCC(=C)C,2,-71.51164245605469
CCCC(=C)C,3,-71.52448272705078
CCCC(=C)C,4,-71.60061645507812
CC(C)C(C)C(C)C,1,-100.4968032836914
CC(C)C(C)C(C)C,2,-100.50088500976562
CC(C)C(C)C(C)C,3,-100.56053161621094
CC(C)C(C)C(C)C,4,-100.46312713623047
Oc1cccc(c1)N(=O)=O,1,-69.0394287109375
Oc1cccc(c1)N(=O)=O,2,-69.05551147460938
Oc1cccc(c1)N(=O)=O,3,-69.02294921875
Oc1cccc(c1)N(=O)=O,4,-69.0696792602539
CCCCCCCCC=C,1,-119.5383529663086
CCCCCCCCC=C,2,-119.36881256103516
CCCCCCCCC=C,3,-119.46533203125
CCCCCCCCC=C,4,-119.28166961669922
CC(=O)OCC(COC(=O)C)OC(=O)C,1,-124.34989929199219
CC(=O)OCC(COC(=O)C)OC(=O)C,2,-124.62271881103516
CC(=O)OCC(COC(=O)C)OC(=O)C,3,-124.53131866455078
CC(=O)OCC(COC(=O)C)OC(=O)C,4,-124.4695053100586
CCCCc1c(C)nc(nc1O)N(C)C ,1,-141.7279815673828
CCCCc1c(C)nc(nc1O)N(C)C ,2,-141.77777099609375
CCCCc1c(C)nc(nc1O)N(C)C ,3,-141.8428955078125
CCCCc1c(C)nc(nc1O)N(C)C ,4,-141.65870666503906
c1ccncc1,1,-51.377994537353516
c1ccncc1,2,-51.211181640625
c1ccncc1,3,-51.14955139160156
c1ccncc1,4,-51.32038497924805
Cc1ccncc1C,1,-75.6391372680664
Cc1ccncc1C,2,-75.67544555664062
Cc1ccncc1C,3,-75.7223892211914
Cc1ccncc1C,4,-75.68077850341797
CC34CC(O)C1(F)C(CCC2=CC(=O)CCC12C)C3CCC4(O)C(=O)CO ,1,-242.4461212158203
CC34CC(O)C1(F)C(CCC2=CC(=O)CCC12C)C3CCC4(O)C(=O)CO ,2,-242.22332763671875
CC34CC(O)C1(F)C(CCC2=CC(=O)CCC12C)C3CCC4(O)C(=O)CO ,3,-242.13075256347656
CC34CC(O)C1(F)C(CCC2=CC(=O)CCC12C)C3CCC4(O)C(=O)CO ,4,-242.14793395996094
CCOC(=O)CC(=O)OCC,1,-96.63379669189453
CCOC(=O)CC(=O)OCC,2,-96.76106262207031
CCOC(=O)CC(=O)OCC,3,-96.58895111083984
CCOC(=O)CC(=O)OCC,4,-96.62064361572266
CC1=CCC(CC1)C(C)=C,1,-108.93839263916016
CC1=CCC(CC1)C(C)=C,2,-108.84113311767578
CC1=CCC(CC1)C(C)=C,3,-108.95799255371094
CC1=CCC(CC1)C(C)=C,4,-108.85523986816406
C1Cc2ccccc2C1,1,-87.3677978515625
C1Cc2ccccc2C1,2,-87.3707275390625
C1Cc2ccccc2C1,3,-87.31007385253906
C1Cc2ccccc2C1,4,-87.5102767944336
CC(C)(C)c1ccc(O)cc1,1,-108.72791290283203
CC(C)(C)c1ccc(O)cc1,2,-108.59174346923828
CC(C)(C)c1ccc(O)cc1,3,-108.77592468261719
CC(C)(C)c1ccc(O)cc1,4,-108.906982421875
O=C2NC(=O)C1(CC1)C(=O)N2 ,1,-79.97786712646484
O=C2NC(=O)C1(CC1)C(=O)N2 ,2,-79.97967529296875
O=C2NC(=O)C1(CC1)C(=O)N2 ,3,-79.95792388916016
O=C2NC(=O)C1(CC1)C(=O)N2 ,4,-79.9667739868164
CC/C=C/C,1,-59.29996871948242
CC/C=C/C,2,-59.46235275268555
CC/C=C/C,3,-59.482887268066406
CC/C=C/C,4,-59.20771026611328
Cc1cccc(C)n1,1,-75.8876724243164
Cc1cccc(C)n1,2,-75.83049774169922
Cc1cccc(C)n1,3,-75.7475814819336
Cc1cccc(C)n1,4,-75.94847869873047
Nc1cccc2ccccc12,1,-96.13169860839844
Nc1cccc2ccccc12,2,-95.97614288330078
Nc1cccc2ccccc12,3,-96.13856506347656
Nc1cccc2ccccc12,4,-95.98735046386719
Cc1cccc(C)c1,1,-80.7117691040039
Cc1cccc(C)c1,2,-80.73661041259766
Cc1cccc(C)c1,3,-80.75311279296875
Cc1cccc(C)c1,4,-80.52782440185547
Oc2ncc1nccnc1n2,1,-73.4981689453125
Oc2ncc1nccnc1n2,2,-73.4395980834961
Oc2ncc1nccnc1n2,3,-73.60328674316406
Oc2ncc1nccnc1n2,4,-73.51943969726562
CO,1,-20.888019561767578
CO,2,-20.89984893798828
CO,3,-20.892826080322266
CO,4,-20.90439796447754
CCC1(CCC(C)C)C(=O)NC(=O)NC1=O,1,-145.46070861816406
CCC1(CCC(C)C)C(=O)NC(=O)NC1=O,2,-145.4167022705078
CCC1(CCC(C)C)C(=O)NC(=O)NC1=O,3,-145.2639617919922
CCC1(CCC(C)C)C(=O)NC(=O)NC1=O,4,-145.2113037109375
CCC(=O)C,1,-52.29383850097656
CCC(=O)C,2,-52.307518005371094
CCC(=O)C,3,-52.34788513183594
CCC(=O)C,4,-52.34067153930664
Fc1c[nH]c(=O)[nH]c1=O ,1,-56.94817352294922
Fc1c[nH]c(=O)[nH]c1=O ,2,-57.07441711425781
Fc1c[nH]c(=O)[nH]c1=O ,3,-57.06917190551758
Fc1c[nH]c(=O)[nH]c1=O ,4,-57.05150604248047
Nc1ncnc2n(ccc12)C3OC(CO)C(O)C3O ,1,-145.0297393798828
Nc1ncnc2n(ccc12)C3OC(CO)C(O)C3O ,2,-144.9288787841797
Nc1ncnc2n(ccc12)C3OC(CO)C(O)C3O ,3,-144.85714721679688
Nc1ncnc2n(ccc12)C3OC(CO)C(O)C3O ,4,-145.10305786132812
Oc1cccc(O)c1,1,-65.24859619140625
Oc1cccc(O)c1,2,-65.08843231201172
Oc1cccc(O)c1,3,-65.1551742553711
Oc1cccc(O)c1,4,-65.0936279296875
CCCCCCO,1,-80.9790267944336
CCCCCCO,2,-81.03532409667969
CCCCCCO,3,-81.15288543701172
CCCCCCO,4,-81.11978149414062
C=CC=C,1,-41.902896881103516
C=CC=C,2,-41.695308685302734
C=CC=C,3,-42.217323303222656
C=CC=C,4,-41.849205017089844
CCCOC(=O)C,1,-68.9140396118164
CCCOC(=O)C,2,-69.05799865722656
CCCOC(=O)C,3,-68.89778137207031
CCCOC(=O)C,4,-68.92636108398438
Oc2ccc1CCCCc1c2 ,1,-103.92266845703125
Oc2ccc1CCCCc1c2 ,2,-103.87982177734375
Oc2ccc1CCCCc1c2 ,3,-103.94639587402344
Oc2ccc1CCCCc1c2 ,4,-103.74778747558594
CCCCCC=O,1,-76.03169250488281
CCCCCC=O,2,-75.89136505126953
CCCCCC=O,3,-75.99284362792969
CCCCCC=O,4,-75.88017272949219
CCCCOC(=O)c1ccc(N)cc1,1,-127.29724884033203
CCCCOC(=O)c1ccc(N)cc1,2,-127.40469360351562
CCCCOC(=O)c1ccc(N)cc1,3,-127.44227600097656
CCCCOC(=O)c1ccc(N)cc1,4,-127.3447036743164
O2c1cc(C)ccc1N(C)C(=O)c3cc(N)cnc23 ,1,-151.46255493164062
O2c1cc(C)ccc1N(C)C(=O)c3cc(N)cnc23 ,2,-151.72079467773438
O2c1cc(C)ccc1N(C)C(=O)c3cc(N)cnc23 ,3,-151.68011474609375
O2c1cc(C)ccc1N(C)C(=O)c3cc(N)cnc23 ,4,-151.53790283203125
CC(C)=CCC/C(C)=C\CO,1,-117.86668395996094
CC(C)=CCC/C(C)=C\CO,2,-117.73057556152344
CC(C)=CCC/C(C)=C\CO,3,-117.8747329711914
CC(C)=CCC/C(C)=C\CO,4,-117.74320983886719
O=C1N(COC(=O)CCCCCCC)C(=O)C(N1)(c2ccccc2)c3ccccc3,1,-263.87310791015625
O=C1N(COC(=O)CCCCCCC)C(=O)C(N1)(c2ccccc2)c3ccccc3,2,-264.0657958984375
O=C1N(COC(=O)CCCCCCC)C(=O)C(N1)(c2ccccc2)c3ccccc3,3,-264.05718994140625
O=C1N(COC(=O)CCCCCCC)C(=O)C(N1)(c2ccccc2)c3ccccc3,4,-264.0326843261719
CCN(=O)=O,1,-37.313133239746094
CCN(=O)=O,2,-37.2832145690918
CCN(=O)=O,3,-37.2707405090332
CCN(=O)=O,4,-37.30249786376953
CCN(CC(C)=C)c1c(cc(cc1N(=O)=O)C(F)(F)F)N(=O)=O,1,-161.09947204589844
CCN(CC(C)=C)c1c(cc(cc1N(=O)=O)C(F)(F)F)N(=O)=O,2,-161.35227966308594
CCN(CC(C)=C)c1c(cc(cc1N(=O)=O)C(F)(F)F)N(=O)=O,3,-161.27210998535156
CCN(CC(C)=C)c1c(cc(cc1N(=O)=O)C(F)(F)F)N(=O)=O,4,-161.0293426513672
CCCC(C)(COC(N)=O)COC(N)=O ,1,-134.73806762695312
CCCC(C)(COC(N)=O)COC(N)=O ,2,-134.6573944091797
CCCC(C)(COC(N)=O)COC(N)=O ,3,-134.920166015625
CCCC(C)(COC(N)=O)COC(N)=O ,4,-134.7898712158203
CC(=O)C3CCC4C2CC=C1CC(O)CCC1(C)C2CCC34C ,1,-233.560302734375
CC(=O)C3CCC4C2CC=C1CC(O)CCC1(C)C2CCC34C ,2,-234.06298828125
CC(=O)C3CCC4C2CC=C1CC(O)CCC1(C)C2CCC34C ,3,-233.76454162597656
CC(=O)C3CCC4C2CC=C1CC(O)CCC1(C)C2CCC34C ,4,-234.00836181640625
CC1CC(C)C(=O)C(C1)C(O)CC2CC(=O)NC(=O)C2 ,1,-184.24716186523438
CC1CC(C)C(=O)C(C1)C(O)CC2CC(=O)NC(=O)C2 ,2,-184.0696563720703
CC1CC(C)C(=O)C(C1)C(O)CC2CC(=O)NC(=O)C2 ,3,-184.2805938720703
CC1CC(C)C(=O)C(C1)C(O)CC2CC(=O)NC(=O)C2 ,4,-184.49974060058594
O=C1N(COC(=O)CCCCCC)C(=O)C(N1)(c2ccccc2)c3ccccc3,1,-251.96534729003906
O=C1N(COC(=O)CCCCCC)C(=O)C(N1)(c2ccccc2)c3ccccc3,2,-252.30519104003906
O=C1N(COC(=O)CCCCCC)C(=O)C(N1)(c2ccccc2)c3ccccc3,3,-252.2019805908203
O=C1N(COC(=O)CCCCCC)C(=O)C(N1)(c2ccccc2)c3ccccc3,4,-252.01022338867188
CC1=CC(=O)CC(C)(C)C1 ,1,-101.81453704833984
CC1=CC(=O)CC(C)(C)C1 ,2,-101.8109359741211
CC1=CC(=O)CC(C)(C)C1 ,3,-101.75473022460938
CC1=CC(=O)CC(C)(C)C1 ,4,-101.7720718383789
O=C1NC(=O)NC(=O)C1(CC)C(C)CC,1,-133.37657165527344
O=C1NC(=O)NC(=O)C1(CC)C(C)CC,2,-133.0744171142578
O=C1NC(=O)NC(=O)C1(CC)C(C)CC,3,-133.25033569335938
O=C1NC(=O)NC(=O)C1(CC)C(C)CC,4,-133.4502716064453
CCCCC(=O)CCCC,1,-112.27204895019531
CCCCC(=O)CCCC,2,-112.50343322753906
CCCCC(=O)CCCC,3,-112.60602569580078
CCCCC(=O)CCCC,4,-112.49036407470703
CCC1(CCC(=O)NC1=O)c2ccccc2 ,1,-141.49679565429688
CCC1(CCC(=O)NC1=O)c2ccccc2 ,2,-141.49612426757812
CCC1(CCC(=O)NC1=O)c2ccccc2 ,3,-141.8046112060547
CCC1(CCC(=O)NC1=O)c2ccccc2 ,4,-141.8383331298828
CCC(C)CC,1,-76.92216491699219
CCC(C)CC,2,-76.90203857421875
CCC(C)CC,3,-76.94100189208984
CCC(C)CC,4,-76.98873901367188
CCOc1ccc(cc1)C(C)(C)COCc3cccc(Oc2ccccc2)c3,1,-255.26617431640625
CCOc1ccc(cc1)C(C)(C)COCc3cccc(Oc2ccccc2)c3,2,-255.57818603515625
CCOc1ccc(cc1)C(C)(C)COCc3cccc(Oc2ccccc2)c3,3,-255.20468139648438
CCOc1ccc(cc1)C(C)(C)COCc3cccc(Oc2ccccc2)c3,4,-255.4703369140625
Cc1ccccc1n3c(C)nc2ccccc2c3=O,1,-159.73924255371094
Cc1ccccc1n3c(C)nc2ccccc2c3=O,2,-159.77149963378906
Cc1ccccc1n3c(C)nc2ccccc2c3=O,3,-159.8346405029297
Cc1ccccc1n3c(C)nc2ccccc2c3=O,4,-159.6898193359375
CC12CCC(=O)C=C1CCC3C2CCC4(C)C3CCC4(O)C#C ,1,-221.69554138183594
CC12CCC(=O)C=C1CCC3C2CCC4(C)C3CCC4(O)C#C ,2,-221.8060302734375
CC12CCC(=O)C=C1CCC3C2CCC4(C)C3CCC4(O)C#C ,3,-221.69422912597656
CC12CCC(=O)C=C1CCC3C2CCC4(C)C3CCC4(O)C#C ,4,-221.75546264648438
c1ccnnc1,1,-45.360267639160156
c1ccnnc1,2,-45.379642486572266
c1ccnnc1,3,-45.389034271240234
c1ccnnc1,4,-45.43782043457031
C1C(O)CCC2(C)CC3CCC4(C)C5(C)CC6OCC(C)CC6OC5CC4C3C=C21,1,-303.58740234375
C1C(O)CCC2(C)CC3CCC4(C)C5(C)CC6OCC(C)CC6OC5CC4C3C=C21,2,-303.7899169921875
C1C(O)CCC2(C)CC3CCC4(C)C5(C)CC6OCC(C)CC6OC5CC4C3C=C21,3,-303.56640625
C1C(O)CCC2(C)CC3CCC4(C)C5(C)CC6OCC(C)CC6OC5CC4C3C=C21,4,-303.89599609375
Nc1ccccc1O,1,-67.76917266845703
Nc1ccccc1O,2,-67.79901885986328
Nc1ccccc1O,3,-67.74629974365234
Nc1ccccc1O,4,-67.86540985107422
CCCCCCCCC(=O)OCC,1,-141.00172424316406
CCCCCCCCC(=O)OCC,2,-140.8958740234375
CCCCCCCCC(=O)OCC,3,-141.13934326171875
CCCCCCCCC(=O)OCC,4,-141.07020568847656
COCC(=O)N(C(C)C(=O)OC)c1c(C)cccc1C ,1,-178.01736450195312
COCC(=O)N(C(C)C(=O)OC)c1c(C)cccc1C ,2,-178.38046264648438
COCC(=O)N(C(C)C(=O)OC)c1c(C)cccc1C ,3,-178.35223388671875
COCC(=O)N(C(C)C(=O)OC)c1c(C)cccc1C ,4,-178.1121063232422
CNC(=O)Oc1ccccc1OC(C)C,1,-131.5792236328125
CNC(=O)Oc1ccccc1OC(C)C,2,-131.7095947265625
CNC(=O)Oc1ccccc1OC(C)C,3,-131.72384643554688
CNC(=O)Oc1ccccc1OC(C)C,4,-131.67491149902344
Oc1ccc2ccccc2c1,1,-93.61621856689453
Oc1ccc2ccccc2c1,2,-93.78833770751953
Oc1ccc2ccccc2c1,3,-93.54302215576172
Oc1ccc2ccccc2c1,4,-93.70394897460938
CCCCC#C,1,-65.13591003417969
CCCCC#C,2,-65.08509826660156
CCCCC#C,3,-65.06612396240234
CCCCC#C,4,-65.04542541503906
CCCCCCCC#C,1,-101.23186492919922
CCCCCCCC#C,2,-101.35214233398438
CCCCCCCC#C,3,-101.31251525878906
CCCCCCCC#C,4,-101.26380920410156
CC(C)OC(C)C,1,-80.85482788085938
CC(C)OC(C)C,2,-80.90982055664062
CC(C)OC(C)C,3,-80.83240509033203
CC(C)OC(C)C,4,-80.90519714355469
CNN,1,-30.83169174194336
CNN,2,-30.892642974853516
CNN,3,-30.78935432434082
CNN,4,-30.832948684692383
CC#C,1,-29.02872085571289
CC#C,2,-28.92112159729004
CC#C,3,-29.042726516723633
CC#C,4,-29.01338768005371
C=CC=O,1,-34.390350341796875
C=CC=O,2,-34.25631332397461
C=CC=O,3,-34.42106246948242
C=CC=O,4,-34.37612533569336
O=c1[nH]cnc2nc[nH]c12 ,1,-67.28589630126953
O=c1[nH]cnc2nc[nH]c12 ,2,-67.16568756103516
O=c1[nH]cnc2nc[nH]c12 ,3,-67.12654876708984
O=c1[nH]cnc2nc[nH]c12 ,4,-67.20697021484375
Oc2ccc1ncccc1c2 ,1,-88.55314636230469
Oc2ccc1ncccc1c2 ,2,-88.47152709960938
Oc2ccc1ncccc1c2 ,3,-88.53526306152344
Oc2ccc1ncccc1c2 ,4,-88.40477752685547
Fc1ccccc1,1,-57.1962776184082
Fc1ccccc1,2,-57.152889251708984
Fc1ccccc1,3,-57.305755615234375
Fc1ccccc1,4,-57.162967681884766
CCOC(=O)C,1,-56.919471740722656
CCOC(=O)C,2,-57.02085876464844
CCOC(=O)C,3,-56.942901611328125
CCOC(=O)C,4,-56.94800567626953
CCCC(C)(C)C,1,-88.7336654663086
CCCC(C)(C)C,2,-88.73554229736328
CCCC(C)(C)C,3,-88.6709976196289
CCCC(C)(C)C,4,-88.8840560913086
Cc1cc(C)c(C)c(C)c1C,1,-116.58590698242188
Cc1cc(C)c(C)c(C)c1C,2,-116.69416809082031
Cc1cc(C)c(C)c(C)c1C,3,-116.61272430419922
Cc1cc(C)c(C)c(C)c1C,4,-116.71186828613281
CC12CCC(CC1)C(C)(C)O2 ,1,-118.97437286376953
CC12CCC(CC1)C(C)(C)O2 ,2,-119.03164672851562
CC12CCC(CC1)C(C)(C)O2 ,3,-119.05419921875
CC12CCC(CC1)C(C)(C)O2 ,4,-119.12797546386719
CCCCOC(=O)CCCCCCCCC(=O)OCCCC,1,-228.7953643798828
CCCCOC(=O)CCCCCCCCC(=O)OCCCC,2,-229.039794921875
CCCCOC(=O)CCCCCCCCC(=O)OCCCC,3,-228.69467163085938
CCCCOC(=O)CCCCCCCCC(=O)OCCCC,4,-228.7915802001953
Cc1cccnc1C,1,-75.74144744873047
Cc1cccnc1C,2,-75.64983367919922
Cc1cccnc1C,3,-75.65454864501953
Cc1cccnc1C,4,-75.62635040283203
CC(=C)C1CC=C(C)C(=O)C1,1,-108.0438003540039
CC(=C)C1CC=C(C)C(=O)C1,2,-108.55303192138672
CC(=C)C1CC=C(C)C(=O)C1,3,-108.29078674316406
CC(=C)C1CC=C(C)C(=O)C1,4,-108.33043670654297
COc1cc(cc(OC)c1O)C6C2C(COC2=O)C(OC4OC3COC(C)OC3C(O)C4O)c7cc5OCOc5cc67,1,-333.140625
COc1cc(cc(OC)c1O)C6C2C(COC2=O)C(OC4OC3COC(C)OC3C(O)C4O)c7cc5OCOc5cc67,2,-333.4144592285156
COc1cc(cc(OC)c1O)C6C2C(COC2=O)C(OC4OC3COC(C)OC3C(O)C4O)c7cc5OCOc5cc67,3,-333.2557067871094
COc1cc(cc(OC)c1O)C6C2C(COC2=O)C(OC4OC3COC(C)OC3C(O)C4O)c7cc5OCOc5cc67,4,-333.5580139160156
c1cc2cccc3c4cccc5cccc(c(c1)c23)c54,1,-166.89944458007812
c1cc2cccc3c4cccc5cccc(c(c1)c23)c54,2,-167.46299743652344
c1cc2cccc3c4cccc5cccc(c(c1)c23)c54,3,-167.16989135742188
c1cc2cccc3c4cccc5cccc(c(c1)c23)c54,4,-167.16329956054688
Cc1ccc(cc1N(=O)=O)N(=O)=O,1,-85.019287109375
Cc1ccc(cc1N(=O)=O)N(=O)=O,2,-84.88666534423828
Cc1ccc(cc1N(=O)=O)N(=O)=O,3,-84.8070068359375
Cc1ccc(cc1N(=O)=O)N(=O)=O,4,-84.93576049804688
CNC(=O)Oc1cccc(N=CN(C)C)c1,1,-135.5016632080078
CNC(=O)Oc1cccc(N=CN(C)C)c1,2,-135.66603088378906
CNC(=O)Oc1cccc(N=CN(C)C)c1,3,-135.5718994140625
CNC(=O)Oc1cccc(N=CN(C)C)c1,4,-135.7655792236328
COc2cnc1ncncc1n2,1,-84.96974182128906
COc2cnc1ncncc1n2,2,-84.70199584960938
COc2cnc1ncncc1n2,3,-84.98040008544922
COc2cnc1ncncc1n2,4,-85.02207946777344
Cc3ccnc4N(C1CC1)c2ncccc2C(=O)Nc34 ,1,-159.66949462890625
Cc3ccnc4N(C1CC1)c2ncccc2C(=O)Nc34 ,2,-159.82736206054688
Cc3ccnc4N(C1CC1)c2ncccc2C(=O)Nc34 ,3,-159.56143188476562
Cc3ccnc4N(C1CC1)c2ncccc2C(=O)Nc34 ,4,-159.8735809326172
CC(=C)C=C,1,-54.1666374206543
CC(=C)C=C,2,-54.02244567871094
CC(=C)C=C,3,-54.161861419677734
CC(=C)C=C,4,-53.93070983886719
CC(C)=CCCC(O)(C)C=C,1,-117.7181625366211
CC(C)=CCCC(O)(C)C=C,2,-117.73959350585938
CC(C)=CCCC(O)(C)C=C,3,-117.66668701171875
CC(C)=CCCC(O)(C)C=C,4,-117.8585205078125
OC1CCCCC1,1,-76.35624694824219
OC1CCCCC1,2,-76.36648559570312
OC1CCCCC1,3,-76.31591033935547
OC1CCCCC1,4,-76.44567108154297
O=C1NC(=O)NC(=O)C1(C)CC=C,1,-104.02881622314453
O=C1NC(=O)NC(=O)C1(C)CC=C,2,-104.13599395751953
O=C1NC(=O)NC(=O)C1(C)CC=C,3,-103.99897766113281
O=C1NC(=O)NC(=O)C1(C)CC=C,4,-104.0080337524414
CC34CCC1C(CCC2CC(O)CCC12C)C3CCC4=O,1,-215.15164184570312
CC34CCC1C(CCC2CC(O)CCC12C)C3CCC4=O,2,-215.1911163330078
CC34CCC1C(CCC2CC(O)CCC12C)C3CCC4=O,3,-215.47024536132812
CC34CCC1C(CCC2CC(O)CCC12C)C3CCC4=O,4,-215.12022399902344
OCC(O)C(O)C(O)C(O)CO ,1,-100.80989837646484
OCC(O)C(O)C(O)C(O)CO ,2,-101.07689666748047
OCC(O)C(O)C(O)C(O)CO ,3,-100.77955627441406
OCC(O)C(O)C(O)C(O)CO ,4,-100.8371353149414
Cc1ccc(cc1)c2ccccc2,1,-120.25138092041016
Cc1ccc(cc1)c2ccccc2,2,-120.12093353271484
Cc1ccc(cc1)c2ccccc2,3,-120.31029510498047
Cc1ccc(cc1)c2ccccc2,4,-120.03141784667969
CCCC(=O)CCC,1,-88.29907989501953
CCCC(=O)CCC,2,-88.17916870117188
CCCC(=O)CCC,3,-88.40227508544922
CCCC(=O)CCC,4,-88.40894317626953
CC(=O)C(C)(C)C,1,-76.25689697265625
CC(=O)C(C)(C)C,2,-76.07874298095703
CC(=O)C(C)(C)C,3,-76.16500091552734
CC(=O)C(C)(C)C,4,-76.1722640991211
O=C1CCCCC1,1,-71.35118865966797
O=C1CCCCC1,2,-71.41215515136719
O=C1CCCCC1,3,-71.41395568847656
O=C1CCCCC1,4,-71.29673767089844
Cc1cccc(N)c1,1,-75.65576171875
Cc1cccc(N)c1,2,-75.591796875
Cc1cccc(N)c1,3,-75.54182434082031
Cc1cccc(N)c1,4,-75.65409851074219
CCCCCCCCC(=O)C,1,-124.50395202636719
CCCCCCCCC(=O)C,2,-124.40345764160156
CCCCCCCCC(=O)C,3,-124.46731567382812
CCCCCCCCC(=O)C,4,-124.37973022460938
CCOC(=O)c1ccc(N)cc1,1,-103.2950668334961
CCOC(=O)c1ccc(N)cc1,2,-103.39859771728516
CCOC(=O)c1ccc(N)cc1,3,-103.34526824951172
CCOC(=O)c1ccc(N)cc1,4,-103.27700805664062
Oc1ccccc1O,1,-64.92322540283203
Oc1ccccc1O,2,-65.23149871826172
Oc1ccccc1O,3,-65.18058776855469
Oc1ccccc1O,4,-65.1479263305664
CCN2c1ncccc1N(C)C(=O)c3cccnc23 ,1,-153.9130401611328
CCN2c1ncccc1N(C)C(=O)c3cccnc23 ,2,-154.1508331298828
CCN2c1ncccc1N(C)C(=O)c3cccnc23 ,3,-154.24330139160156
CCN2c1ncccc1N(C)C(=O)c3cccnc23 ,4,-154.18777465820312
CCOC(=O)N,1,-52.35346984863281
CCOC(=O)N,2,-52.35759353637695
CCOC(=O)N,3,-52.2969970703125
CCOC(=O)N,4,-52.272037506103516
CC(=O)OC3(CCC4C2C=C(C)C1=CC(=O)CCC1(C)C2CCC34C)C(C)=O ,1,-263.3398742675781
CC(=O)OC3(CCC4C2C=C(C)C1=CC(=O)CCC1(C)C2CCC34C)C(C)=O ,2,-263.37890625
CC(=O)OC3(CCC4C2C=C(C)C1=CC(=O)CCC1(C)C2CCC34C)C(C)=O ,3,-263.2582702636719
CC(=O)OC3(CCC4C2C=C(C)C1=CC(=O)CCC1(C)C2CCC34C)C(C)=O ,4,-263.2406311035156
CC(C)C(O)C(C)C,1,-92.75310516357422
CC(C)C(O)C(C)C,2,-92.90312194824219
CC(C)C(O)C(C)C,3,-92.91372680664062
CC(C)C(O)C(C)C,4,-93.05355834960938
c1ccc2ccccc2c1,1,-89.2952880859375
c1ccc2ccccc2c1,2,-89.25755310058594
c1ccc2ccccc2c1,3,-89.11810302734375
c1ccc2ccccc2c1,4,-89.2418212890625
CCNc1ccccc1,1,-87.12468719482422
CCNc1ccccc1,2,-87.20972442626953
CCNc1ccccc1,3,-87.3639907836914
CCNc1ccccc1,4,-87.30072021484375
O=C1NC(=O)C(N1)(c2ccccc2)c3ccccc3,1,-152.69944763183594
O=C1NC(=O)C(N1)(c2ccccc2)c3ccccc3,2,-152.74032592773438
O=C1NC(=O)C(N1)(c2ccccc2)c3ccccc3,3,-152.92214965820312
O=C1NC(=O)C(N1)(c2ccccc2)c3ccccc3,4,-152.6742401123047
Cc1c2ccccc2c(C)c3ccc4ccccc4c13,1,-177.2353973388672
Cc1c2ccccc2c(C)c3ccc4ccccc4c13,2,-177.61758422851562
Cc1c2ccccc2c(C)c3ccc4ccccc4c13,3,-177.50550842285156
Cc1c2ccccc2c(C)c3ccc4ccccc4c13,4,-177.40194702148438
O=C1N(COC(=O)CCCC)C(=O)C(N1)(c2ccccc2)c3ccccc3,1,-228.17295837402344
O=C1N(COC(=O)CCCC)C(=O)C(N1)(c2ccccc2)c3ccccc3,2,-228.4017791748047
O=C1N(COC(=O)CCCC)C(=O)C(N1)(c2ccccc2)c3ccccc3,3,-228.47775268554688
O=C1N(COC(=O)CCCC)C(=O)C(N1)(c2ccccc2)c3ccccc3,4,-228.40887451171875
OC(Cn1cncn1)(c2ccc(F)cc2)c3ccccc3F,1,-166.8659210205078
OC(Cn1cncn1)(c2ccc(F)cc2)c3ccccc3F,2,-166.41177368164062
OC(Cn1cncn1)(c2ccc(F)cc2)c3ccccc3F,3,-166.3813018798828
OC(Cn1cncn1)(c2ccc(F)cc2)c3ccccc3F,4,-166.42630004882812
CC(=O)OCC(=O)C3(O)C(CC4C2CCC1=CC(=O)C=CC1(C)C2(F)C(O)CC34C)OC(C)=O ,1,-288.1291809082031
CC(=O)OCC(=O)C3(O)C(CC4C2CCC1=CC(=O)C=CC1(C)C2(F)C(O)CC34C)OC(C)=O ,2,-287.8936462402344
CC(=O)OCC(=O)C3(O)C(CC4C2CCC1=CC(=O)C=CC1(C)C2(F)C(O)CC34C)OC(C)=O ,3,-287.8848571777344
CC(=O)OCC(=O)C3(O)C(CC4C2CCC1=CC(=O)C=CC1(C)C2(F)C(O)CC34C)OC(C)=O ,4,-288.18603515625
CC(C)CC(=O)C,1,-76.22608947753906
CC(C)CC(=O)C,2,-76.19760131835938
CC(C)CC(=O)C,3,-76.3219223022461
CC(C)CC(=O)C,4,-76.32630157470703
CCC(C)C1(CC=C)C(=O)NC(=O)NC1=O,1,-139.43399047851562
CCC(C)C1(CC=C)C(=O)NC(=O)NC1=O,2,-139.46475219726562
CCC(C)C1(CC=C)C(=O)NC(=O)NC1=O,3,-139.60491943359375
CCC(C)C1(CC=C)C(=O)NC(=O)NC1=O,4,-139.64859008789062
OCC(O)C(O)C(O)C(O)CO,1,-100.80989837646484
OCC(O)C(O)C(O)C(O)CO,2,-101.07689666748047
OCC(O)C(O)C(O)C(O)CO,3,-100.77955627441406
OCC(O)C(O)C(O)C(O)CO,4,-100.8371353149414
CN(C)C(=O)Oc1cc(C)nn1c2ccccc2,1,-149.47889709472656
CN(C)C(=O)Oc1cc(C)nn1c2ccccc2,2,-149.40325927734375
CN(C)C(=O)Oc1cc(C)nn1c2ccccc2,3,-149.5316162109375
CN(C)C(=O)Oc1cc(C)nn1c2ccccc2,4,-149.61329650878906
NC(=O)c1ccccc1O,1,-79.6943359375
NC(=O)c1ccccc1O,2,-79.62493896484375
NC(=O)c1ccccc1O,3,-79.64877319335938
NC(=O)c1ccccc1O,4,-79.6312255859375
Cc1ccccc1N(=O)=O,1,-76.78274536132812
Cc1ccccc1N(=O)=O,2,-76.89704895019531
Cc1ccccc1N(=O)=O,3,-76.69999694824219
Cc1ccccc1N(=O)=O,4,-76.73139953613281
O=C1NC(=O)NC(=O)C1(C(C)C)C(C)C,1,-133.1885528564453
O=C1NC(=O)NC(=O)C1(C(C)C)C(C)C,2,-133.27040100097656
O=C1NC(=O)NC(=O)C1(C(C)C)C(C)C,3,-133.36865234375
O=C1NC(=O)NC(=O)C1(C(C)C)C(C)C,4,-133.3032989501953
CCc1ccccc1C,1,-92.5889663696289
CCc1ccccc1C,2,-92.59561157226562
CCc1ccccc1C,3,-92.55435943603516
CCc1ccccc1C,4,-92.64698028564453
O=C1NC(=O)NC(=O)C1(CC)CC,1,-109.62339782714844
O=C1NC(=O)NC(=O)C1(CC)CC,2,-109.53015899658203
O=C1NC(=O)NC(=O)C1(CC)CC,3,-109.49434661865234
O=C1NC(=O)NC(=O)C1(CC)CC,4,-109.64839172363281
C(Cc1ccccc1)c2ccccc2,1,-132.06436157226562
C(Cc1ccccc1)c2ccccc2,2,-131.9067840576172
C(Cc1ccccc1)c2ccccc2,3,-132.00262451171875
C(Cc1ccccc1)c2ccccc2,4,-131.7568817138672
CCN2c1cc(OC)cc(C)c1NC(=O)c3cccnc23 ,1,-175.68038940429688
CCN2c1cc(OC)cc(C)c1NC(=O)c3cccnc23 ,2,-175.43882751464844
CCN2c1cc(OC)cc(C)c1NC(=O)c3cccnc23 ,3,-175.425048828125
CCN2c1cc(OC)cc(C)c1NC(=O)c3cccnc23 ,4,-175.56410217285156
Cc1ccc2c(ccc3ccccc32)c1,1,-133.31784057617188
Cc1ccc2c(ccc3ccccc32)c1,2,-133.57577514648438
Cc1ccc2c(ccc3ccccc32)c1,3,-134.0664825439453
Cc1ccc2c(ccc3ccccc32)c1,4,-133.68017578125
CCCCOC(=O)c1ccccc1C(=O)OCCCC ,1,-184.39743041992188
CCCCOC(=O)c1ccccc1C(=O)OCCCC ,2,-184.59608459472656
CCCCOC(=O)c1ccccc1C(=O)OCCCC ,3,-184.6717987060547
CCCCOC(=O)c1ccccc1C(=O)OCCCC ,4,-184.6132354736328
CC34CCC1C(=CCc2cc(O)ccc12)C3CCC4=O,1,-182.67449951171875
CC34CCC1C(=CCc2cc(O)ccc12)C3CCC4=O,2,-182.73822021484375
CC34CCC1C(=CCc2cc(O)ccc12)C3CCC4=O,3,-182.95425415039062
CC34CCC1C(=CCc2cc(O)ccc12)C3CCC4=O,4,-183.0291290283203
COc1ccc(cc1)N(=O)=O,1,-80.64476013183594
COc1ccc(cc1)N(=O)=O,2,-80.63761138916016
COc1ccc(cc1)N(=O)=O,3,-80.66268157958984
COc1ccc(cc1)N(=O)=O,4,-80.511474609375
OCC1OC(CO)(OC2OC(COC3OC(CO)C(O)C(O)C3O)C(O)C(O)C2O)C(O)C1O,1,-269.63818359375
OCC1OC(CO)(OC2OC(COC3OC(CO)C(O)C(O)C3O)C(O)C(O)C2O)C(O)C1O,2,-269.7327575683594
OCC1OC(CO)(OC2OC(COC3OC(CO)C(O)C(O)C3O)C(O)C(O)C2O)C(O)C1O,3,-269.5343017578125
OCC1OC(CO)(OC2OC(COC3OC(CO)C(O)C(O)C3O)C(O)C(O)C2O)C(O)C1O,4,-269.63336181640625
CCCCCCCCCCCCCCCCCCCCCCCCCC,1,-317.7209167480469
CCCCCCCCCCCCCCCCCCCCCCCCCC,2,-317.5997619628906
CCCCCCCCCCCCCCCCCCCCCCCCCC,3,-317.6993408203125
CCCCCCCCCCCCCCCCCCCCCCCCCC,4,-317.1260070800781
CCN2c1ccccc1N(C)C(=O)c3cccnc23 ,1,-159.1296844482422
CCN2c1ccccc1N(C)C(=O)c3cccnc23 ,2,-158.9676513671875
CCN2c1ccccc1N(C)C(=O)c3cccnc23 ,3,-158.9683380126953
CCN2c1ccccc1N(C)C(=O)c3cccnc23 ,4,-159.0330352783203
CCCN(CCC)c1c(cc(cc1N(=O)=O)C(C)C)N(=O)=O,1,-187.67965698242188
CCCN(CCC)c1c(cc(cc1N(=O)=O)C(C)C)N(=O)=O,2,-188.16114807128906
CCCN(CCC)c1c(cc(cc1N(=O)=O)C(C)C)N(=O)=O,3,-187.8091583251953
CCCN(CCC)c1c(cc(cc1N(=O)=O)C(C)C)N(=O)=O,4,-187.65594482421875
OC1CCCCCCC1,1,-100.22459411621094
OC1CCCCCCC1,2,-100.11705017089844
OC1CCCCCCC1,3,-100.09478759765625
OC1CCCCCCC1,4,-100.21693420410156
CC1(O)CCC2C3CCC4=CC(=O)CCC4(C)C3CCC21C,1,-221.41839599609375
CC1(O)CCC2C3CCC4=CC(=O)CCC4(C)C3CCC21C,2,-221.98861694335938
CC1(O)CCC2C3CCC4=CC(=O)CCC4(C)C3CCC21C,3,-221.64991760253906
CC1(O)CCC2C3CCC4=CC(=O)CCC4(C)C3CCC21C,4,-221.60215759277344
CCOc1ccc(NC(N)=O)cc1,1,-110.42313385009766
CCOc1ccc(NC(N)=O)cc1,2,-110.54336547851562
CCOc1ccc(NC(N)=O)cc1,3,-110.60134887695312
CCOc1ccc(NC(N)=O)cc1,4,-110.61976623535156
C/C1CCC(\C)CC1,1,-95.97332000732422
C/C1CCC(\C)CC1,2,-95.98423767089844
C/C1CCC(\C)CC1,3,-95.94717407226562
C/C1CCC(\C)CC1,4,-96.03611755371094
c1cnc2c(c1)ccc3ncccc23,1,-111.53593444824219
c1cnc2c(c1)ccc3ncccc23,2,-111.71128845214844
c1cnc2c(c1)ccc3ncccc23,3,-111.41150665283203
c1cnc2c(c1)ccc3ncccc23,4,-111.61683654785156
COC(C)(C)C,1,-68.64122772216797
COC(C)(C)C,2,-68.61113739013672
COC(C)(C)C,3,-68.62882232666016
COC(C)(C)C,4,-68.65190887451172
COc1ccc(C=CC)cc1,1,-103.17634582519531
COc1ccc(C=CC)cc1,2,-103.1147689819336
COc1ccc(C=CC)cc1,3,-103.35122680664062
COc1ccc(C=CC)cc1,4,-103.19908905029297
CCCCCCCCCCCCCCCCO,1,-201.233154296875
CCCCCCCCCCCCCCCCO,2,-201.73175048828125
CCCCCCCCCCCCCCCCO,3,-201.077880859375
CCCCCCCCCCCCCCCCO,4,-201.18563842773438
O=c1cc[nH]c(=O)[nH]1 ,1,-56.654319763183594
O=c1cc[nH]c(=O)[nH]1 ,2,-56.656246185302734
O=c1cc[nH]c(=O)[nH]1 ,3,-56.54951858520508
O=c1cc[nH]c(=O)[nH]1 ,4,-56.53169631958008
Nc1ncnc2nc[nH]c12 ,1,-69.30070495605469
Nc1ncnc2nc[nH]c12 ,2,-69.31951904296875
Nc1ncnc2nc[nH]c12 ,3,-69.54560089111328
Nc1ncnc2nc[nH]c12 ,4,-69.36695861816406
COc1ccc(cc1)C(O)(C2CC2)c3cncnc3 ,1,-159.39599609375
COc1ccc(cc1)C(O)(C2CC2)c3cncnc3 ,2,-159.38995361328125
COc1ccc(cc1)C(O)(C2CC2)c3cncnc3 ,3,-159.5618133544922
COc1ccc(cc1)C(O)(C2CC2)c3cncnc3 ,4,-159.5460205078125
c1ccc2c(c1)c3cccc4c3c2cc5ccccc54,1,-166.93495178222656
c1ccc2c(c1)c3cccc4c3c2cc5ccccc54,2,-167.08578491210938
c1ccc2c(c1)c3cccc4c3c2cc5ccccc54,3,-166.9273681640625
c1ccc2c(c1)c3cccc4c3c2cc5ccccc54,4,-167.02122497558594
O=C(Nc1ccccc1)Nc2ccccc2,1,-133.9700469970703
O=C(Nc1ccccc1)Nc2ccccc2,2,-134.08486938476562
O=C(Nc1ccccc1)Nc2ccccc2,3,-134.1070098876953
O=C(Nc1ccccc1)Nc2ccccc2,4,-133.88905334472656
CCC1(C(=O)NC(=O)NC1=O)c2ccccc2 ,1,-136.84808349609375
CCC1(C(=O)NC(=O)NC1=O)c2ccccc2 ,2,-136.92457580566406
CCC1(C(=O)NC(=O)NC1=O)c2ccccc2 ,3,-136.8455047607422
CCC1(C(=O)NC(=O)NC1=O)c2ccccc2 ,4,-136.95980834960938
CC(C)c1ccc(NC(=O)N(C)C)cc1,1,-142.13546752929688
CC(C)c1ccc(NC(=O)N(C)C)cc1,2,-142.09190368652344
CC(C)c1ccc(NC(=O)N(C)C)cc1,3,-142.152099609375
CC(C)c1ccc(NC(=O)N(C)C)cc1,4,-142.1212615966797
CCC(C)(C)CO,1,-80.84420013427734
CCC(C)(C)CO,2,-80.86209869384766
CCC(C)(C)CO,3,-80.82862854003906
CCC(C)(C)CO,4,-80.7481460571289
CCCOC(=O)CCC,1,-92.93575286865234
CCCOC(=O)CCC,2,-93.10185241699219
CCCOC(=O)CCC,3,-93.08053588867188
CCCOC(=O)CCC,4,-93.08199310302734
Cc1c(cc(cc1N(=O)=O)N(=O)=O)N(=O)=O,1,-92.92068481445312
Cc1c(cc(cc1N(=O)=O)N(=O)=O)N(=O)=O,2,-92.80272674560547
Cc1c(cc(cc1N(=O)=O)N(=O)=O)N(=O)=O,3,-92.93030548095703
Cc1c(cc(cc1N(=O)=O)N(=O)=O)N(=O)=O,4,-93.0754165649414
C1CCCCCC1,1,-84.47109985351562
C1CCCCCC1,2,-84.51785278320312
C1CCCCCC1,3,-84.34889221191406
C1CCCCCC1,4,-84.43492126464844
CCCOC=O,1,-56.57865524291992
CCCOC=O,2,-56.582489013671875
CCCOC=O,3,-56.543235778808594
CCCOC=O,4,-56.543701171875
CC(C)c1ccccc1C,1,-104.49475860595703
CC(C)c1ccccc1C,2,-104.57324981689453
CC(C)c1ccccc1C,3,-104.46466064453125
CC(C)c1ccccc1C,4,-104.46955871582031
CC(C)CC(C)C,1,-88.9185791015625
CC(C)CC(C)C,2,-88.8787612915039
CC(C)CC(C)C,3,-88.88777160644531
CC(C)CC(C)C,4,-88.95458221435547
o1c2ccccc2c3ccccc13,1,-106.84636688232422
o1c2ccccc2c3ccccc13,2,-106.8446044921875
o1c2ccccc2c3ccccc13,3,-106.98005676269531
o1c2ccccc2c3ccccc13,4,-107.12556457519531
CN(C)C(=O)Nc1cccc(c1)C(F)(F)F,1,-120.64811706542969
CN(C)C(=O)Nc1cccc(c1)C(F)(F)F,2,-120.55813598632812
CN(C)C(=O)Nc1cccc(c1)C(F)(F)F,3,-120.71034240722656
CN(C)C(=O)Nc1cccc(c1)C(F)(F)F,4,-120.679931640625
c3ccc2nc1ccccc1cc2c3,1,-116.5419921875
c3ccc2nc1ccccc1cc2c3,2,-116.538818359375
c3ccc2nc1ccccc1cc2c3,3,-117.0801773071289
c3ccc2nc1ccccc1cc2c3,4,-116.8546371459961
CC12CC(=O)C3C(CCC4=CC(=O)CCC34C)C2CCC1(O)C(=O)CO,1,-236.0090789794922
CC12CC(=O)C3C(CCC4=CC(=O)CCC34C)C2CCC1(O)C(=O)CO,2,-235.72711181640625
CC12CC(=O)C3C(CCC4=CC(=O)CCC34C)C2CCC1(O)C(=O)CO,3,-235.99664306640625
CC12CC(=O)C3C(CCC4=CC(=O)CCC34C)C2CCC1(O)C(=O)CO,4,-236.44189453125
OCC1OC(O)C(O)C(O)C1O,1,-95.93089294433594
OCC1OC(O)C(O)C(O)C1O,2,-95.89799499511719
OCC1OC(O)C(O)C(O)C1O,3,-96.0512466430664
OCC1OC(O)C(O)C(O)C1O,4,-96.09617614746094
Cc1cccc(O)c1,1,-72.8562240600586
Cc1cccc(O)c1,2,-72.87581634521484
Cc1cccc(O)c1,3,-72.93112182617188
Cc1cccc(O)c1,4,-72.8583984375
CCC(C)C(=O)OC2CC(C)C=C3C=CC(C)C(CCC1CC(O)CC(=O)O1)C23 ,1,-278.00152587890625
CCC(C)C(=O)OC2CC(C)C=C3C=CC(C)C(CCC1CC(O)CC(=O)O1)C23 ,2,-277.8736572265625
CCC(C)C(=O)OC2CC(C)C=C3C=CC(C)C(CCC1CC(O)CC(=O)O1)C23 ,3,-277.6372985839844
CCC(C)C(=O)OC2CC(C)C=C3C=CC(C)C(CCC1CC(O)CC(=O)O1)C23 ,4,-277.6459045410156
O=N(=O)c1ccc(cc1)N(=O)=O,1,-72.55155944824219
O=N(=O)c1ccc(cc1)N(=O)=O,2,-72.62881469726562
O=N(=O)c1ccc(cc1)N(=O)=O,3,-72.46582794189453
O=N(=O)c1ccc(cc1)N(=O)=O,4,-72.5951919555664
CCC1(C(=O)NC(=O)NC1=O)C2=CCC3CCC2C3,1,-165.61322021484375
CCC1(C(=O)NC(=O)NC1=O)C2=CCC3CCC2C3,2,-165.7720489501953
CCC1(C(=O)NC(=O)NC1=O)C2=CCC3CCC2C3,3,-165.9208526611328
CCC1(C(=O)NC(=O)NC1=O)C2=CCC3CCC2C3,4,-165.8984375
CCCCCCCCCC(=O)OCC,1,-153.10745239257812
CCCCCCCCCC(=O)OCC,2,-153.0671844482422
CCCCCCCCCC(=O)OCC,3,-152.98764038085938
CCCCCCCCCC(=O)OCC,4,-153.00347900390625
CN(C)C(=O)Nc1ccccc1,1,-105.96385192871094
CN(C)C(=O)Nc1ccccc1,2,-105.9888687133789
CN(C)C(=O)Nc1ccccc1,3,-106.04132080078125
CN(C)C(=O)Nc1ccccc1,4,-106.05559539794922
CCCOCC,1,-68.68482971191406
CCCOCC,2,-68.67250061035156
CCCOCC,3,-68.69122314453125
CCCOCC,4,-68.91962432861328
CC(C)O,1,-45.2237434387207
CC(C)O,2,-45.293540954589844
CC(C)O,3,-45.325748443603516
CC(C)O,4,-45.24287033081055
Cc1ccc2ccccc2c1,1,-101.3084716796875
Cc1ccc2ccccc2c1,2,-101.22468566894531
Cc1ccc2ccccc2c1,3,-101.21173095703125
Cc1ccc2ccccc2c1,4,-101.38723754882812
CCC(C(CC)c1ccc(O)cc1)c2ccc(O)cc2,1,-187.5914306640625
CCC(C(CC)c1ccc(O)cc1)c2ccc(O)cc2,2,-188.01002502441406
CCC(C(CC)c1ccc(O)cc1)c2ccc(O)cc2,3,-187.95639038085938
CCC(C(CC)c1ccc(O)cc1)c2ccc(O)cc2,4,-188.08157348632812
C/C=C/C=O,1,-46.40378189086914
C/C=C/C=O,2,-46.38823318481445
C/C=C/C=O,3,-46.3861198425293
C/C=C/C=O,4,-46.3536262512207
Cc1c2ccccc2c(C)c3ccccc13,1,-145.2434844970703
Cc1c2ccccc2c(C)c3ccccc13,2,-145.27235412597656
Cc1c2ccccc2c(C)c3ccccc13,3,-145.34938049316406
Cc1c2ccccc2c(C)c3ccccc13,4,-145.27305603027344
CCCCCC(=O)OC,1,-92.91106414794922
CCCCCC(=O)OC,2,-92.7588119506836
CCCCCC(=O)OC,3,-92.78895568847656
CCCCCC(=O)OC,4,-92.88419342041016
CC(=O)Nc1ccc(F)cc1,1,-87.94548797607422
CC(=O)Nc1ccc(F)cc1,2,-87.98880767822266
CC(=O)Nc1ccc(F)cc1,3,-87.9303207397461
CC(=O)Nc1ccc(F)cc1,4,-88.0250015258789
C1CCC=CC1,1,-66.50495910644531
C1CCC=CC1,2,-66.43050384521484
C1CCC=CC1,3,-66.51535034179688
C1CCC=CC1,4,-66.56538391113281
CC12CC(O)C3C(CCC4=CC(=O)CCC34C)C2CCC1(O)C(=O)CO,1,-240.6934356689453
CC12CC(O)C3C(CCC4=CC(=O)CCC34C)C2CCC1(O)C(=O)CO,2,-240.78717041015625
CC12CC(O)C3C(CCC4=CC(=O)CCC34C)C2CCC1(O)C(=O)CO,3,-240.9630584716797
CC12CC(O)C3C(CCC4=CC(=O)CCC34C)C2CCC1(O)C(=O)CO,4,-240.91802978515625
c1cncnc1,1,-46.21380615234375
c1cncnc1,2,-46.25396728515625
c1cncnc1,3,-46.1926155090332
c1cncnc1,4,-46.265811920166016
CCC(=O)OC,1,-56.80268096923828
CCC(=O)OC,2,-56.75313186645508
CCC(=O)OC,3,-56.8519287109375
CCC(=O)OC,4,-56.79616165161133
O=N(=O)c1ccccc1,1,-64.63832092285156
O=N(=O)c1ccccc1,2,-64.72328186035156
O=N(=O)c1ccccc1,3,-64.74815368652344
O=N(=O)c1ccccc1,4,-64.71853637695312
COc1ccccc1OCC(O)COC(N)=O,1,-139.44467163085938
COc1ccccc1OCC(O)COC(N)=O,2,-139.59857177734375
COc1ccccc1OCC(O)COC(N)=O,3,-139.52488708496094
COc1ccccc1OCC(O)COC(N)=O,4,-139.59031677246094
CCCC(=O)OC,1,-68.77849578857422
CCCC(=O)OC,2,-68.8588638305664
CCCC(=O)OC,3,-68.8274917602539
CCCC(=O)OC,4,-68.92240142822266
Nc3nc(N)c2nc(c1ccccc1)c(N)nc2n3,1,-141.62139892578125
Nc3nc(N)c2nc(c1ccccc1)c(N)nc2n3,2,-141.44068908691406
Nc3nc(N)c2nc(c1ccccc1)c(N)nc2n3,3,-142.31356811523438
Nc3nc(N)c2nc(c1ccccc1)c(N)nc2n3,4,-142.00906372070312
CCCCCC(=O)OCC,1,-105.00574493408203
CCCCCC(=O)OCC,2,-104.91919708251953
CCCCCC(=O)OCC,3,-105.0591049194336
CCCCCC(=O)OCC,4,-104.95774841308594
CN(C=Nc1ccc(C)cc1C)C=Nc2ccc(C)cc2C,1,-202.72691345214844
CN(C=Nc1ccc(C)cc1C)C=Nc2ccc(C)cc2C,2,-202.69679260253906
CN(C=Nc1ccc(C)cc1C)C=Nc2ccc(C)cc2C,3,-202.7091064453125
CN(C=Nc1ccc(C)cc1C)C=Nc2ccc(C)cc2C,4,-202.90878295898438
COc1nc(NC(C)C)nc(NC(C)C)n1,1,-144.41326904296875
COc1nc(NC(C)C)nc(NC(C)C)n1,2,-144.18701171875
COc1nc(NC(C)C)nc(NC(C)C)n1,3,-144.23680114746094
COc1nc(NC(C)C)nc(NC(C)C)n1,4,-144.2361297607422
CCCCCCC=C,1,-95.38839721679688
CCCCCCC=C,2,-95.31800842285156
CCCCCCC=C,3,-95.24028015136719
CCCCCCC=C,4,-95.43719482421875
Cc1ccc(N)cc1,1,-75.64933013916016
Cc1ccc(N)cc1,2,-75.5711441040039
Cc1ccc(N)cc1,3,-75.58161163330078
Cc1ccc(N)cc1,4,-75.52818298339844
c1ccccc1(OC(=O)NC),1,-91.29761505126953
c1ccccc1(OC(=O)NC),2,-91.63691711425781
c1ccccc1(OC(=O)NC),3,-91.46322631835938
c1ccccc1(OC(=O)NC),4,-91.35986328125
CCCC(O)CC,1,-81.12164306640625
CCCC(O)CC,2,-81.05225372314453
CCCC(O)CC,3,-81.16632080078125
CCCC(O)CC,4,-81.21659088134766
c3ccc2c(O)c1ccccc1cc2c3 ,1,-126.2579345703125
c3ccc2c(O)c1ccccc1cc2c3 ,2,-126.339599609375
c3ccc2c(O)c1ccccc1cc2c3 ,3,-126.03841400146484
c3ccc2c(O)c1ccccc1cc2c3 ,4,-126.28009796142578
Cc1ccc2cc3ccccc3cc2c1,1,-133.90008544921875
Cc1ccc2cc3ccccc3cc2c1,2,-133.6832275390625
Cc1ccc2cc3ccccc3cc2c1,3,-133.58148193359375
Cc1ccc2cc3ccccc3cc2c1,4,-133.98065185546875
Cc1cccc(C)c1C,1,-92.64338684082031
Cc1cccc(C)c1C,2,-92.67439270019531
Cc1cccc(C)c1C,3,-92.76349639892578
Cc1cccc(C)c1C,4,-92.63941192626953
CNC(=O)Oc1ccc(N(C)C)c(C)c1,1,-134.16061401367188
CNC(=O)Oc1ccc(N(C)C)c(C)c1,2,-134.30946350097656
CNC(=O)Oc1ccc(N(C)C)c(C)c1,3,-134.2725830078125
CNC(=O)Oc1ccc(N(C)C)c(C)c1,4,-134.2591094970703
CCCCCCCC(C)O,1,-117.20710754394531
CCCCCCCC(C)O,2,-117.09730529785156
CCCCCCCC(C)O,3,-117.1049575805664
CCCCCCCC(C)O,4,-117.13504791259766
CN(C(=O)NC(C)(C)c1ccccc1)c2ccccc2,1,-181.49119567871094
CN(C(=O)NC(C)(C)c1ccccc1)c2ccccc2,2,-181.55775451660156
CN(C(=O)NC(C)(C)c1ccccc1)c2ccccc2,3,-181.56727600097656
CN(C(=O)NC(C)(C)c1ccccc1)c2ccccc2,4,-181.5921173095703
CCCC(=O)CC,1,-76.35908508300781
CCCC(=O)CC,2,-76.29633331298828
CCCC(=O)CC,3,-76.3200454711914
CCCC(=O)CC,4,-76.21900939941406
Oc1cccc2ncccc12 ,1,-88.4300765991211
Oc1cccc2ncccc12 ,2,-88.47193908691406
Oc1cccc2ncccc12 ,3,-88.5468521118164
Oc1cccc2ncccc12 ,4,-88.6694564819336
CCC1(CC)C(=O)NC(=O)N(C)C1=O ,1,-121.27262115478516
CCC1(CC)C(=O)NC(=O)N(C)C1=O ,2,-121.32122802734375
CCC1(CC)C(=O)NC(=O)N(C)C1=O ,3,-121.3043441772461
CCC1(CC)C(=O)NC(=O)N(C)C1=O ,4,-121.4088134765625
CC(=O)OCC(=O)C3CCC4C2CCC1=CC(=O)CCC1(C)C2CCC34C ,1,-255.9147491455078
CC(=O)OCC(=O)C3CCC4C2CCC1=CC(=O)CCC1(C)C2CCC34C ,2,-256.46673583984375
CC(=O)OCC(=O)C3CCC4C2CCC1=CC(=O)CCC1(C)C2CCC34C ,3,-256.299560546875
CC(=O)OCC(=O)C3CCC4C2CCC1=CC(=O)CCC1(C)C2CCC34C ,4,-256.44036865234375
NC(=O)NCc1ccccc1 ,1,-94.56013488769531
NC(=O)NCc1ccccc1 ,2,-94.55430603027344
NC(=O)NCc1ccccc1 ,3,-94.50186157226562
NC(=O)NCc1ccccc1 ,4,-94.5848159790039
OC1CCCCCC1,1,-88.25680541992188
OC1CCCCCC1,2,-88.26001739501953
OC1CCCCCC1,3,-88.31330108642578
OC1CCCCCC1,4,-88.23970031738281
Oc1ccc(cc1)N(=O)=O,1,-68.75305938720703
Oc1ccc(cc1)N(=O)=O,2,-68.82884216308594
Oc1ccc(cc1)N(=O)=O,3,-68.85460662841797
Oc1ccc(cc1)N(=O)=O,4,-68.79052734375
C1CCOC1,1,-51.659969329833984
C1CCOC1,2,-51.68114471435547
C1CCOC1,3,-51.69295883178711
C1CCOC1,4,-51.64323806762695
Nc1ccccc1N(=O)=O,1,-71.6764907836914
Nc1ccccc1N(=O)=O,2,-71.71215057373047
Nc1ccccc1N(=O)=O,3,-71.70359802246094
Nc1ccccc1N(=O)=O,4,-71.56950378417969
CCCCC1C(=O)N(N(C1=O)c2ccccc2)c3ccccc3 ,1,-199.58294677734375
CCCCC1C(=O)N(N(C1=O)c2ccccc2)c3ccccc3 ,2,-199.55348205566406
CCCCC1C(=O)N(N(C1=O)c2ccccc2)c3ccccc3 ,3,-199.65065002441406
CCCCC1C(=O)N(N(C1=O)c2ccccc2)c3ccccc3 ,4,-199.74151611328125
Cc1c(cccc1N(=O)=O)N(=O)=O,1,-84.8756332397461
Cc1c(cccc1N(=O)=O)N(=O)=O,2,-84.77324676513672
Cc1c(cccc1N(=O)=O)N(=O)=O,3,-84.81551361083984
Cc1c(cccc1N(=O)=O)N(=O)=O,4,-84.80509948730469
CC(=O)C1CCC2C3CCC4=CC(=O)CCC4(C)C3CCC12C,1,-228.89578247070312
CC(=O)C1CCC2C3CCC4=CC(=O)CCC4(C)C3CCC12C,2,-228.95236206054688
CC(=O)C1CCC2C3CCC4=CC(=O)CCC4(C)C3CCC12C,3,-229.2875213623047
CC(=O)C1CCC2C3CCC4=CC(=O)CCC4(C)C3CCC12C,4,-228.75921630859375
O=C1NC(=O)NC(=O)C1(C(C)CCC)CC=C,1,-151.2086181640625
O=C1NC(=O)NC(=O)C1(C(C)CCC)CC=C,2,-151.1826629638672
O=C1NC(=O)NC(=O)C1(C(C)CCC)CC=C,3,-151.30105590820312
O=C1NC(=O)NC(=O)C1(C(C)CCC)CC=C,4,-151.4243927001953
c1(O)c(C)ccc(C(C)C)c1,1,-109.0286865234375
c1(O)c(C)ccc(C(C)C)c1,2,-109.01853942871094
c1(O)c(C)ccc(C(C)C)c1,3,-108.97478485107422
c1(O)c(C)ccc(C(C)C)c1,4,-108.97774505615234
Oc1ccc(c(O)c1)c3oc2cc(O)cc(O)c2c(=O)c3O ,1,-158.8150634765625
Oc1ccc(c(O)c1)c3oc2cc(O)cc(O)c2c(=O)c3O ,2,-158.5513153076172
Oc1ccc(c(O)c1)c3oc2cc(O)cc(O)c2c(=O)c3O ,3,-158.60459899902344
Oc1ccc(c(O)c1)c3oc2cc(O)cc(O)c2c(=O)c3O ,4,-158.77491760253906
C1CCCCC1,1,-72.56055450439453
C1CCCCC1,2,-72.46214294433594
C1CCCCC1,3,-72.44205474853516
C1CCCCC1,4,-72.49675750732422
CC34CCc1c(ccc2cc(O)ccc12)C3CCC4=O,1,-178.24337768554688
CC34CCc1c(ccc2cc(O)ccc12)C3CCC4=O,2,-177.74501037597656
CC34CCc1c(ccc2cc(O)ccc12)C3CCC4=O,3,-177.88177490234375
CC34CCc1c(ccc2cc(O)ccc12)C3CCC4=O,4,-177.86834716796875
CCCCCCCCO,1,-105.04568481445312
CCCCCCCCO,2,-105.11140441894531
CCCCCCCCO,3,-105.15476989746094
CCCCCCCCO,4,-105.1573715209961
Nc1ccc(cc1)N(=O)=O,1,-71.53421020507812
Nc1ccc(cc1)N(=O)=O,2,-71.72377014160156
Nc1ccc(cc1)N(=O)=O,3,-71.46521759033203
Nc1ccc(cc1)N(=O)=O,4,-71.6787109375
OCC1OC(OC2C(O)C(O)C(O)OC2CO)C(O)C(O)C1O,1,-182.3362579345703
OCC1OC(OC2C(O)C(O)C(O)OC2CO)C(O)C(O)C1O,2,-182.40597534179688
OCC1OC(OC2C(O)C(O)C(O)OC2CO)C(O)C(O)C1O,3,-182.70310974121094
OCC1OC(OC2C(O)C(O)C(O)OC2CO)C(O)C(O)C1O,4,-182.23619079589844
CCN2c1ncccc1N(CC)C(=O)c3cccnc23 ,1,-165.90505981445312
CCN2c1ncccc1N(CC)C(=O)c3cccnc23 ,2,-166.1512451171875
CCN2c1ncccc1N(CC)C(=O)c3cccnc23 ,3,-166.41702270507812
CCN2c1ncccc1N(CC)C(=O)c3cccnc23 ,4,-166.58018493652344
CCCCCCCC=C,1,-107.30526733398438
CCCCCCCC=C,2,-107.32421875
CCCCCCCC=C,3,-107.66702270507812
CCCCCCCC=C,4,-107.47750091552734
CCC(C)(O)CC,1,-80.9818115234375
CCC(C)(O)CC,2,-80.87046813964844
CCC(C)(O)CC,3,-80.92384338378906
CCC(C)(O)CC,4,-80.98168182373047
CCCCCc1ccccc1,1,-116.60310363769531
CCCCCc1ccccc1,2,-116.6261978149414
CCCCCc1ccccc1,3,-116.53450012207031
CCCCCc1ccccc1,4,-116.51351928710938
NC(=O)NC1NC(=O)NC1=O ,1,-76.02536010742188
NC(=O)NC1NC(=O)NC1=O ,2,-76.0883560180664
NC(=O)NC1NC(=O)NC1=O ,3,-75.99166870117188
NC(=O)NC1NC(=O)NC1=O ,4,-75.90573120117188
CC(=O)OC3CCC4C2CCC1=CC(=O)CCC1(C)C2CCC34C ,1,-233.31716918945312
CC(=O)OC3CCC4C2CCC1=CC(=O)CCC1(C)C2CCC34C ,2,-233.4497528076172
CC(=O)OC3CCC4C2CCC1=CC(=O)CCC1(C)C2CCC34C ,3,-233.20082092285156
CC(=O)OC3CCC4C2CCC1=CC(=O)CCC1(C)C2CCC34C ,4,-233.41419982910156
CCN2c1ccccc1N(C)C(=O)c3ccccc23 ,1,-164.06100463867188
CCN2c1ccccc1N(C)C(=O)c3ccccc23 ,2,-164.12608337402344
CCN2c1ccccc1N(C)C(=O)c3ccccc23 ,3,-164.3257598876953
CCN2c1ccccc1N(C)C(=O)c3ccccc23 ,4,-164.03672790527344
CCCCC(C)O,1,-81.21171569824219
CCCCC(C)O,2,-81.14808654785156
CCCCC(C)O,3,-81.14153289794922
CCCCC(C)O,4,-81.28231811523438
CCCC1CCCC1,1,-96.22308349609375
CCCC1CCCC1,2,-96.0117416381836
CCCC1CCCC1,3,-96.23140716552734
CCCC1CCCC1,4,-96.18115234375
CCOC(=O)c1cncn1C(C)c2ccccc2,1,-154.3665008544922
CCOC(=O)c1cncn1C(C)c2ccccc2,2,-154.71768188476562
CCOC(=O)c1cncn1C(C)c2ccccc2,3,-154.85208129882812
CCOC(=O)c1cncn1C(C)c2ccccc2,4,-154.62533569335938
c2ccc1ocnc1c2,1,-69.18453216552734
c2ccc1ocnc1c2,2,-69.56351470947266
c2ccc1ocnc1c2,3,-69.23983001708984
c2ccc1ocnc1c2,4,-69.23597717285156
CCCCCO,1,-69.18143463134766
CCCCCO,2,-69.08834075927734
CCCCCO,3,-69.11214447021484
CCCCCO,4,-69.13523864746094
CCN(CC)c1ccccc1,1,-111.28665924072266
CCN(CC)c1ccccc1,2,-111.36811828613281
CCN(CC)c1ccccc1,3,-111.2061538696289
CCN(CC)c1ccccc1,4,-111.45472717285156
Fc1cccc(F)c1,1,-57.94955062866211
Fc1cccc(F)c1,2,-57.88096237182617
Fc1cccc(F)c1,3,-57.995601654052734
Fc1cccc(F)c1,4,-57.99687194824219
CC(C)(C)Cc1ccccc1,1,-116.30484771728516
CC(C)(C)Cc1ccccc1,2,-116.24710845947266
CC(C)(C)Cc1ccccc1,3,-116.45398712158203
CC(C)(C)Cc1ccccc1,4,-116.24714660644531
O=C1NC(=O)NC(=O)C1(CC)c1ccccc1,1,-136.83421325683594
O=C1NC(=O)NC(=O)C1(CC)c1ccccc1,2,-136.85977172851562
O=C1NC(=O)NC(=O)C1(CC)c1ccccc1,3,-136.9796905517578
O=C1NC(=O)NC(=O)C1(CC)c1ccccc1,4,-136.95468139648438
c2ccc1[nH]nnc1c2,1,-66.38912200927734
c2ccc1[nH]nnc1c2,2,-66.4137191772461
c2ccc1[nH]nnc1c2,3,-66.4033432006836
c2ccc1[nH]nnc1c2,4,-66.31085205078125
CNC(=O)Oc1cccc2CC(C)(C)Oc12,1,-138.5159149169922
CNC(=O)Oc1cccc2CC(C)(C)Oc12,2,-138.76222229003906
CNC(=O)Oc1cccc2CC(C)(C)Oc12,3,-138.6400604248047
CNC(=O)Oc1cccc2CC(C)(C)Oc12,4,-138.5309600830078
Cc1cccc(C)c1O,1,-84.94049835205078
Cc1cccc(C)c1O,2,-85.06048583984375
Cc1cccc(C)c1O,3,-85.02584075927734
Cc1cccc(C)c1O,4,-84.95025634765625
CC(C)C(C)O,1,-69.12841033935547
CC(C)C(C)O,2,-69.08684539794922
CC(C)C(C)O,3,-69.0833511352539
CC(C)C(C)O,4,-69.09931182861328
c1ccccc1C(O)c2ccccc2,1,-124.16105651855469
c1ccccc1C(O)c2ccccc2,2,-124.1478042602539
c1ccccc1C(O)c2ccccc2,3,-124.08869934082031
c1ccccc1C(O)c2ccccc2,4,-124.13681030273438
CCCCCCCCCC(=O)OC,1,-140.83908081054688
CCCCCCCCCC(=O)OC,2,-140.8007354736328
CCCCCCCCCC(=O)OC,3,-140.84214782714844
CCCCCCCCCC(=O)OC,4,-140.91021728515625
CN(C)C(=O)Oc1nc(nc(C)c1C)N(C)C,1,-148.42840576171875
CN(C)C(=O)Oc1nc(nc(C)c1C)N(C)C,2,-148.23995971679688
CN(C)C(=O)Oc1nc(nc(C)c1C)N(C)C,3,-148.15818786621094
CN(C)C(=O)Oc1nc(nc(C)c1C)N(C)C,4,-148.28082275390625
CCCC(C)C,1,-76.97870635986328
CCCC(C)C,2,-77.03539276123047
CCCC(C)C,3,-77.04380798339844
CCCC(C)C,4,-77.13092041015625
ON=Cc1ccc(o1)N(=O)=O ,1,-66.04402923583984
ON=Cc1ccc(o1)N(=O)=O ,2,-66.0910873413086
ON=Cc1ccc(o1)N(=O)=O ,3,-66.14432525634766
ON=Cc1ccc(o1)N(=O)=O ,4,-65.84266662597656
Nc1nc[nH]n1,1,-41.588279724121094
Nc1nc[nH]n1,2,-41.54737854003906
Nc1nc[nH]n1,3,-41.556556701660156
Nc1nc[nH]n1,4,-41.61111831665039
OCc1ccccc1,1,-72.46389770507812
OCc1ccccc1,2,-72.539306640625
OCc1ccccc1,3,-72.68217468261719
OCc1ccccc1,4,-72.60487365722656
O=c2c(C3CCCc4ccccc43)c(O)c1ccccc1o2 ,1,-184.3466033935547
O=c2c(C3CCCc4ccccc43)c(O)c1ccccc1o2 ,2,-184.4857635498047
O=c2c(C3CCCc4ccccc43)c(O)c1ccccc1o2 ,3,-184.06825256347656
O=c2c(C3CCCc4ccccc43)c(O)c1ccccc1o2 ,4,-184.25845336914062
CC(C)CC(C)(C)C,1,-100.51092529296875
CC(C)CC(C)(C)C,2,-100.51837158203125
CC(C)CC(C)(C)C,3,-100.40274047851562
CC(C)CC(C)(C)C,4,-100.56784057617188
O=N(=O)c1cc(cc(c1)N(=O)=O)N(=O)=O,1,-80.79129028320312
O=N(=O)c1cc(cc(c1)N(=O)=O)N(=O)=O,2,-80.78813171386719
O=N(=O)c1cc(cc(c1)N(=O)=O)N(=O)=O,3,-80.80316162109375
O=N(=O)c1cc(cc(c1)N(=O)=O)N(=O)=O,4,-80.63624572753906
CN2C(=O)CN=C(c1ccccc1)c3cc(ccc23)N(=O)=O,1,-167.0135955810547
CN2C(=O)CN=C(c1ccccc1)c3cc(ccc23)N(=O)=O,2,-167.06021118164062
CN2C(=O)CN=C(c1ccccc1)c3cc(ccc23)N(=O)=O,3,-167.05029296875
CN2C(=O)CN=C(c1ccccc1)c3cc(ccc23)N(=O)=O,4,-167.02870178222656
CCC,1,-41.17243576049805
CCC,2,-41.080543518066406
CCC,3,-41.13831329345703
CCC,4,-41.15718078613281
Nc1cc(nc(N)n1=O)N2CCCCC2 ,1,-125.27246856689453
Nc1cc(nc(N)n1=O)N2CCCCC2 ,2,-125.36006927490234
Nc1cc(nc(N)n1=O)N2CCCCC2 ,3,-125.27287292480469
Nc1cc(nc(N)n1=O)N2CCCCC2 ,4,-125.49671936035156
Nc2cccc3nc1ccccc1cc23 ,1,-123.81324768066406
Nc2cccc3nc1ccccc1cc23 ,2,-123.62994384765625
Nc2cccc3nc1ccccc1cc23 ,3,-123.38116455078125
Nc2cccc3nc1ccccc1cc23 ,4,-123.39429473876953
c1ccc2cc3c4cccc5cccc(c3cc2c1)c45,1,-166.95106506347656
c1ccc2cc3c4cccc5cccc(c3cc2c1)c45,2,-167.226318359375
c1ccc2cc3c4cccc5cccc(c3cc2c1)c45,3,-167.16510009765625
c1ccc2cc3c4cccc5cccc(c3cc2c1)c45,4,-167.2290496826172
C1Cc2cccc3cccc1c23,1,-107.86392974853516
C1Cc2cccc3cccc1c23,2,-107.86941528320312
C1Cc2cccc3cccc1c23,3,-107.97769165039062
C1Cc2cccc3cccc1c23,4,-107.78797912597656
Oc1ccc(cc1)c2ccccc2,1,-112.59099578857422
Oc1ccc(cc1)c2ccccc2,2,-112.664306640625
Oc1ccc(cc1)c2ccccc2,3,-112.50756072998047
Oc1ccc(cc1)c2ccccc2,4,-112.33283233642578
CC1=C(CCCO1)C(=O)Nc2ccccc2 ,1,-141.0991973876953
CC1=C(CCCO1)C(=O)Nc2ccccc2 ,2,-141.12307739257812
CC1=C(CCCO1)C(=O)Nc2ccccc2 ,3,-141.20884704589844
CC1=C(CCCO1)C(=O)Nc2ccccc2 ,4,-141.03781127929688
CCOC=C,1,-51.35527038574219
CCOC=C,2,-51.345611572265625
CCOC=C,3,-51.3603630065918
CCOC=C,4,-51.117774963378906
CCC#C,1,-40.99388122558594
CCC#C,2,-41.07575607299805
CCC#C,3,-41.052005767822266
CCC#C,4,-41.02731704711914
COc1ncnc2nccnc12 ,1,-84.82200622558594
COc1ncnc2nccnc12 ,2,-84.97203826904297
COc1ncnc2nccnc12 ,3,-85.02767181396484
COc1ncnc2nccnc12 ,4,-84.70686340332031
CCCCC(C)(O)CC,1,-104.90518188476562
CCCCC(C)(O)CC,2,-105.0805892944336
CCCCC(C)(O)CC,3,-105.18012237548828
CCCCC(C)(O)CC,4,-105.04161834716797
O=C1N(COC(=O)C)C(=O)C(N1)(c2ccccc2)c3ccccc3,1,-192.36305236816406
O=C1N(COC(=O)C)C(=O)C(N1)(c2ccccc2)c3ccccc3,2,-192.1303253173828
O=C1N(COC(=O)C)C(=O)C(N1)(c2ccccc2)c3ccccc3,3,-192.21714782714844
O=C1N(COC(=O)C)C(=O)C(N1)(c2ccccc2)c3ccccc3,4,-192.43418884277344
Cc1c[nH]c2ccccc12 ,1,-89.16465759277344
Cc1c[nH]c2ccccc12 ,2,-89.17546844482422
Cc1c[nH]c2ccccc12 ,3,-89.24320220947266
Cc1c[nH]c2ccccc12 ,4,-89.04265594482422
COc2ncc1nccnc1n2,1,-84.89280700683594
COc2ncc1nccnc1n2,2,-85.1630630493164
COc2ncc1nccnc1n2,3,-85.25328826904297
COc2ncc1nccnc1n2,4,-84.61650085449219
CNC(=O)Oc1ccccc1C2OCCO2,1,-130.07015991210938
CNC(=O)Oc1ccccc1C2OCCO2,2,-130.18370056152344
CNC(=O)Oc1ccccc1C2OCCO2,3,-130.06735229492188
CNC(=O)Oc1ccccc1C2OCCO2,4,-130.10911560058594
C1N(C(=O)NCC(C)C)C(=O)NC1,1,-116.46479034423828
C1N(C(=O)NCC(C)C)C(=O)NC1,2,-116.43038940429688
C1N(C(=O)NCC(C)C)C(=O)NC1,3,-116.66429901123047
C1N(C(=O)NCC(C)C)C(=O)NC1,4,-116.6528549194336
CC#N,1,-25.484010696411133
CC#N,2,-25.465852737426758
CC#N,3,-25.478002548217773
CC#N,4,-25.460006713867188
CCOC(=O)NCCOc2ccc(Oc1ccccc1)cc2,1,-186.92739868164062
CCOC(=O)NCCOc2ccc(Oc1ccccc1)cc2,2,-186.93719482421875
CCOC(=O)NCCOc2ccc(Oc1ccccc1)cc2,3,-187.03221130371094
CCOC(=O)NCCOc2ccc(Oc1ccccc1)cc2,4,-187.02516174316406
CCCCO,1,-57.09660720825195
CCCCO,2,-57.01839065551758
CCCCO,3,-57.058414459228516
CCCCO,4,-57.0535888671875
CC1CCCCC1NC(=O)Nc2ccccc2,1,-161.12890625
CC1CCCCC1NC(=O)Nc2ccccc2,2,-161.37193298339844
CC1CCCCC1NC(=O)Nc2ccccc2,3,-161.27578735351562
CC1CCCCC1NC(=O)Nc2ccccc2,4,-161.4637451171875
O=Cc1ccco1,1,-52.35692596435547
O=Cc1ccco1,2,-52.47444534301758
O=Cc1ccco1,3,-52.461246490478516
O=Cc1ccco1,4,-52.449832916259766
CC(C)CCO,1,-69.10151672363281
CC(C)CCO,2,-69.02519989013672
CC(C)CCO,3,-69.05587768554688
CC(C)CCO,4,-68.88054656982422
O=Cc2ccc1OCOc1c2 ,1,-82.73477172851562
O=Cc2ccc1OCOc1c2 ,2,-82.79083251953125
O=Cc2ccc1OCOc1c2 ,3,-82.6468734741211
O=Cc2ccc1OCOc1c2 ,4,-82.59016418457031
CC(=C)C,1,-47.458370208740234
CC(=C)C,2,-47.48466491699219
CC(=C)C,3,-47.467124938964844
CC(=C)C,4,-47.47990036010742
O=Cc1ccccc1,1,-67.57609558105469
O=Cc1ccccc1,2,-67.5240249633789
O=Cc1ccccc1,3,-67.77239227294922
O=Cc1ccccc1,4,-67.55110931396484
CC(=C)C(=C)C,1,-66.27717590332031
CC(=C)C(=C)C,2,-66.20116424560547
CC(=C)C(=C)C,3,-66.30763244628906
CC(=C)C(=C)C,4,-65.99008178710938
O2c1ccccc1N(C)C(=O)c3cccnc23 ,1,-132.41883850097656
O2c1ccccc1N(C)C(=O)c3cccnc23 ,2,-132.3558349609375
O2c1ccccc1N(C)C(=O)c3cccnc23 ,3,-132.50791931152344
O2c1ccccc1N(C)C(=O)c3cccnc23 ,4,-132.58660888671875
C1c2ccccc2c3ccccc13,1,-114.56095123291016
C1c2ccccc2c3ccccc13,2,-114.4914321899414
C1c2ccccc2c3ccccc13,3,-114.65571594238281
C1c2ccccc2c3ccccc13,4,-114.65789794921875
CC1CCCCC1,1,-84.3572998046875
CC1CCCCC1,2,-84.17322540283203
CC1CCCCC1,3,-84.28662109375
CC1CCCCC1,4,-84.40359497070312
COC(=O)c1ccc(O)cc1,1,-88.55680847167969
COC(=O)c1ccc(O)cc1,2,-88.51073455810547
COC(=O)c1ccc(O)cc1,3,-88.65979766845703
COC(=O)c1ccc(O)cc1,4,-88.59671020507812
CC1CCCO1,1,-63.73252487182617
CC1CCCO1,2,-63.723148345947266
CC1CCCO1,3,-63.75067901611328
CC1CCCO1,4,-63.67607879638672
CC3C2CCC1(C)C=CC(=O)C(=C1C2OC3=O)C,1,-161.73190307617188
CC3C2CCC1(C)C=CC(=O)C(=C1C2OC3=O)C,2,-161.91912841796875
CC3C2CCC1(C)C=CC(=O)C(=C1C2OC3=O)C,3,-161.91152954101562
CC3C2CCC1(C)C=CC(=O)C(=C1C2OC3=O)C,4,-161.76806640625
OCC2OC(Oc1ccccc1CO)C(O)C(O)C2O,1,-163.56748962402344
OCC2OC(Oc1ccccc1CO)C(O)C(O)C2O,2,-163.48472595214844
OCC2OC(Oc1ccccc1CO)C(O)C(O)C2O,3,-163.45823669433594
OCC2OC(Oc1ccccc1CO)C(O)C(O)C2O,4,-163.53890991210938
CCCO,1,-45.077327728271484
CCCO,2,-45.06544494628906
CCCO,3,-45.08219528198242
CCCO,4,-45.08317184448242
CC(=O)C1(O)CCC2C3CCC4=CC(=O)CCC4(C)C3CCC21C,1,-233.060791015625
CC(=O)C1(O)CCC2C3CCC4=CC(=O)CCC4(C)C3CCC21C,2,-232.7484130859375
CC(=O)C1(O)CCC2C3CCC4=CC(=O)CCC4(C)C3CCC21C,3,-232.6868133544922
CC(=O)C1(O)CCC2C3CCC4=CC(=O)CCC4(C)C3CCC21C,4,-233.19317626953125
CCCC(C)O,1,-69.22276306152344
CCCC(C)O,2,-69.10216522216797
CCCC(C)O,3,-69.22401428222656
CCCC(C)O,4,-69.30532836914062
OC(C(=O)c1ccccc1)c2ccccc2,1,-135.386474609375
OC(C(=O)c1ccccc1)c2ccccc2,2,-135.48251342773438
OC(C(=O)c1ccccc1)c2ccccc2,3,-135.3470458984375
OC(C(=O)c1ccccc1)c2ccccc2,4,-135.47129821777344
Cc1ccc(O)c(C)c1,1,-84.96820831298828
Cc1ccc(O)c(C)c1,2,-84.94071197509766
Cc1ccc(O)c(C)c1,3,-85.02853393554688
Cc1ccc(O)c(C)c1,4,-85.08340454101562
Cc2c(N)c(=O)n(c1ccccc1)n2C,1,-125.92406463623047
Cc2c(N)c(=O)n(c1ccccc1)n2C,2,-126.18869018554688
Cc2c(N)c(=O)n(c1ccccc1)n2C,3,-125.99235534667969
Cc2c(N)c(=O)n(c1ccccc1)n2C,4,-126.22209930419922
CCC(C)CCO,1,-80.74970245361328
CCC(C)CCO,2,-81.0223159790039
CCC(C)CCO,3,-80.93087005615234
CCC(C)CCO,4,-80.88607788085938
Cc2ncc1nccnc1n2,1,-80.97956085205078
Cc2ncc1nccnc1n2,2,-80.9183349609375
Cc2ncc1nccnc1n2,3,-81.00231170654297
Cc2ncc1nccnc1n2,4,-80.70381927490234
CC23Cc1cnoc1C=C2CCC4C3CCC5(C)C4CCC5(O)C#C,1,-228.49049377441406
CC23Cc1cnoc1C=C2CCC4C3CCC5(C)C4CCC5(O)C#C,2,-228.82205200195312
CC23Cc1cnoc1C=C2CCC4C3CCC5(C)C4CCC5(O)C#C,3,-228.48023986816406
CC23Cc1cnoc1C=C2CCC4C3CCC5(C)C4CCC5(O)C#C,4,-228.84268188476562
CC1OC(CC(O)C1O)OC2C(O)CC(OC2C)OC8C(O)CC(OC7CCC3(C)C(CCC4C3CC(O)C5(C)C(CCC45O)C6=CC(=O)OC6)C7)OC8C ,1,-500.56500244140625
CC1OC(CC(O)C1O)OC2C(O)CC(OC2C)OC8C(O)CC(OC7CCC3(C)C(CCC4C3CC(O)C5(C)C(CCC45O)C6=CC(=O)OC6)C7)OC8C ,2,-500.5331726074219
CC1OC(CC(O)C1O)OC2C(O)CC(OC2C)OC8C(O)CC(OC7CCC3(C)C(CCC4C3CC(O)C5(C)C(CCC45O)C6=CC(=O)OC6)C7)OC8C ,3,-500.453369140625
CC1OC(CC(O)C1O)OC2C(O)CC(OC2C)OC8C(O)CC(OC7CCC3(C)C(CCC4C3CC(O)C5(C)C(CCC45O)C6=CC(=O)OC6)C7)OC8C ,4,-500.2953796386719
FC(F)(F)c1ccccc1,1,-71.54486846923828
FC(F)(F)c1ccccc1,2,-71.38392639160156
FC(F)(F)c1ccccc1,3,-71.34622192382812
FC(F)(F)c1ccccc1,4,-71.30792999267578
CCCCCCOC(=O)c1ccccc1C(=O)OCCCCCC,1,-232.4977264404297
CCCCCCOC(=O)c1ccccc1C(=O)OCCCCCC,2,-232.31051635742188
CCCCCCOC(=O)c1ccccc1C(=O)OCCCCCC,3,-232.2432861328125
CCCCCCOC(=O)c1ccccc1C(=O)OCCCCCC,4,-232.36679077148438
CC(=O)CC(c1ccccc1)c3c(O)c2ccccc2oc3=O ,1,-188.94349670410156
CC(=O)CC(c1ccccc1)c3c(O)c2ccccc2oc3=O ,2,-189.2802734375
CC(=O)CC(c1ccccc1)c3c(O)c2ccccc2oc3=O ,3,-188.8831024169922
CC(=O)CC(c1ccccc1)c3c(O)c2ccccc2oc3=O ,4,-188.6811981201172
c1ccccc1C(O)C(O)c2ccccc2,1,-140.0997314453125
c1ccccc1C(O)C(O)c2ccccc2,2,-140.0017547607422
c1ccccc1C(O)C(O)c2ccccc2,3,-140.27383422851562
c1ccccc1C(O)C(O)c2ccccc2,4,-140.16970825195312
COC(=O)c1ccccc1C(=O)OC,1,-112.20230102539062
COC(=O)c1ccccc1C(=O)OC,2,-112.26654815673828
COC(=O)c1ccccc1C(=O)OC,3,-112.22484588623047
COC(=O)c1ccccc1C(=O)OC,4,-112.24369812011719
CCCCCCCC(=O)OCC,1,-128.9500732421875
CCCCCCCC(=O)OCC,2,-128.92877197265625
CCCCCCCC(=O)OCC,3,-129.00405883789062
CCCCCCCC(=O)OCC,4,-128.98435974121094
CCOCCOCC,1,-84.33451080322266
CCOCCOCC,2,-84.42385864257812
CCOCCOCC,3,-84.39981079101562
CCOCCOCC,4,-84.46421813964844
Nc1ccc(cc1)c2ccc(N)cc2,1,-122.05982971191406
Nc1ccc(cc1)c2ccc(N)cc2,2,-121.99430847167969
Nc1ccc(cc1)c2ccc(N)cc2,3,-121.91094970703125
Nc1ccc(cc1)c2ccc(N)cc2,4,-121.73588562011719
CCCCCC=C,1,-83.48399353027344
CCCCCC=C,2,-83.53753662109375
CCCCCC=C,3,-83.39678192138672
CCCCCC=C,4,-83.3812026977539
CCCCc1c(C)nc(NCC)[nH]c1=O,1,-142.54603576660156
CCCCc1c(C)nc(NCC)[nH]c1=O,2,-142.5868377685547
CCCCc1c(C)nc(NCC)[nH]c1=O,3,-142.5978546142578
CCCCc1c(C)nc(NCC)[nH]c1=O,4,-142.7480010986328
O=C1NC(=O)NC(=O)C1(CC)C(C)CCC,1,-145.04046630859375
O=C1NC(=O)NC(=O)C1(CC)C(C)CCC,2,-144.9915008544922
O=C1NC(=O)NC(=O)C1(CC)C(C)CCC,3,-145.0845489501953
O=C1NC(=O)NC(=O)C1(CC)C(C)CCC,4,-144.91856384277344
CCCCOC=O,1,-68.53256225585938
CCCCOC=O,2,-68.54326629638672
CCCCOC=O,3,-68.49759674072266
CCCCOC=O,4,-68.45213317871094
CC12CC(O)C3C(CCC4=CC(=O)C=CC34C)C2CCC1(O)C(=O)CO,1,-234.95188903808594
CC12CC(O)C3C(CCC4=CC(=O)C=CC34C)C2CCC1(O)C(=O)CO,2,-234.99615478515625
CC12CC(O)C3C(CCC4=CC(=O)C=CC34C)C2CCC1(O)C(=O)CO,3,-234.81932067871094
CC12CC(O)C3C(CCC4=CC(=O)C=CC34C)C2CCC1(O)C(=O)CO,4,-235.70506286621094
CC34CC(=O)C1C(CCC2=CC(=O)CCC12C)C3CCC4(=O) ,1,-204.26181030273438
CC34CC(=O)C1C(CCC2=CC(=O)CCC12C)C3CCC4(=O) ,2,-204.04428100585938
CC34CC(=O)C1C(CCC2=CC(=O)CCC12C)C3CCC4(=O) ,3,-204.46340942382812
CC34CC(=O)C1C(CCC2=CC(=O)CCC12C)C3CCC4(=O) ,4,-204.5089111328125
c1ccc(cc1)c2ccc(cc2)c3ccccc3,1,-159.9288330078125
c1ccc(cc1)c2ccc(cc2)c3ccccc3,2,-159.746826171875
c1ccc(cc1)c2ccc(cc2)c3ccccc3,3,-159.7403564453125
c1ccc(cc1)c2ccc(cc2)c3ccccc3,4,-159.71519470214844
Oc1ccc(C=O)cc1,1,-71.93297576904297
Oc1ccc(C=O)cc1,2,-71.88583374023438
Oc1ccc(C=O)cc1,3,-71.87019348144531
Oc1ccc(C=O)cc1,4,-71.84790802001953
CCc1ccc2ccccc2c1,1,-113.20963287353516
CCc1ccc2ccccc2c1,2,-113.47734069824219
CCc1ccc2ccccc2c1,3,-113.16455078125
CCc1ccc2ccccc2c1,4,-113.31652069091797
Nc1c(C)c[nH]c(=O)n1 ,1,-70.74747467041016
Nc1c(C)c[nH]c(=O)n1 ,2,-70.75801849365234
Nc1c(C)c[nH]c(=O)n1 ,3,-70.77132415771484
Nc1c(C)c[nH]c(=O)n1 ,4,-70.75259399414062
Cc3cc2nc1c(=O)[nH]c(=O)nc1n(CC(O)C(O)C(O)CO)c2cc3C,1,-211.21173095703125
Cc3cc2nc1c(=O)[nH]c(=O)nc1n(CC(O)C(O)C(O)CO)c2cc3C,2,-211.16302490234375
Cc3cc2nc1c(=O)[nH]c(=O)nc1n(CC(O)C(O)C(O)CO)c2cc3C,3,-211.1138916015625
Cc3cc2nc1c(=O)[nH]c(=O)nc1n(CC(O)C(O)C(O)CO)c2cc3C,4,-210.64590454101562
O=C1N(COC(=O)CC)C(=O)C(N1)(c2ccccc2)c3ccccc3,1,-204.28726196289062
O=C1N(COC(=O)CC)C(=O)C(N1)(c2ccccc2)c3ccccc3,2,-204.18978881835938
O=C1N(COC(=O)CC)C(=O)C(N1)(c2ccccc2)c3ccccc3,3,-204.32398986816406
O=C1N(COC(=O)CC)C(=O)C(N1)(c2ccccc2)c3ccccc3,4,-204.18319702148438
C1CCCC1,1,-60.1435432434082
C1CCCC1,2,-60.12794876098633
C1CCCC1,3,-60.13226318359375
C1CCCC1,4,-60.11993408203125
Cc1ccccc1N,1,-75.429931640625
Cc1ccccc1N,2,-75.47438049316406
Cc1ccccc1N,3,-75.45813751220703
Cc1ccccc1N,4,-75.6416015625
c1(OC)ccc(CC=C)cc1,1,-102.86811065673828
c1(OC)ccc(CC=C)cc1,2,-102.89010620117188
c1(OC)ccc(CC=C)cc1,3,-102.85748291015625
c1(OC)ccc(CC=C)cc1,4,-102.77061462402344
CN(C)C(=O)Nc1cccc(OC(=O)NC(C)(C)C)c1 ,1,-177.56869506835938
CN(C)C(=O)Nc1cccc(OC(=O)NC(C)(C)C)c1 ,2,-177.51803588867188
CN(C)C(=O)Nc1cccc(OC(=O)NC(C)(C)C)c1 ,3,-177.22518920898438
CN(C)C(=O)Nc1cccc(OC(=O)NC(C)(C)C)c1 ,4,-177.4398193359375
CC(C)C=C,1,-59.205047607421875
CC(C)C=C,2,-59.37990951538086
CC(C)C=C,3,-59.27687454223633
CC(C)C=C,4,-59.0755729675293
Oc1ccccn1,1,-55.73079299926758
Oc1ccccn1,2,-55.794410705566406
Oc1ccccn1,3,-56.04941177368164
Oc1ccccn1,4,-56.244625091552734
CC,1,-29.05317497253418
CC,2,-29.006223678588867
CC,3,-29.086044311523438
CC,4,-29.065338134765625
COc2c1occc1cc3ccc(=O)oc23 ,1,-119.29236602783203
COc2c1occc1cc3ccc(=O)oc23 ,2,-119.3716812133789
COc2c1occc1cc3ccc(=O)oc23 ,3,-119.41278076171875
COc2c1occc1cc3ccc(=O)oc23 ,4,-119.22935485839844
CC(=O)N,1,-35.81218338012695
CC(=O)N,2,-35.7650260925293
CC(=O)N,3,-35.82011032104492
CC(=O)N,4,-35.81945037841797
Cc1cccc2ccccc12,1,-101.2224349975586
Cc1cccc2ccccc12,2,-101.27889251708984
Cc1cccc2ccccc12,3,-101.11327362060547
Cc1cccc2ccccc12,4,-101.20724487304688
CCN(CC)C(=O)C(C)Oc1cccc2ccccc12 ,1,-183.8108673095703
CCN(CC)C(=O)C(C)Oc1cccc2ccccc12 ,2,-183.8805389404297
CCN(CC)C(=O)C(C)Oc1cccc2ccccc12 ,3,-183.68743896484375
CCN(CC)C(=O)C(C)Oc1cccc2ccccc12 ,4,-183.51727294921875
CC(O)C(C)(C)C,1,-80.85916137695312
CC(O)C(C)(C)C,2,-80.9269790649414
CC(O)C(C)(C)C,3,-80.87740325927734
CC(O)C(C)(C)C,4,-80.82592010498047
CCCC(=O)OCC,1,-81.01736450195312
CCCC(=O)OCC,2,-80.87555694580078
CCCC(=O)OCC,3,-81.0576171875
CCCC(=O)OCC,4,-81.09336853027344
CC2=CC(=O)c1ccccc1C2=O ,1,-105.07410430908203
CC2=CC(=O)c1ccccc1C2=O ,2,-105.08130645751953
CC2=CC(=O)c1ccccc1C2=O ,3,-105.03765869140625
CC2=CC(=O)c1ccccc1C2=O ,4,-105.00395202636719
c1ccc2c(c1)ccc3ccccc32,1,-122.0225601196289
c1ccc2c(c1)ccc3ccccc32,2,-121.65830993652344
c1ccc2c(c1)ccc3ccccc32,3,-121.58142852783203
c1ccc2c(c1)ccc3ccccc32,4,-121.59857940673828
Cc1ccnc(C)c1,1,-75.8247299194336
Cc1ccnc(C)c1,2,-75.85098266601562
Cc1ccnc(C)c1,3,-75.82841491699219
Cc1ccnc(C)c1,4,-75.84932708740234
CCCCCCCCCO,1,-117.1100845336914
CCCCCCCCCO,2,-117.18859100341797
CCCCCCCCCO,3,-116.99427795410156
CCCCCCCCCO,4,-117.30973815917969
CC1CC2C3CCC4=CC(=O)C=CC4(C)C3(F)C(O)CC2(C)C1(O)C(=O)CO,1,-248.6324005126953
CC1CC2C3CCC4=CC(=O)C=CC4(C)C3(F)C(O)CC2(C)C1(O)C(=O)CO,2,-248.57789611816406
CC1CC2C3CCC4=CC(=O)C=CC4(C)C3(F)C(O)CC2(C)C1(O)C(=O)CO,3,-248.586181640625
CC1CC2C3CCC4=CC(=O)C=CC4(C)C3(F)C(O)CC2(C)C1(O)C(=O)CO,4,-249.0548095703125
Cc1ccc2cc(C)ccc2c1,1,-113.58226776123047
Cc1ccc2cc(C)ccc2c1,2,-113.42082977294922
Cc1ccc2cc(C)ccc2c1,3,-113.39574432373047
Cc1ccc2cc(C)ccc2c1,4,-113.51629638671875
O=N(=O)OCC(CON(=O)=O)ON(=O)=O ,1,-76.89958190917969
O=N(=O)OCC(CON(=O)=O)ON(=O)=O ,2,-76.8071060180664
O=N(=O)OCC(CON(=O)=O)ON(=O)=O ,3,-76.83184051513672
O=N(=O)OCC(CON(=O)=O)ON(=O)=O ,4,-76.76788330078125
Nc1cccc(c1)N(=O)=O,1,-71.71112060546875
Nc1cccc(c1)N(=O)=O,2,-71.59571075439453
Nc1cccc(c1)N(=O)=O,3,-71.60203552246094
Nc1cccc(c1)N(=O)=O,4,-71.61683654785156
Cn2cc(c1ccccc1)c(=O)c(c2)c3cccc(c3)C(F)(F)F,1,-185.46749877929688
Cn2cc(c1ccccc1)c(=O)c(c2)c3cccc(c3)C(F)(F)F,2,-185.55917358398438
Cn2cc(c1ccccc1)c(=O)c(c2)c3cccc(c3)C(F)(F)F,3,-185.3028564453125
Cn2cc(c1ccccc1)c(=O)c(c2)c3cccc(c3)C(F)(F)F,4,-185.5975341796875
Nc3cc2c1ccccc1ccc2c4ccccc34 ,1,-160.43704223632812
Nc3cc2c1ccccc1ccc2c4ccccc34 ,2,-160.46334838867188
Nc3cc2c1ccccc1ccc2c4ccccc34 ,3,-160.40496826171875
Nc3cc2c1ccccc1ccc2c4ccccc34 ,4,-160.65576171875
CC12CCC3C(CCc4cc(O)ccc34)C2CCC1=O,1,-188.08180236816406
CC12CCC3C(CCc4cc(O)ccc34)C2CCC1=O,2,-188.2049102783203
CC12CCC3C(CCc4cc(O)ccc34)C2CCC1=O,3,-188.25192260742188
CC12CCC3C(CCc4cc(O)ccc34)C2CCC1=O,4,-188.1550750732422
CC1CO1,1,-38.985321044921875
CC1CO1,2,-39.0372314453125
CC1CO1,3,-38.99806594848633
CC1CO1,4,-39.02426528930664
O=C3CN=C(c1ccccc1)c2cc(ccc2N3)N(=O)=O,1,-155.39324951171875
O=C3CN=C(c1ccccc1)c2cc(ccc2N3)N(=O)=O,2,-155.36900329589844
O=C3CN=C(c1ccccc1)c2cc(ccc2N3)N(=O)=O,3,-155.26878356933594
O=C3CN=C(c1ccccc1)c2cc(ccc2N3)N(=O)=O,4,-155.21507263183594
CCCCC(=O)OC,1,-80.79483795166016
CCCCC(=O)OC,2,-80.89105224609375
CCCCC(=O)OC,3,-80.94606018066406
CCCCC(=O)OC,4,-80.86842346191406
Nc1ccccc1,1,-63.421512603759766
Nc1ccccc1,2,-63.522666931152344
Nc1ccccc1,3,-63.5088005065918
Nc1ccccc1,4,-63.53475570678711
Cc1cccc2c(C)cccc12,1,-113.14775085449219
Cc1cccc2c(C)cccc12,2,-113.28044891357422
Cc1cccc2c(C)cccc12,3,-113.17069244384766
Cc1cccc2c(C)cccc12,4,-113.08064270019531
C1=Cc2cccc3cccc1c23,1,-102.1437759399414
C1=Cc2cccc3cccc1c23,2,-102.26074981689453
C1=Cc2cccc3cccc1c23,3,-102.19306182861328
C1=Cc2cccc3cccc1c23,4,-102.4407958984375
CCCCCOC(=O)CC,1,-104.9089126586914
CCCCCOC(=O)CC,2,-104.93154907226562
CCCCCOC(=O)CC,3,-105.08441925048828
CCCCCOC(=O)CC,4,-104.96578216552734
CCNc1nc(NC(C)C)nc(OC)n1,1,-132.18063354492188
CCNc1nc(NC(C)C)nc(OC)n1,2,-132.2824249267578
CCNc1nc(NC(C)C)nc(OC)n1,3,-132.2429656982422
CCNc1nc(NC(C)C)nc(OC)n1,4,-132.16421508789062
c1ccc2c(c1)cc3ccc4cccc5ccc2c3c45,1,-167.64859008789062
c1ccc2c(c1)cc3ccc4cccc5ccc2c3c45,2,-167.3981475830078
c1ccc2c(c1)cc3ccc4cccc5ccc2c3c45,3,-167.63040161132812
c1ccc2c(c1)cc3ccc4cccc5ccc2c3c45,4,-166.9709930419922
CCC#CCC,1,-65.1974105834961
CCC#CCC,2,-65.17919921875
CCC#CCC,3,-65.3804702758789
CCC#CCC,4,-65.21519470214844
CC1OC(CC(O)C1O)OC2C(O)CC(OC2C)OC8C(O)CC(OC7CCC3(C)C(CCC4C3CCC5(C)C(CCC45O)C6=CC(=O)OC6)C7)OC8C ,1,-497.0754699707031
CC1OC(CC(O)C1O)OC2C(O)CC(OC2C)OC8C(O)CC(OC7CCC3(C)C(CCC4C3CCC5(C)C(CCC45O)C6=CC(=O)OC6)C7)OC8C ,2,-496.8226623535156
CC1OC(CC(O)C1O)OC2C(O)CC(OC2C)OC8C(O)CC(OC7CCC3(C)C(CCC4C3CCC5(C)C(CCC45O)C6=CC(=O)OC6)C7)OC8C ,3,-496.8739929199219
CC1OC(CC(O)C1O)OC2C(O)CC(OC2C)OC8C(O)CC(OC7CCC3(C)C(CCC4C3CCC5(C)C(CCC45O)C6=CC(=O)OC6)C7)OC8C ,4,-496.60308837890625
CCC(=C)C,1,-59.44770050048828
CCC(=C)C,2,-59.47894287109375
CCC(=C)C,3,-59.4766960144043
CCC(=C)C,4,-59.42707443237305
Oc1cccc2cccnc12 ,1,-88.57119750976562
Oc1cccc2cccnc12 ,2,-88.52935028076172
Oc1cccc2cccnc12 ,3,-88.67012786865234
Oc1cccc2cccnc12 ,4,-88.70879364013672
C1CCc2ccccc2C1,1,-99.62312316894531
C1CCc2ccccc2C1,2,-99.50240325927734
C1CCc2ccccc2C1,3,-99.62800598144531
C1CCc2ccccc2C1,4,-99.52729797363281
Oc1ccc(cc1)C2(OC(=O)c3ccccc23)c4ccc(O)cc4 ,1,-190.3393096923828
Oc1ccc(cc1)C2(OC(=O)c3ccccc23)c4ccc(O)cc4 ,2,-190.43460083007812
Oc1ccc(cc1)C2(OC(=O)c3ccccc23)c4ccc(O)cc4 ,3,-190.258544921875
Oc1ccc(cc1)C2(OC(=O)c3ccccc23)c4ccc(O)cc4 ,4,-190.2140350341797
COc1cc(CC=C)ccc1O,1,-107.04884338378906
COc1cc(CC=C)ccc1O,2,-107.04545593261719
COc1cc(CC=C)ccc1O,3,-107.18147277832031
COc1cc(CC=C)ccc1O,4,-107.23212432861328
O=C1NC(=O)NC(=O)C1(C(C)C)CC=C,1,-127.43433380126953
O=C1NC(=O)NC(=O)C1(C(C)C)CC=C,2,-127.56536102294922
O=C1NC(=O)NC(=O)C1(C(C)C)CC=C,3,-127.51675415039062
O=C1NC(=O)NC(=O)C1(C(C)C)CC=C,4,-127.72804260253906
c1cc2ccc3cccc4ccc(c1)c2c34,1,-134.8070831298828
c1cc2ccc3cccc4ccc(c1)c2c34,2,-134.98402404785156
c1cc2ccc3cccc4ccc(c1)c2c34,3,-135.23135375976562
c1cc2ccc3cccc4ccc(c1)c2c34,4,-134.925537109375
CCOC(C)OCC,1,-84.86905670166016
CCOC(C)OCC,2,-84.9695053100586
CCOC(C)OCC,3,-84.96926879882812
CCOC(C)OCC,4,-85.0908432006836
CCCCOCCO,1,-84.47908782958984
CCCCOCCO,2,-84.56410217285156
CCCCOCCO,3,-84.61299133300781
CCCCOCCO,4,-84.66629028320312
CC12CCC(O)CC1CCC3C2CCC4(C)C3CCC4=O,1,-215.0261688232422
CC12CCC(O)CC1CCC3C2CCC4(C)C3CCC4=O,2,-215.26234436035156
CC12CCC(O)CC1CCC3C2CCC4(C)C3CCC4=O,3,-215.17071533203125
CC12CCC(O)CC1CCC3C2CCC4(C)C3CCC4=O,4,-215.08486938476562
c1ccc2ncccc2c1,1,-84.17083740234375
c1ccc2ncccc2c1,2,-84.11448669433594
c1ccc2ncccc2c1,3,-84.22723388671875
c1ccc2ncccc2c1,4,-83.96939849853516
COC(=O)c1cc(O)c(O)c(O)c1 ,1,-97.0631332397461
COC(=O)c1cc(O)c(O)c(O)c1 ,2,-97.16020965576172
COC(=O)c1cc(O)c(O)c(O)c1 ,3,-97.169677734375
COC(=O)c1cc(O)c(O)c(O)c1 ,4,-97.31297302246094
OC(Cn1cncn1)(Cn2cncn2)c3ccc(F)cc3F ,1,-156.0879364013672
OC(Cn1cncn1)(Cn2cncn2)c3ccc(F)cc3F ,2,-156.18063354492188
OC(Cn1cncn1)(Cn2cncn2)c3ccc(F)cc3F ,3,-156.15794372558594
OC(Cn1cncn1)(Cn2cncn2)c3ccc(F)cc3F ,4,-156.09291076660156
O=C1NC(=O)C(=O)C(=O)N1 ,1,-60.1182975769043
O=C1NC(=O)C(=O)C(=O)N1 ,2,-60.12022018432617
O=C1NC(=O)C(=O)C(=O)N1 ,3,-60.07918167114258
O=C1NC(=O)C(=O)C(=O)N1 ,4,-60.13924026489258
CC(C)C(C)C,1,-76.77094268798828
CC(C)C(C)C,2,-76.80570220947266
CC(C)C(C)C,3,-76.75907135009766
CC(C)C(C)C,4,-76.82438659667969
CCC=C,1,-47.32978057861328
CCC=C,2,-47.256107330322266
CCC=C,3,-47.32403564453125
CCC=C,4,-47.35360336303711
Nc1cc[nH]c(=O)n1 ,1,-58.52863311767578
Nc1cc[nH]c(=O)n1 ,2,-58.6609992980957
Nc1cc[nH]c(=O)n1 ,3,-58.53580093383789
Nc1cc[nH]c(=O)n1 ,4,-58.481536865234375
CCC#N,1,-37.538475036621094
CCC#N,2,-37.531917572021484
CCC#N,3,-37.605979919433594
CCC#N,4,-37.54862594604492
COc1ccccc1N(=O)=O,1,-80.69849395751953
COc1ccccc1N(=O)=O,2,-80.77130126953125
COc1ccccc1N(=O)=O,3,-80.52513122558594
COc1ccccc1N(=O)=O,4,-80.6887435913086
CC34CCC1C(CC=C2CC(O)CCC12C)C3CCC4=O,1,-209.72836303710938
CC34CCC1C(CC=C2CC(O)CCC12C)C3CCC4=O,2,-210.12477111816406
CC34CCC1C(CC=C2CC(O)CCC12C)C3CCC4=O,3,-210.14187622070312
CC34CCC1C(CC=C2CC(O)CCC12C)C3CCC4=O,4,-210.18374633789062
c1cc2ccc3ccc4ccc5cccc6c(c1)c2c3c4c56,1,-180.58621215820312
c1cc2ccc3ccc4ccc5cccc6c(c1)c2c3c4c56,2,-180.6172332763672
c1cc2ccc3ccc4ccc5cccc6c(c1)c2c3c4c56,3,-180.40380859375
c1cc2ccc3ccc4ccc5cccc6c(c1)c2c3c4c56,4,-180.3296356201172
CCC(C)c1cc(cc(N(=O)=O)c1O)N(=O)=O ,1,-125.11720275878906
CCC(C)c1cc(cc(N(=O)=O)c1O)N(=O)=O ,2,-125.29051208496094
CCC(C)c1cc(cc(N(=O)=O)c1O)N(=O)=O ,3,-125.35527038574219
CCC(C)c1cc(cc(N(=O)=O)c1O)N(=O)=O ,4,-125.10794067382812
c1c(OC)c(OC)C2C(=O)OCC2c1,1,-115.39708709716797
c1c(OC)c(OC)C2C(=O)OCC2c1,2,-115.45616912841797
c1c(OC)c(OC)C2C(=O)OCC2c1,3,-115.43335723876953
c1c(OC)c(OC)C2C(=O)OCC2c1,4,-115.33814239501953
OCC(O)CO,1,-52.99324417114258
OCC(O)CO,2,-52.80405807495117
OCC(O)CO,3,-53.04350662231445
OCC(O)CO,4,-53.05414962768555
COc1ccccc1O ,1,-76.83164978027344
COc1ccccc1O ,2,-76.87294006347656
COc1ccccc1O ,3,-76.71646118164062
COc1ccccc1O ,4,-76.9339599609375
Cc1c2ccccc2cc3ccccc13,1,-133.44525146484375
Cc1c2ccccc2cc3ccccc13,2,-133.57766723632812
Cc1c2ccccc2cc3ccccc13,3,-133.58767700195312
Cc1c2ccccc2cc3ccccc13,4,-133.70431518554688
Cc1cc(=O)n(c2ccccc2)n1C,1,-119.36177825927734
Cc1cc(=O)n(c2ccccc2)n1C,2,-119.40321350097656
Cc1cc(=O)n(c2ccccc2)n1C,3,-119.27144622802734
Cc1cc(=O)n(c2ccccc2)n1C,4,-119.24552154541016
CCCCOC,1,-68.5928726196289
CCCCOC,2,-68.6664047241211
CCCCOC,3,-68.7230224609375
CCCCOC,4,-68.61329650878906
Cc2cnc1cncnc1n2,1,-80.82135009765625
Cc2cnc1cncnc1n2,2,-80.98595428466797
Cc2cnc1cncnc1n2,3,-80.65168762207031
Cc2cnc1cncnc1n2,4,-81.0639419555664
CN(C)C(=O)C,1,-59.27106475830078
CN(C)C(=O)C,2,-59.291229248046875
CN(C)C(=O)C,3,-59.346832275390625
CN(C)C(=O)C,4,-59.31126022338867
C=C,1,-23.41055679321289
C=C,2,-23.265979766845703
C=C,3,-23.231996536254883
C=C,4,-23.261938095092773
CC(C)(C)CCO,1,-81.01180267333984
CC(C)(C)CCO,2,-80.89420318603516
CC(C)(C)CCO,3,-80.93617248535156
CC(C)(C)CCO,4,-80.93085479736328
O=C1NC(=O)NC(=O)C1(CC)CC=C,1,-115.7405014038086
O=C1NC(=O)NC(=O)C1(CC)CC=C,2,-115.53828430175781
O=C1NC(=O)NC(=O)C1(CC)CC=C,3,-115.64464569091797
O=C1NC(=O)NC(=O)C1(CC)CC=C,4,-115.68907165527344
COc1ccccc1,1,-72.43985748291016
COc1ccccc1,2,-72.3046875
COc1ccccc1,3,-72.45256042480469
COc1ccccc1,4,-72.47318267822266
CC13CCC(=O)C=C1CCC4C2CCC(C(=O)CO)C2(CC(O)C34)C=O ,1,-235.56625366210938
CC13CCC(=O)C=C1CCC4C2CCC(C(=O)CO)C2(CC(O)C34)C=O ,2,-235.83200073242188
CC13CCC(=O)C=C1CCC4C2CCC(C(=O)CO)C2(CC(O)C34)C=O ,3,-235.48910522460938
CC13CCC(=O)C=C1CCC4C2CCC(C(=O)CO)C2(CC(O)C34)C=O ,4,-235.43540954589844
COc2ccc(Oc1ccc(NC(=O)N(C)C)cc1)cc2,1,-177.46226501464844
COc2ccc(Oc1ccc(NC(=O)N(C)C)cc1)cc2,2,-177.60324096679688
COc2ccc(Oc1ccc(NC(=O)N(C)C)cc1)cc2,3,-177.4421844482422
COc2ccc(Oc1ccc(NC(=O)N(C)C)cc1)cc2,4,-177.39398193359375
CCc1ccc(C)cc1,1,-92.66507720947266
CCc1ccc(C)cc1,2,-92.50031280517578
CCc1ccc(C)cc1,3,-92.58488464355469
CCc1ccc(C)cc1,4,-92.66815185546875
O=N(=O)c1cccc(c1)N(=O)=O,1,-72.72596740722656
O=N(=O)c1cccc(c1)N(=O)=O,2,-72.75335693359375
O=N(=O)c1cccc(c1)N(=O)=O,3,-72.77439880371094
O=N(=O)c1cccc(c1)N(=O)=O,4,-72.70250701904297
CCC1(C(C)C)C(=O)NC(=O)NC1=O ,1,-121.13328552246094
CCC1(C(C)C)C(=O)NC(=O)NC1=O ,2,-121.18460845947266
CCC1(C(C)C)C(=O)NC(=O)NC1=O ,3,-121.47106170654297
CCC1(C(C)C)C(=O)NC(=O)NC1=O ,4,-121.67131042480469
CC(=O)OCC(=O)C3(O)CCC4C2CCC1=CC(=O)CCC1(C)C2C(=O)CC34C ,1,-259.53228759765625
CC(=O)OCC(=O)C3(O)CCC4C2CCC1=CC(=O)CCC1(C)C2C(=O)CC34C ,2,-259.5700988769531
CC(=O)OCC(=O)C3(O)CCC4C2CCC1=CC(=O)CCC1(C)C2C(=O)CC34C ,3,-259.7762756347656
CC(=O)OCC(=O)C3(O)CCC4C2CCC1=CC(=O)CCC1(C)C2C(=O)CC34C ,4,-260.1490478515625
Cc1ncc(N(=O)=O)n1CCO,1,-87.61199951171875
Cc1ncc(N(=O)=O)n1CCO,2,-87.53189086914062
Cc1ncc(N(=O)=O)n1CCO,3,-87.47311401367188
Cc1ncc(N(=O)=O)n1CCO,4,-87.78063201904297
CCCC(C)(C)CO,1,-92.72469329833984
CCCC(C)(C)CO,2,-92.74280548095703
CCCC(C)(C)CO,3,-92.69823455810547
CCCC(C)(C)CO,4,-92.7115707397461
c1ccoc1,1,-41.203582763671875
c1ccoc1,2,-41.13081741333008
c1ccoc1,3,-41.10955810546875
c1ccoc1,4,-41.12427520751953
CN(C)C(=O)NC1CC2CC1C3CCCC23,1,-158.28366088867188
CN(C)C(=O)NC1CC2CC1C3CCCC23,2,-158.11334228515625
CN(C)C(=O)NC1CC2CC1C3CCCC23,3,-158.3189697265625
CN(C)C(=O)NC1CC2CC1C3CCCC23,4,-158.34091186523438
CC(C)(C)c1ccccc1,1,-104.40637969970703
CC(C)(C)c1ccccc1,2,-104.3195571899414
CC(C)(C)c1ccccc1,3,-104.28062438964844
CC(C)(C)c1ccccc1,4,-104.36385345458984
CC(=O)CCC1C(=O)N(N(C1=O)c2ccccc2)c3ccccc3,1,-199.07778930664062
CC(=O)CCC1C(=O)N(N(C1=O)c2ccccc2)c3ccccc3,2,-199.13360595703125
CC(=O)CCC1C(=O)N(N(C1=O)c2ccccc2)c3ccccc3,3,-199.07720947265625
CC(=O)CCC1C(=O)N(N(C1=O)c2ccccc2)c3ccccc3,4,-199.20631408691406
CC(=O)OCC(=O)C3(O)CCC4C2CCC1=CC(=O)C=CC1(C)C2C(O)CC34C ,1,-258.80010986328125
CC(=O)OCC(=O)C3(O)CCC4C2CCC1=CC(=O)C=CC1(C)C2C(O)CC34C ,2,-259.1278991699219
CC(=O)OCC(=O)C3(O)CCC4C2CCC1=CC(=O)C=CC1(C)C2C(O)CC34C ,3,-258.9652404785156
CC(=O)OCC(=O)C3(O)CCC4C2CCC1=CC(=O)C=CC1(C)C2C(O)CC34C ,4,-259.0461120605469
CCCOC,1,-56.706520080566406
CCCOC,2,-56.607486724853516
CCCOC,3,-56.66310119628906
CCCOC,4,-56.66459655761719
CC(C)OC(=O)C,1,-69.05039978027344
CC(C)OC(=O)C,2,-69.13558197021484
CC(C)OC(=O)C,3,-69.0540771484375
CC(C)OC(=O)C,4,-69.10536193847656
CCOC(=O)c1ccc(O)cc1,1,-100.59420776367188
CCOC(=O)c1ccc(O)cc1,2,-100.64727783203125
CCOC(=O)c1ccc(O)cc1,3,-100.61253356933594
CCOC(=O)c1ccc(O)cc1,4,-100.69379425048828
O=C1N(COC(=O)CCC)C(=O)C(N1)(c2ccccc2)c3ccccc3,1,-216.2074432373047
O=C1N(COC(=O)CCC)C(=O)C(N1)(c2ccccc2)c3ccccc3,2,-216.43019104003906
O=C1N(COC(=O)CCC)C(=O)C(N1)(c2ccccc2)c3ccccc3,3,-216.20765686035156
O=C1N(COC(=O)CCC)C(=O)C(N1)(c2ccccc2)c3ccccc3,4,-216.4739990234375
CCC(=O)OC3CCC4C2CCC1=CC(=O)CCC1(C)C2CCC34C ,1,-245.49679565429688
CCC(=O)OC3CCC4C2CCC1=CC(=O)CCC1(C)C2CCC34C ,2,-245.61793518066406
CCC(=O)OC3CCC4C2CCC1=CC(=O)CCC1(C)C2CCC34C ,3,-245.57749938964844
CCC(=O)OC3CCC4C2CCC1=CC(=O)CCC1(C)C2CCC34C ,4,-245.45388793945312
c1cc2ccc3ccc4ccc5ccc6ccc1c7c2c3c4c5c67,1,-193.96507263183594
c1cc2ccc3ccc4ccc5ccc6ccc1c7c2c3c4c5c67,2,-194.54183959960938
c1cc2ccc3ccc4ccc5ccc6ccc1c7c2c3c4c5c67,3,-193.55300903320312
c1cc2ccc3ccc4ccc5ccc6ccc1c7c2c3c4c5c67,4,-193.97080993652344
O=c1[nH]cnc2[nH]ncc12 ,1,-66.90886688232422
O=c1[nH]cnc2[nH]ncc12 ,2,-66.8141860961914
O=c1[nH]cnc2[nH]ncc12 ,3,-66.93619537353516
O=c1[nH]cnc2[nH]ncc12 ,4,-66.85537719726562
CN(C)C(=O)C(c1ccccc1)c2ccccc2 ,1,-161.82286071777344
CN(C)C(=O)C(c1ccccc1)c2ccccc2 ,2,-161.5107421875
CN(C)C(=O)C(c1ccccc1)c2ccccc2 ,3,-161.8565216064453
CN(C)C(=O)C(c1ccccc1)c2ccccc2 ,4,-162.0333251953125
CCN2c1cc(N(C)C)cc(C)c1NC(=O)c3cccnc23 ,1,-189.93138122558594
CCN2c1cc(N(C)C)cc(C)c1NC(=O)c3cccnc23 ,2,-190.11331176757812
CCN2c1cc(N(C)C)cc(C)c1NC(=O)c3cccnc23 ,3,-189.88616943359375
CCN2c1cc(N(C)C)cc(C)c1NC(=O)c3cccnc23 ,4,-189.7609100341797
O=C1NC(=O)c2ccccc12 ,1,-81.91046905517578
O=C1NC(=O)c2ccccc12 ,2,-82.09099578857422
O=C1NC(=O)c2ccccc12 ,3,-81.9794692993164
O=C1NC(=O)c2ccccc12 ,4,-81.9466552734375
COC(=O)c1ccccc1,1,-84.27685546875
COC(=O)c1ccccc1,2,-84.38723754882812
COC(=O)c1ccccc1,3,-84.29830169677734
COC(=O)c1ccccc1,4,-84.19268035888672
Cn1ccc(=O)[nH]c1=O,1,-68.30711364746094
Cn1ccc(=O)[nH]c1=O,2,-68.31990051269531
Cn1ccc(=O)[nH]c1=O,3,-68.22997283935547
Cn1ccc(=O)[nH]c1=O,4,-68.30961608886719
CCCCC1C(=O)N(N(C1=O)c2ccc(O)cc2)c3ccccc3 ,1,-203.64747619628906
CCCCC1C(=O)N(N(C1=O)c2ccc(O)cc2)c3ccccc3 ,2,-203.67318725585938
CCCCC1C(=O)N(N(C1=O)c2ccc(O)cc2)c3ccccc3 ,3,-203.90411376953125
CCCCC1C(=O)N(N(C1=O)c2ccc(O)cc2)c3ccccc3 ,4,-203.78268432617188
C1CC=CC1,1,-54.26106643676758
C1CC=CC1,2,-54.40875244140625
C1CC=CC1,3,-54.339393615722656
C1CC=CC1,4,-54.35066223144531
C1(=O)NC(=O)NC(=O)C1(O)C2(O)C(=O)NC(=O)NC2(=O),1,-125.64564514160156
C1(=O)NC(=O)NC(=O)C1(O)C2(O)C(=O)NC(=O)NC2(=O),2,-125.6679916381836
C1(=O)NC(=O)NC(=O)C1(O)C2(O)C(=O)NC(=O)NC2(=O),3,-125.77394104003906
C1(=O)NC(=O)NC(=O)C1(O)C2(O)C(=O)NC(=O)NC2(=O),4,-125.90998077392578
CCCCCCCCC,1,-112.8399887084961
CCCCCCCCC,2,-113.15669250488281
CCCCCCCCC,3,-113.25114440917969
CCCCCCCCC,4,-113.35830688476562
c1cccc2c3c(C)cc4ccccc4c3ccc12,1,-165.69680786132812
c1cccc2c3c(C)cc4ccccc4c3ccc12,2,-165.40696716308594
c1cccc2c3c(C)cc4ccccc4c3ccc12,3,-165.39894104003906
c1cccc2c3c(C)cc4ccccc4c3ccc12,4,-165.57748413085938
CCOc1ccccc1,1,-84.45246887207031
CCOc1ccccc1,2,-84.45651245117188
CCOc1ccccc1,3,-84.39384460449219
CCOc1ccccc1,4,-84.56130981445312
CCOC(=O)C=Cc1ccccc1,1,-114.84844970703125
CCOC(=O)C=Cc1ccccc1,2,-114.99117279052734
CCOC(=O)C=Cc1ccccc1,3,-114.8028793334961
CCOC(=O)C=Cc1ccccc1,4,-114.894287109375
CCCCCC(C)C,1,-100.88784790039062
CCCCCC(C)C,2,-100.88819885253906
CCCCCC(C)C,3,-100.8690185546875
CCCCCC(C)C,4,-101.04644775390625
CCCC1C(=O)N3N(C1=O)c2cc(C)ccc2N=C3N(C)C ,1,-187.5720672607422
CCCC1C(=O)N3N(C1=O)c2cc(C)ccc2N=C3N(C)C ,2,-187.8029022216797
CCCC1C(=O)N3N(C1=O)c2cc(C)ccc2N=C3N(C)C ,3,-187.6501922607422
CCCC1C(=O)N3N(C1=O)c2cc(C)ccc2N=C3N(C)C ,4,-187.80975341796875
CCC(O)C(C)C,1,-81.04937744140625
CCC(O)C(C)C,2,-80.97978973388672
CCC(O)C(C)C,3,-80.99982452392578
CCC(O)C(C)C,4,-80.97999572753906
CC1(C)C2CCC1(C)C(O)C2,1,-118.29398345947266
CC1(C)C2CCC1(C)C(O)C2,2,-118.25333404541016
CC1(C)C2CCC1(C)C(O)C2,3,-118.22978973388672
CC1(C)C2CCC1(C)C(O)C2,4,-118.36710357666016
CC12CCC3C(CCC4=CC(=O)CCC34C)C2CCC1O,1,-209.73582458496094
CC12CCC3C(CCC4=CC(=O)CCC34C)C2CCC1O,2,-209.60110473632812
CC12CCC3C(CCC4=CC(=O)CCC34C)C2CCC1O,3,-209.54466247558594
CC12CCC3C(CCC4=CC(=O)CCC34C)C2CCC1O,4,-210.2314910888672
CCCCCCC,1,-89.08641052246094
CCCCCCC,2,-89.12911224365234
CCCCCCC,3,-89.1758041381836
CCCCCCC,4,-89.22303771972656
Oc1cccc2ccccc12,1,-93.60324096679688
Oc1cccc2ccccc12,2,-93.52477264404297
Oc1cccc2ccccc12,3,-93.62374877929688
Oc1cccc2ccccc12,4,-93.77876281738281
C/C1CCCCC1\C,1,-95.88046264648438
C/C1CCCCC1\C,2,-96.0573501586914
C/C1CCCCC1\C,3,-95.81822204589844
C/C1CCCCC1\C,4,-96.09025573730469
COc2cc1c(N)nc(nc1c(OC)c2OC)N3CCN(CC3)C(=O)OCC(C)(C)O ,1,-258.2064514160156
COc2cc1c(N)nc(nc1c(OC)c2OC)N3CCN(CC3)C(=O)OCC(C)(C)O ,2,-257.9309997558594
COc2cc1c(N)nc(nc1c(OC)c2OC)N3CCN(CC3)C(=O)OCC(C)(C)O ,3,-258.4125671386719
COc2cc1c(N)nc(nc1c(OC)c2OC)N3CCN(CC3)C(=O)OCC(C)(C)O ,4,-258.3034973144531
C1Cc2c3c1cccc3cc4c2ccc5ccccc54,1,-172.23226928710938
C1Cc2c3c1cccc3cc4c2ccc5ccccc54,2,-172.1659698486328
C1Cc2c3c1cccc3cc4c2ccc5ccccc54,3,-172.18080139160156
C1Cc2c3c1cccc3cc4c2ccc5ccccc54,4,-172.38143920898438
CC(=O)C3(C)CCC4C2C=C(C)C1=CC(=O)CCC1(C)C2CCC34C,1,-247.66134643554688
CC(=O)C3(C)CCC4C2C=C(C)C1=CC(=O)CCC1(C)C2CCC34C,2,-247.25631713867188
CC(=O)C3(C)CCC4C2C=C(C)C1=CC(=O)CCC1(C)C2CCC34C,3,-247.49710083007812
CC(=O)C3(C)CCC4C2C=C(C)C1=CC(=O)CCC1(C)C2CCC34C,4,-247.4007110595703
CCCCCC(=O)C,1,-88.29724884033203
CCCCCC(=O)C,2,-88.3050537109375
CCCCCC(=O)C,3,-88.53074645996094
CCCCCC(=O)C,4,-88.31702423095703
c1cC2C(=O)NC(=O)C2cc1,1,-86.17719268798828
c1cC2C(=O)NC(=O)C2cc1,2,-86.49882507324219
c1cC2C(=O)NC(=O)C2cc1,3,-86.67422485351562
c1cC2C(=O)NC(=O)C2cc1,4,-86.59678649902344
CC=C(C)C,1,-59.63495635986328
CC=C(C)C,2,-59.60358810424805
CC=C(C)C,3,-59.60014343261719
CC=C(C)C,4,-59.40531921386719
Cc1ccc(C)c(C)c1,1,-92.72209167480469
Cc1ccc(C)c(C)c1,2,-92.90681457519531
Cc1ccc(C)c(C)c1,3,-92.79953002929688
Cc1ccc(C)c(C)c1,4,-92.74639892578125
c1ccc2c(c1)cnc3ccccc23 ,1,-116.51664733886719
c1ccc2c(c1)cnc3ccccc23 ,2,-116.53743743896484
c1ccc2c(c1)cnc3ccccc23 ,3,-116.62303161621094
c1ccc2c(c1)cnc3ccccc23 ,4,-116.53986358642578
CCCC(C)(O)CC,1,-92.94622802734375
CCCC(C)(O)CC,2,-92.9853286743164
CCCC(C)(O)CC,3,-93.00513458251953
CCCC(C)(O)CC,4,-93.01364135742188
CCCCCCCC,1,-101.01959991455078
CCCCCCCC,2,-100.98226165771484
CCCCCCCC,3,-100.97583770751953
CCCCCCCC,4,-101.31016540527344
c1ccc2cc3ccccc3cc2c1,1,-121.80253601074219
c1ccc2cc3ccccc3cc2c1,2,-121.92618560791016
c1ccc2cc3ccccc3cc2c1,3,-121.88558959960938
c1ccc2cc3ccccc3cc2c1,4,-122.08190155029297
NNc1ccccc1,1,-70.08914947509766
NNc1ccccc1,2,-70.11363220214844
NNc1ccccc1,3,-69.94175720214844
NNc1ccccc1,4,-69.9393081665039
CCC=O,1,-39.872623443603516
CCC=O,2,-39.956016540527344
CCC=O,3,-39.87678909301758
CCC=O,4,-39.855224609375
C1CCCCCCC1,1,-96.25175476074219
C1CCCCCCC1,2,-96.1863021850586
C1CCCCCCC1,3,-96.23619079589844
C1CCCCCCC1,4,-96.43058013916016
O=C1NC(=O)NC(=O)C1(CC=C)CC=C,1,-122.0694808959961
O=C1NC(=O)NC(=O)C1(CC=C)CC=C,2,-122.0045394897461
O=C1NC(=O)NC(=O)C1(CC=C)CC=C,3,-122.09471130371094
O=C1NC(=O)NC(=O)C1(CC=C)CC=C,4,-121.9709243774414
CC1=CCCCC1,1,-78.8248291015625
CC1=CCCCC1,2,-78.66679382324219
CC1=CCCCC1,3,-78.87298583984375
CC1=CCCCC1,4,-78.78557586669922
CCCCC(CC)C=O,1,-100.0274658203125
CCCCC(CC)C=O,2,-99.83252716064453
CCCCC(CC)C=O,3,-100.12364959716797
CCCCC(CC)C=O,4,-99.9029541015625
COc2c1occc1c(OC)c3c(=O)cc(C)oc23 ,1,-147.47702026367188
COc2c1occc1c(OC)c3c(=O)cc(C)oc23 ,2,-147.4166259765625
COc2c1occc1c(OC)c3c(=O)cc(C)oc23 ,3,-147.53489685058594
COc2c1occc1c(OC)c3c(=O)cc(C)oc23 ,4,-147.58843994140625
O=C1NC(=O)NC(=O)C1(CC)CCC(C)C,1,-145.37147521972656
O=C1NC(=O)NC(=O)C1(CC)CCC(C)C,2,-145.55433654785156
O=C1NC(=O)NC(=O)C1(CC)CCC(C)C,3,-145.45489501953125
O=C1NC(=O)NC(=O)C1(CC)CCC(C)C,4,-145.2176971435547
c1ccc2c3c(ccc2c1)c4cccc5cccc3c45,1,-166.68765258789062
c1ccc2c3c(ccc2c1)c4cccc5cccc3c45,2,-167.51803588867188
c1ccc2c3c(ccc2c1)c4cccc5cccc3c45,3,-166.963623046875
c1ccc2c3c(ccc2c1)c4cccc5cccc3c45,4,-166.9834442138672
CCC(CC)C=O,1,-75.98221588134766
CCC(CC)C=O,2,-75.89742279052734
CCC(CC)C=O,3,-75.8855972290039
CCC(CC)C=O,4,-75.87690734863281
CCCOCCC,1,-80.7119140625
CCCOCCC,2,-80.83244323730469
CCCOCCC,3,-80.80545806884766
CCCOCCC,4,-80.6591796875
CCCCCCCCCCCCCCO,1,-177.22085571289062
CCCCCCCCCCCCCCO,2,-177.26824951171875
CCCCCCCCCCCCCCO,3,-177.35719299316406
CCCCCCCCCCCCCCO,4,-177.32284545898438
NC(=O)N,1,-31.112646102905273
NC(=O)N,2,-31.077768325805664
NC(=O)N,3,-31.113557815551758
NC(=O)N,4,-31.190532684326172
CCCC#C,1,-53.03034591674805
CCCC#C,2,-53.09050369262695
CCCC#C,3,-53.12666702270508
CCCC#C,4,-53.080078125
CCCCCCCCCCCCCCCCCCO,1,-225.46690368652344
CCCCCCCCCCCCCCCCCCO,2,-225.4645233154297
CCCCCCCCCCCCCCCCCCO,3,-225.42576599121094
CCCCCCCCCCCCCCCCCCO,4,-225.4156951904297
CC(=O)Nc1ccccc1,1,-87.24396514892578
CC(=O)Nc1ccccc1,2,-87.13923645019531
CC(=O)Nc1ccccc1,3,-87.17730712890625
CC(=O)Nc1ccccc1,4,-87.25772857666016
c1cc(O)c(O)c2OCC3(O)CC4=CC(=O)C(O)=CC4=C3c21,1,-165.1107635498047
c1cc(O)c(O)c2OCC3(O)CC4=CC(=O)C(O)=CC4=C3c21,2,-165.3148193359375
c1cc(O)c(O)c2OCC3(O)CC4=CC(=O)C(O)=CC4=C3c21,3,-165.61326599121094
c1cc(O)c(O)c2OCC3(O)CC4=CC(=O)C(O)=CC4=C3c21,4,-165.20529174804688
c1nccc(C(=O)NN)c1,1,-76.6531982421875
c1nccc(C(=O)NN)c1,2,-76.61119079589844
c1nccc(C(=O)NN)c1,3,-76.6748275756836
c1nccc(C(=O)NN)c1,4,-76.66719818115234
CC(C)CCOC=O,1,-80.46110534667969
CC(C)CCOC=O,2,-80.43143463134766
CC(C)CCOC=O,3,-80.26072692871094
CC(C)CCOC=O,4,-80.43705749511719
CC(=O)c1ccccc1,1,-79.79531860351562
CC(=O)c1ccccc1,2,-79.86136627197266
CC(=O)c1ccccc1,3,-79.95513153076172
CC(=O)c1ccccc1,4,-79.90553283691406
c2ccc1nc(ccc1c2)c4ccc3ccccc3n4 ,1,-162.93130493164062
c2ccc1nc(ccc1c2)c4ccc3ccccc3n4 ,2,-163.427001953125
c2ccc1nc(ccc1c2)c4ccc3ccccc3n4 ,3,-162.95018005371094
c2ccc1nc(ccc1c2)c4ccc3ccccc3n4 ,4,-163.0870361328125
CC2(C)C1CCC(C)(C1)C2=O,1,-113.97329711914062
CC2(C)C1CCC(C)(C1)C2=O,2,-113.85127258300781
CC2(C)C1CCC(C)(C1)C2=O,3,-114.01721954345703
CC2(C)C1CCC(C)(C1)C2=O,4,-113.9998550415039
COc2cnc1cncnc1n2,1,-84.93292999267578
COc2cnc1cncnc1n2,2,-84.48514556884766
COc2cnc1cncnc1n2,3,-84.8456802368164
COc2cnc1cncnc1n2,4,-84.86051177978516
CC(C)N(=O)=O,1,-49.525630950927734
CC(C)N(=O)=O,2,-49.42237854003906
CC(C)N(=O)=O,3,-49.4117546081543
CC(C)N(=O)=O,4,-49.45689392089844
c1ccc2c(c1)[nH]c3ccccc32,1,-109.56175994873047
c1ccc2c(c1)[nH]c3ccccc32,2,-109.49688720703125
c1ccc2c(c1)[nH]c3ccccc32,3,-109.71240997314453
c1ccc2c(c1)[nH]c3ccccc32,4,-109.67881774902344
OCC(O)C(O)CO,1,-68.7061538696289
OCC(O)C(O)CO,2,-69.05750274658203
OCC(O)C(O)CO,3,-69.01968383789062
OCC(O)C(O)CO,4,-68.99112701416016
CCCOC(=O)c1ccc(N)cc1,1,-115.50300598144531
CCCOC(=O)c1ccc(N)cc1,2,-115.338134765625
CCCOC(=O)c1ccc(N)cc1,3,-115.32376098632812
CCCOC(=O)c1ccc(N)cc1,4,-115.34902954101562
O=C1CCC(=O)N1,1,-54.708465576171875
O=C1CCC(=O)N1,2,-54.63059616088867
O=C1CCC(=O)N1,3,-54.61272048950195
O=C1CCC(=O)N1,4,-54.547752380371094
CCC(C)C(C)C,1,-88.70378875732422
CCC(C)C(C)C,2,-88.65300750732422
CCC(C)C(C)C,3,-88.71971893310547
CCC(C)C(C)C,4,-88.87673950195312
O2c1ccccc1N(CC)C(=O)c3ccccc23 ,1,-149.76881408691406
O2c1ccccc1N(CC)C(=O)c3ccccc23 ,2,-149.79360961914062
O2c1ccccc1N(CC)C(=O)c3ccccc23 ,3,-149.9185333251953
O2c1ccccc1N(CC)C(=O)c3ccccc23 ,4,-149.80079650878906
C1CCOCC1,1,-63.98357391357422
C1CCOCC1,2,-63.87578582763672
C1CCOCC1,3,-63.98450469970703
C1CCOCC1,4,-63.84576416015625
CCCCCC#C,1,-77.13092041015625
CCCCCC#C,2,-77.04437255859375
CCCCCC#C,3,-77.25674438476562
CCCCCC#C,4,-77.18633270263672
c1cc2ccc(OC)c(CC=C(C)(C))c2oc1=O ,1,-156.3485565185547
c1cc2ccc(OC)c(CC=C(C)(C))c2oc1=O ,2,-156.32789611816406
c1cc2ccc(OC)c(CC=C(C)(C))c2oc1=O ,3,-156.55242919921875
c1cc2ccc(OC)c(CC=C(C)(C))c2oc1=O ,4,-156.49053955078125
c1cc(C)cc2c1c3cc4cccc5CCc(c45)c3cc2,1,-184.50390625
c1cc(C)cc2c1c3cc4cccc5CCc(c45)c3cc2,2,-184.44955444335938
c1cc(C)cc2c1c3cc4cccc5CCc(c45)c3cc2,3,-184.0399932861328
c1cc(C)cc2c1c3cc4cccc5CCc(c45)c3cc2,4,-184.239990234375
CCOC(=O)c1ccccc1,1,-96.45353698730469
CCOC(=O)c1ccccc1,2,-96.4239273071289
CCOC(=O)c1ccccc1,3,-96.41522216796875
CCOC(=O)c1ccccc1,4,-96.31478118896484
CC34CCC1C(CCc2cc(O)ccc12)C3CCC4(O)C#C ,1,-204.5662078857422
CC34CCC1C(CCc2cc(O)ccc12)C3CCC4(O)C#C ,2,-204.68374633789062
CC34CCC1C(CCc2cc(O)ccc12)C3CCC4(O)C#C ,3,-204.8361358642578
CC34CCC1C(CCc2cc(O)ccc12)C3CCC4(O)C#C ,4,-204.80763244628906
CCCCCCCCCCCC(=O)OC,1,-165.02809143066406
CCCCCCCCCCCC(=O)OC,2,-164.7954559326172
CCCCCCCCCCCC(=O)OC,3,-164.8794403076172
CCCCCCCCCCCC(=O)OC,4,-165.16244506835938
c1ccc2cc3cc4ccccc4cc3cc2c1,1,-154.31622314453125
c1ccc2cc3cc4ccccc4cc3cc2c1,2,-153.97023010253906
c1ccc2cc3cc4ccccc4cc3cc2c1,3,-154.5281219482422
c1ccc2cc3cc4ccccc4cc3cc2c1,4,-154.27955627441406
CCCC/C=C/C,1,-83.50055694580078
CCCC/C=C/C,2,-83.3777084350586
CCCC/C=C/C,3,-83.38543701171875
CCCC/C=C/C,4,-83.4321060180664
Cc1ncc(N(=O)=O)n1CCO ,1,-87.61199951171875
Cc1ncc(N(=O)=O)n1CCO ,2,-87.53189086914062
Cc1ncc(N(=O)=O)n1CCO ,3,-87.47311401367188
Cc1ncc(N(=O)=O)n1CCO ,4,-87.78063201904297
CCCCCC1CCCC1,1,-119.96736145019531
CCCCCC1CCCC1,2,-120.18431854248047
CCCCCC1CCCC1,3,-120.11314392089844
CCCCCC1CCCC1,4,-120.3457260131836
O=C1NC(=O)NC(=O)C1(CC)C(C)C,1,-121.48377990722656
O=C1NC(=O)NC(=O)C1(CC)C(C)C,2,-121.38993072509766
O=C1NC(=O)NC(=O)C1(CC)C(C)C,3,-121.48175811767578
O=C1NC(=O)NC(=O)C1(CC)C(C)C,4,-121.36526489257812
O=C2NC(=O)C1(CCCCC1)C(=O)N2,1,-116.64733123779297
O=C2NC(=O)C1(CCCCC1)C(=O)N2,2,-116.34989166259766
O=C2NC(=O)C1(CCCCC1)C(=O)N2,3,-116.51197052001953
O=C2NC(=O)C1(CCCCC1)C(=O)N2,4,-116.48494720458984
CN(C)C(=O)OC1=CC(=O)CC(C)(C)C1 ,1,-136.39013671875
CN(C)C(=O)OC1=CC(=O)CC(C)(C)C1 ,2,-136.34817504882812
CN(C)C(=O)OC1=CC(=O)CC(C)(C)C1 ,3,-136.4374237060547
CN(C)C(=O)OC1=CC(=O)CC(C)(C)C1 ,4,-136.4167022705078
CCOCC,1,-56.730621337890625
CCOCC,2,-56.782981872558594
CCOCC,3,-56.73200225830078
CCOCC,4,-56.7275390625
CCCCN(CC)c1c(cc(cc1N(=O)=O)C(F)(F)F)N(=O)=O,1,-166.28134155273438
CCCCN(CC)c1c(cc(cc1N(=O)=O)C(F)(F)F)N(=O)=O,2,-166.44891357421875
CCCCN(CC)c1c(cc(cc1N(=O)=O)C(F)(F)F)N(=O)=O,3,-166.40234375
CCCCN(CC)c1c(cc(cc1N(=O)=O)C(F)(F)F)N(=O)=O,4,-166.34051513671875
Cc1cc(C)c(O)c(C)c1,1,-97.1898422241211
Cc1cc(C)c(O)c(C)c1,2,-97.11492156982422
Cc1cc(C)c(O)c(C)c1,3,-97.22251892089844
Cc1cc(C)c(O)c(C)c1,4,-97.2443618774414
c1ccccc1,1,-56.57642364501953
c1ccccc1,2,-56.50722122192383
c1ccccc1,3,-56.3502197265625
c1ccccc1,4,-56.365745544433594
C=Cc1ccccc1,1,-74.92234802246094
C=Cc1ccccc1,2,-74.83563232421875
C=Cc1ccccc1,3,-74.99740600585938
C=Cc1ccccc1,4,-74.7377700805664
COCOC,1,-48.65620040893555
COCOC,2,-48.635616302490234
COCOC,3,-48.65430450439453
COCOC,4,-48.626983642578125
Cc1ccccc1C,1,-80.56805419921875
Cc1ccccc1C,2,-80.69822692871094
Cc1ccccc1C,3,-80.62084197998047
Cc1ccccc1C,4,-80.48385620117188
CCC(C)O,1,-57.159427642822266
CCC(C)O,2,-57.18788146972656
CCC(C)O,3,-57.11859130859375
CCC(C)O,4,-57.162689208984375
Oc1ccc(O)cc1,1,-65.07164001464844
Oc1ccc(O)cc1,2,-65.01016998291016
Oc1ccc(O)cc1,3,-65.03504180908203
Oc1ccc(O)cc1,4,-65.1195068359375
CC34CCC1C(CCc2cc(O)ccc12)C3CC(O)C4O ,1,-196.6409149169922
CC34CCC1C(CCc2cc(O)ccc12)C3CC(O)C4O ,2,-196.44320678710938
CC34CCC1C(CCc2cc(O)ccc12)C3CC(O)C4O ,3,-196.65037536621094
CC34CCC1C(CCc2cc(O)ccc12)C3CC(O)C4O ,4,-196.79241943359375
C1c2ccccc2c3cc4ccccc4cc13,1,-147.2643585205078
C1c2ccccc2c3cc4ccccc4cc13,2,-147.17535400390625
C1c2ccccc2c3cc4ccccc4cc13,3,-147.13446044921875
C1c2ccccc2c3cc4ccccc4cc13,4,-147.12245178222656
O=C1CNC(=O)N1 ,1,-49.83375549316406
O=C1CNC(=O)N1 ,2,-49.524532318115234
O=C1CNC(=O)N1 ,3,-49.67449951171875
O=C1CNC(=O)N1 ,4,-49.713775634765625
c1(O)cc(O)ccc1CCCCCC,1,-137.04818725585938
c1(O)cc(O)ccc1CCCCCC,2,-137.0952606201172
c1(O)cc(O)ccc1CCCCCC,3,-137.1985626220703
c1(O)cc(O)ccc1CCCCCC,4,-137.22659301757812
Cc1c(C)c2c3ccccc3ccc2c4ccccc14,1,-177.594482421875
Cc1c(C)c2c3ccccc3ccc2c4ccccc14,2,-177.4154815673828
Cc1c(C)c2c3ccccc3ccc2c4ccccc14,3,-177.32794189453125
Cc1c(C)c2c3ccccc3ccc2c4ccccc14,4,-177.45849609375
CCCCC(=O)OC3(C(C)CC4C2CCC1=CC(=O)C=CC1(C)C2(F)C(O)CC34C)C(=O)CO,1,-308.4288635253906
CCCCC(=O)OC3(C(C)CC4C2CCC1=CC(=O)C=CC1(C)C2(F)C(O)CC34C)C(=O)CO,2,-308.1256103515625
CCCCC(=O)OC3(C(C)CC4C2CCC1=CC(=O)C=CC1(C)C2(F)C(O)CC34C)C(=O)CO,3,-307.8688049316406
CCCCC(=O)OC3(C(C)CC4C2CCC1=CC(=O)C=CC1(C)C2(F)C(O)CC34C)C(=O)CO,4,-308.4259338378906
O=c2[nH]c(=O)c1[nH]c(=O)[nH]c1[nH]2 ,1,-77.40422821044922
O=c2[nH]c(=O)c1[nH]c(=O)[nH]c1[nH]2 ,2,-77.57892608642578
O=c2[nH]c(=O)c1[nH]c(=O)[nH]c1[nH]2 ,3,-77.53388977050781
O=c2[nH]c(=O)c1[nH]c(=O)[nH]c1[nH]2 ,4,-77.4639892578125
CC(C)COC=O,1,-68.4596176147461
CC(C)COC=O,2,-68.39234161376953
CC(C)COC=O,3,-68.45417785644531
CC(C)COC=O,4,-68.48002624511719
CCN2c1nc(C)cc(C(F)(F)F)c1NC(=O)c3cccnc23 ,1,-169.58058166503906
CCN2c1nc(C)cc(C(F)(F)F)c1NC(=O)c3cccnc23 ,2,-169.31326293945312
CCN2c1nc(C)cc(C(F)(F)F)c1NC(=O)c3cccnc23 ,3,-169.5026092529297
CCN2c1nc(C)cc(C(F)(F)F)c1NC(=O)c3cccnc23 ,4,-169.46803283691406
CCCCCC,1,-77.03317260742188
CCCCCC,2,-77.05862426757812
CCCCCC,3,-77.0121078491211
CCCCCC,4,-76.99329376220703
COC(=O)c1cccnc1 ,1,-79.19190216064453
COC(=O)c1cccnc1 ,2,-79.30565643310547
COC(=O)c1cccnc1 ,3,-79.18132019042969
COC(=O)c1cccnc1 ,4,-79.34164428710938
c1ccc2c(c1)c3ccccc3c4ccccc24,1,-154.13075256347656
c1ccc2c(c1)c3ccccc3c4ccccc24,2,-153.4813995361328
c1ccc2c(c1)c3ccccc3c4ccccc24,3,-153.19882202148438
c1ccc2c(c1)c3ccccc3c4ccccc24,4,-153.59133911132812
CC=C(C(=CC)c1ccc(O)cc1)c2ccc(O)cc2,1,-178.2049560546875
CC=C(C(=CC)c1ccc(O)cc1)c2ccc(O)cc2,2,-178.03831481933594
CC=C(C(=CC)c1ccc(O)cc1)c2ccc(O)cc2,3,-178.1226348876953
CC=C(C(=CC)c1ccc(O)cc1)c2ccc(O)cc2,4,-178.21450805664062
CCCCC(CC)COC(=O)c1ccccc1C(=O)OCC(CC)CCCC,1,-279.7139587402344
CCCCC(CC)COC(=O)c1ccccc1C(=O)OCC(CC)CCCC,2,-280.2745666503906
CCCCC(CC)COC(=O)c1ccccc1C(=O)OCC(CC)CCCC,3,-279.9131164550781
CCCCC(CC)COC(=O)c1ccccc1C(=O)OCC(CC)CCCC,4,-280.38079833984375
CCc1ccccn1,1,-75.46449279785156
CCc1ccccn1,2,-75.58070373535156
CCc1ccccn1,3,-75.606689453125
CCc1ccccn1,4,-75.5962142944336
c1ccc(cc1)c2ccccc2,1,-108.10391235351562
c1ccc(cc1)c2ccccc2,2,-108.2401123046875
c1ccc(cc1)c2ccccc2,3,-108.18219757080078
c1ccc(cc1)c2ccccc2,4,-108.52123260498047
CN(C)c1nc(nc(n1)N(C)C)N(C)C,1,-133.5810089111328
CN(C)c1nc(nc(n1)N(C)C)N(C)C,2,-133.35389709472656
CN(C)c1nc(nc(n1)N(C)C)N(C)C,3,-133.24574279785156
CN(C)c1nc(nc(n1)N(C)C)N(C)C,4,-133.37118530273438
CC(C)CC(C)(C)O,1,-92.96891021728516
CC(C)CC(C)(C)O,2,-92.95171356201172
CC(C)CC(C)(C)O,3,-92.95771789550781
CC(C)CC(C)(C)O,4,-92.93184661865234
O=C2NC(=O)C1(CCCCCC1)C(=O)N2 ,1,-128.41818237304688
O=C2NC(=O)C1(CCCCCC1)C(=O)N2 ,2,-128.24679565429688
O=C2NC(=O)C1(CCCCCC1)C(=O)N2 ,3,-128.3035430908203
O=C2NC(=O)C1(CCCCCC1)C(=O)N2 ,4,-128.3531494140625
OCC1OC(O)(CO)C(O)C1O,1,-96.11344146728516
OCC1OC(O)(CO)C(O)C1O,2,-96.21395111083984
OCC1OC(O)(CO)C(O)C1O,3,-96.18975830078125
OCC1OC(O)(CO)C(O)C1O,4,-96.39893341064453
Cc1cc(C)cc(O)c1,1,-85.0319595336914
Cc1cc(C)cc(O)c1,2,-85.08209991455078
Cc1cc(C)cc(O)c1,3,-85.034423828125
Cc1cc(C)cc(O)c1,4,-85.05670166015625
CCC(C)(C)C,1,-76.78062438964844
CCC(C)(C)C,2,-76.7624282836914
CCC(C)(C)C,3,-76.97718048095703
CCC(C)(C)C,4,-76.72688293457031
CNc1ccccc1,1,-75.26866912841797
CNc1ccccc1,2,-75.15934753417969
CNc1ccccc1,3,-75.17449188232422
CNc1ccccc1,4,-75.35049438476562
C=CCC=C,1,-53.61777114868164
C=CCC=C,2,-53.5328483581543
C=CCC=C,3,-53.670780181884766
C=CCC=C,4,-53.66970443725586
CC(=O)OCC(=O)C1(O)CCC2C3CCC4=CC(=O)CCC4(C)C3C(O)CC21C,1,-264.3813781738281
CC(=O)OCC(=O)C1(O)CCC2C3CCC4=CC(=O)CCC4(C)C3C(O)CC21C,2,-264.296875
CC(=O)OCC(=O)C1(O)CCC2C3CCC4=CC(=O)CCC4(C)C3C(O)CC21C,3,-264.36029052734375
CC(=O)OCC(=O)C1(O)CCC2C3CCC4=CC(=O)CCC4(C)C3C(O)CC21C,4,-264.4659423828125
Cc1cc(cc(N(=O)=O)c1O)N(=O)=O,1,-89.07218170166016
Cc1cc(cc(N(=O)=O)c1O)N(=O)=O,2,-89.23209381103516
Cc1cc(cc(N(=O)=O)c1O)N(=O)=O,3,-89.14752960205078
Cc1cc(cc(N(=O)=O)c1O)N(=O)=O,4,-89.04179382324219
O=C1NC(=O)NC(=O)C1(C)CC,1,-97.54183197021484
O=C1NC(=O)NC(=O)C1(C)CC,2,-97.59274291992188
O=C1NC(=O)NC(=O)C1(C)CC,3,-97.72993469238281
O=C1NC(=O)NC(=O)C1(C)CC,4,-97.72945404052734
OCCOc1ccccc1,1,-88.24642944335938
OCCOc1ccccc1,2,-88.24996185302734
OCCOc1ccccc1,3,-88.2005386352539
OCCOc1ccccc1,4,-88.36209869384766
C(c1ccccc1)c2ccccc2,1,-120.05496215820312
C(c1ccccc1)c2ccccc2,2,-119.8495101928711
C(c1ccccc1)c2ccccc2,3,-120.07293701171875
C(c1ccccc1)c2ccccc2,4,-119.92298889160156
CCCCCC(O)CC,1,-105.0780029296875
CCCCCC(O)CC,2,-105.18233489990234
CCCCCC(O)CC,3,-105.21251678466797
CCCCCC(O)CC,4,-105.23336791992188
CCCC(C)CO,1,-80.87985229492188
CCCC(C)CO,2,-80.98921966552734
CCCC(C)CO,3,-81.02194213867188
CCCC(C)CO,4,-81.12623596191406
CCCCC(C)(C)O,1,-92.96086120605469
CCCCC(C)(C)O,2,-93.0655288696289
CCCCC(C)(C)O,3,-93.06462097167969
CCCCC(C)(C)O,4,-93.11729431152344
CCc1ccccc1,1,-80.48674011230469
CCc1ccccc1,2,-80.4404067993164
CCc1ccccc1,3,-80.36125946044922
CCc1ccccc1,4,-80.48423767089844
O=C1NC(=O)NC(=O)C1(CC)CC=C(C)C,1,-139.99603271484375
O=C1NC(=O)NC(=O)C1(CC)CC=C(C)C,2,-140.0461883544922
O=C1NC(=O)NC(=O)C1(CC)CC=C(C)C,3,-140.01983642578125
O=C1NC(=O)NC(=O)C1(CC)CC=C(C)C,4,-140.0773162841797
CC1(C)C(C(=O)OC(C#N)c2cccc(Oc3ccccc3)c2)C1(C)C,1,-226.5186309814453
CC1(C)C(C(=O)OC(C#N)c2cccc(Oc3ccccc3)c2)C1(C)C,2,-226.76893615722656
CC1(C)C(C(=O)OC(C#N)c2cccc(Oc3ccccc3)c2)C1(C)C,3,-226.5511932373047
CC1(C)C(C(=O)OC(C#N)c2cccc(Oc3ccccc3)c2)C1(C)C,4,-226.39718627929688
COC(C)(C)CCCC(C)CC=CC(C)=CC(=O)OC(C)C,1,-229.1924285888672
COC(C)(C)CCCC(C)CC=CC(C)=CC(=O)OC(C)C,2,-229.43846130371094
COC(C)(C)CCCC(C)CC=CC(C)=CC(=O)OC(C)C,3,-229.9486083984375
COC(C)(C)CCCC(C)CC=CC(C)=CC(=O)OC(C)C,4,-229.77268981933594
CCOC(=O)CC,1,-69.04081726074219
CCOC(=O)CC,2,-69.01655578613281
CCOC(=O)CC,3,-68.94285583496094
CCOC(=O)CC,4,-69.03958892822266
Cc1cc2ccccc2cc1C,1,-113.3655776977539
Cc1cc2ccccc2cc1C,2,-113.30960083007812
Cc1cc2ccccc2cc1C,3,-113.40286254882812
Cc1cc2ccccc2cc1C,4,-113.19755554199219
NC(N)=NC#N ,1,-41.96162414550781
NC(N)=NC#N ,2,-41.93238067626953
NC(N)=NC#N ,3,-41.92057800292969
NC(N)=NC#N ,4,-41.96466827392578
COc1ccc(C=O)cc1,1,-83.44511413574219
COc1ccc(C=O)cc1,2,-83.48900604248047
COc1ccc(C=O)cc1,3,-83.56645202636719
COc1ccc(C=O)cc1,4,-83.64856719970703
CC(=O)Nc1ccc(cc1)N(=O)=O,1,-95.48755645751953
CC(=O)Nc1ccc(cc1)N(=O)=O,2,-95.2865982055664
CC(=O)Nc1ccc(cc1)N(=O)=O,3,-95.3895492553711
CC(=O)Nc1ccc(cc1)N(=O)=O,4,-95.59945678710938
CCCCCCC(=O)OCC,1,-117.0003662109375
CCCCCCC(=O)OCC,2,-116.98789978027344
CCCCCCC(=O)OCC,3,-117.08538055419922
CCCCCCC(=O)OCC,4,-117.18881225585938
CC(=O)Nc1ccc(O)cc1,1,-91.53352355957031
CC(=O)Nc1ccc(O)cc1,2,-91.58582305908203
CC(=O)Nc1ccc(O)cc1,3,-91.61592864990234
CC(=O)Nc1ccc(O)cc1,4,-91.4712142944336
c2ccc1[nH]ncc1c2 ,1,-71.78514099121094
c2ccc1[nH]ncc1c2 ,2,-71.82347869873047
c2ccc1[nH]ncc1c2 ,3,-71.71620178222656
c2ccc1[nH]ncc1c2 ,4,-71.79254913330078
CC5(C)OC4CC3C2CCC1=CC(=O)C=CC1(C)C2(F)C(O)CC3(C)C4(O5)C(=O)CO ,1,-271.7182312011719
CC5(C)OC4CC3C2CCC1=CC(=O)C=CC1(C)C2(F)C(O)CC3(C)C4(O5)C(=O)CO ,2,-271.9382629394531
CC5(C)OC4CC3C2CCC1=CC(=O)C=CC1(C)C2(F)C(O)CC3(C)C4(O5)C(=O)CO ,3,-272.09515380859375
CC5(C)OC4CC3C2CCC1=CC(=O)C=CC1(C)C2(F)C(O)CC3(C)C4(O5)C(=O)CO ,4,-271.79840087890625
Nc2nc1[nH]cnc1c(=O)[nH]2 ,1,-74.4784164428711
Nc2nc1[nH]cnc1c(=O)[nH]2 ,2,-74.5190658569336
Nc2nc1[nH]cnc1c(=O)[nH]2 ,3,-74.5446548461914
Nc2nc1[nH]cnc1c(=O)[nH]2 ,4,-74.28146362304688
COC(=O)C,1,-44.76979446411133
COC(=O)C,2,-44.76238250732422
COC(=O)C,3,-44.80355453491211
COC(=O)C,4,-44.687984466552734
CC34CCC1C(CCC2CC(=O)CCC12C)C3CCC4O ,1,-215.0198974609375
CC34CCC1C(CCC2CC(=O)CCC12C)C3CCC4O ,2,-214.69818115234375
CC34CCC1C(CCC2CC(=O)CCC12C)C3CCC4O ,3,-214.9635772705078
CC34CCC1C(CCC2CC(=O)CCC12C)C3CCC4O ,4,-214.96241760253906
CCCC(O)C=C,1,-75.36174774169922
CCCC(O)C=C,2,-75.51414489746094
CCCC(O)C=C,3,-75.3356704711914
CCCC(O)C=C,4,-75.40283966064453
OC(C1=CC2C5C(C1C2=C(c3ccccc3)c4ccccn4)C(=O)NC5=O)(c6ccccc6)c7ccccn7 ,1,-315.1254577636719
OC(C1=CC2C5C(C1C2=C(c3ccccc3)c4ccccn4)C(=O)NC5=O)(c6ccccc6)c7ccccn7 ,2,-315.1564636230469
OC(C1=CC2C5C(C1C2=C(c3ccccc3)c4ccccn4)C(=O)NC5=O)(c6ccccc6)c7ccccn7 ,3,-315.2813720703125
OC(C1=CC2C5C(C1C2=C(c3ccccc3)c4ccccn4)C(=O)NC5=O)(c6ccccc6)c7ccccn7 ,4,-315.6424255371094
CCCCOCCCC,1,-104.49114227294922
CCCCOCCCC,2,-104.74320983886719
CCCCOCCCC,3,-104.64952087402344
CCCCOCCCC,4,-104.6524429321289
CCCCCCCCCCCCO,1,-153.4383087158203
CCCCCCCCCCCCO,2,-153.15142822265625
CCCCCCCCCCCCO,3,-153.1966552734375
CCCCCCCCCCCCO,4,-153.46487426757812
CCN2c1nc(N(C)(CCO))ccc1NC(=O)c3cccnc23 ,1,-189.0325469970703
CCN2c1nc(N(C)(CCO))ccc1NC(=O)c3cccnc23 ,2,-188.9758758544922
CCN2c1nc(N(C)(CCO))ccc1NC(=O)c3cccnc23 ,3,-188.8362274169922
CCN2c1nc(N(C)(CCO))ccc1NC(=O)c3cccnc23 ,4,-188.9009246826172
CCCC(C)(C)O,1,-81.00062561035156
CCCC(C)(C)O,2,-81.00106048583984
CCCC(C)(C)O,3,-80.99578857421875
CCCC(C)(C)O,4,-81.03584289550781
Nc1nc(=O)[nH]cc1F,1,-58.9903450012207
Nc1nc(=O)[nH]cc1F,2,-59.06858444213867
Nc1nc(=O)[nH]cc1F,3,-59.0033073425293
Nc1nc(=O)[nH]cc1F,4,-59.1179084777832
CCCCOc1ccc(C(=O)OCC)c(c1)N(CC)CC ,1,-203.287841796875
CCCCOc1ccc(C(=O)OCC)c(c1)N(CC)CC ,2,-203.22137451171875
CCCCOc1ccc(C(=O)OCC)c(c1)N(CC)CC ,3,-203.69033813476562
CCCCOc1ccc(C(=O)OCC)c(c1)N(CC)CC ,4,-203.31239318847656
CCCCCC(C)(C)O,1,-105.05299377441406
CCCCCC(C)(C)O,2,-105.33702850341797
CCCCCC(C)(C)O,3,-105.06680297851562
CCCCCC(C)(C)O,4,-105.11713409423828
Cc1c(C)c(C)c(C)c(C)c1C,1,-128.41455078125
Cc1c(C)c(C)c(C)c(C)c1C,2,-128.41668701171875
Cc1c(C)c(C)c(C)c(C)c1C,3,-128.62106323242188
Cc1c(C)c(C)c(C)c(C)c1C,4,-128.36843872070312
CC(C)c1ccc(C)cc1O,1,-109.05357360839844
CC(C)c1ccc(C)cc1O,2,-109.03731536865234
CC(C)c1ccc(C)cc1O,3,-109.07382202148438
CC(C)c1ccc(C)cc1O,4,-109.01756286621094
c2cnc1ncncc1n2,1,-68.85794830322266
c2cnc1ncncc1n2,2,-68.69396209716797
c2cnc1ncncc1n2,3,-68.85892486572266
c2cnc1ncncc1n2,4,-68.61720275878906
C,1,-17.184864044189453
C,2,-17.186845779418945
C,3,-17.199296951293945
C,4,-17.20410919189453
c2ccc1NCCc1c2 ,1,-82.00248718261719
c2ccc1NCCc1c2 ,2,-82.02120208740234
c2ccc1NCCc1c2 ,3,-81.91761016845703
c2ccc1NCCc1c2 ,4,-82.07353210449219
O=N(=O)c1cccc2ccccc12,1,-97.18042755126953
O=N(=O)c1cccc2ccccc12,2,-97.28823852539062
O=N(=O)c1cccc2ccccc12,3,-97.34835815429688
O=N(=O)c1cccc2ccccc12,4,-97.16824340820312
CCC(C)C(=O)C,1,-75.99078369140625
CCC(C)C(=O)C,2,-76.02393341064453
CCC(C)C(=O)C,3,-76.1969223022461
CCC(C)C(=O)C,4,-76.13477325439453
Nc1nc(O)nc2nc[nH]c12 ,1,-74.11882019042969
Nc1nc(O)nc2nc[nH]c12 ,2,-74.19174194335938
Nc1nc(O)nc2nc[nH]c12 ,3,-74.09396362304688
Nc1nc(O)nc2nc[nH]c12 ,4,-74.17494201660156
CN(=O)=O,1,-24.947843551635742
CN(=O)=O,2,-25.007699966430664
CN(=O)=O,3,-24.983558654785156
CN(=O)=O,4,-24.995750427246094
C=CCCC=C,1,-65.50901794433594
C=CCCC=C,2,-65.8309097290039
C=CCCC=C,3,-65.29064178466797
C=CCCC=C,4,-65.47402954101562
c2ccc1[nH]ccc1c2,1,-76.97911071777344
c2ccc1[nH]ccc1c2,2,-76.94023895263672
c2ccc1[nH]ccc1c2,3,-77.18115997314453
c2ccc1[nH]ccc1c2,4,-77.08306121826172
CC34CCC1C(CCC2=CC(=O)CCC12C)C3CCC4=O,1,-205.23655700683594
CC34CCC1C(CCC2=CC(=O)CCC12C)C3CCC4=O,2,-205.0479278564453
CC34CCC1C(CCC2=CC(=O)CCC12C)C3CCC4=O,3,-204.8448028564453
CC34CCC1C(CCC2=CC(=O)CCC12C)C3CCC4=O,4,-204.87733459472656
CCCCC=C,1,-71.3315200805664
CCCCC=C,2,-71.33038330078125
CCCCC=C,3,-71.38802337646484
CCCCC=C,4,-71.16307830810547
CCC1CCCCC1,1,-96.02180480957031
CCC1CCCCC1,2,-96.24647521972656
CCC1CCCCC1,3,-96.46212768554688
CCC1CCCCC1,4,-96.21647644042969
CCCCCCCC(=O)C,1,-112.29532623291016
CCCCCCCC(=O)C,2,-112.34578704833984
CCCCCCCC(=O)C,3,-112.39506530761719
CCCCCCCC(=O)C,4,-112.35123443603516
COC(=O)Nc2nc1ccc(cc1[nH]2)C(=O)c3ccccc3,1,-170.47271728515625
COC(=O)Nc2nc1ccc(cc1[nH]2)C(=O)c3ccccc3,2,-170.20689392089844
COC(=O)Nc2nc1ccc(cc1[nH]2)C(=O)c3ccccc3,3,-170.25918579101562
COC(=O)Nc2nc1ccc(cc1[nH]2)C(=O)c3ccccc3,4,-170.1930389404297
CNC(=O)Oc1cccc2ccccc12,1,-124.2508544921875
CNC(=O)Oc1cccc2ccccc12,2,-124.00212860107422
CNC(=O)Oc1cccc2ccccc12,3,-123.95306396484375
CNC(=O)Oc1cccc2ccccc12,4,-124.01319122314453
C#C,1,-16.606433868408203
C#C,2,-16.550992965698242
C#C,3,-16.53099822998047
C#C,4,-16.566312789916992
Cc1cncc(C)c1,1,-75.52440643310547
Cc1cncc(C)c1,2,-75.59580993652344
Cc1cncc(C)c1,3,-75.63969421386719
Cc1cncc(C)c1,4,-75.60889434814453
C1C=CCC=C1,1,-60.329044342041016
C1C=CCC=C1,2,-60.576133728027344
C1C=CCC=C1,3,-60.65651321411133
C1C=CCC=C1,4,-60.60586929321289
CC(O)c1ccccc1,1,-84.52274322509766
CC(O)c1ccccc1,2,-84.59481048583984
CC(O)c1ccccc1,3,-84.73558807373047
CC(O)c1ccccc1,4,-84.61810302734375
CCCC=C(CC)C=O,1,-94.57229614257812
CCCC=C(CC)C=O,2,-94.48906707763672
CCCC=C(CC)C=O,3,-94.54627227783203
CCCC=C(CC)C=O,4,-94.6482162475586
CC(=O)OC3(C)CCC4C2CCC1=CC(=O)CCC1(C)C2CCC34C ,1,-245.30636596679688
CC(=O)OC3(C)CCC4C2CCC1=CC(=O)CCC1(C)C2CCC34C ,2,-245.5812225341797
CC(=O)OC3(C)CCC4C2CCC1=CC(=O)CCC1(C)C2CCC34C ,3,-245.40882873535156
CC(=O)OC3(C)CCC4C2CCC1=CC(=O)CCC1(C)C2CCC34C ,4,-245.66493225097656
c1(C(=O)OCCCCCC(C)(C))c(C(=O)OCCCCCC(C)(C))cccc1,1,-280.3985900878906
c1(C(=O)OCCCCCC(C)(C))c(C(=O)OCCCCCC(C)(C))cccc1,2,-280.1502990722656
c1(C(=O)OCCCCCC(C)(C))c(C(=O)OCCCCCC(C)(C))cccc1,3,-280.6059265136719
c1(C(=O)OCCCCCC(C)(C))c(C(=O)OCCCCCC(C)(C))cccc1,4,-280.2210388183594
CC12CC(O)C3C(CCC4=CC(=O)CCC34C)C2CCC1C(=O)CO,1,-236.98878479003906
CC12CC(O)C3C(CCC4=CC(=O)CCC34C)C2CCC1C(=O)CO,2,-237.0164031982422
CC12CC(O)C3C(CCC4=CC(=O)CCC34C)C2CCC1C(=O)CO,3,-236.90354919433594
CC12CC(O)C3C(CCC4=CC(=O)CCC34C)C2CCC1C(=O)CO,4,-236.6841583251953
Cc1cc(C)cc(C)c1,1,-92.82926177978516
Cc1cc(C)cc(C)c1,2,-92.86699676513672
Cc1cc(C)cc(C)c1,3,-92.81484985351562
Cc1cc(C)cc(C)c1,4,-92.9216079711914
CCCCCCCCOC(=O)c1ccccc1C(=O)OCCCCCCCC ,1,-280.56658935546875
CCCCCCCCOC(=O)c1ccccc1C(=O)OCCCCCCCC ,2,-280.4563903808594
CCCCCCCCOC(=O)c1ccccc1C(=O)OCCCCCCCC ,3,-280.775390625
CCCCCCCCOC(=O)c1ccccc1C(=O)OCCCCCCCC ,4,-280.23663330078125
CCCCCCCCCCCCCCCO,1,-189.4099884033203
CCCCCCCCCCCCCCCO,2,-189.33460998535156
CCCCCCCCCCCCCCCO,3,-189.21548461914062
CCCCCCCCCCCCCCCO,4,-189.50677490234375
O=C1NC(=O)NC(=O)C1(C)C,1,-85.88676452636719
O=C1NC(=O)NC(=O)C1(C)C,2,-85.67835235595703
O=C1NC(=O)NC(=O)C1(C)C,3,-85.9176025390625
O=C1NC(=O)NC(=O)C1(C)C,4,-85.74491882324219
O=N(=O)c1ccccc1N(=O)=O,1,-72.73243713378906
O=N(=O)c1ccccc1N(=O)=O,2,-72.9156723022461
O=N(=O)c1ccccc1N(=O)=O,3,-72.93701934814453
O=N(=O)c1ccccc1N(=O)=O,4,-72.77005767822266
CC(C)C(=O)C,1,-64.12675476074219
CC(C)C(=O)C,2,-64.28524780273438
CC(C)C(=O)C,3,-64.278564453125
CC(C)C(=O)C,4,-64.37650299072266
CCCCCCCCCCCCCCCC,1,-197.42755126953125
CCCCCCCCCCCCCCCC,2,-197.17494201660156
CCCCCCCCCCCCCCCC,3,-197.54849243164062
CCCCCCCCCCCCCCCC,4,-197.2645263671875
CC12CCC(CC1)C(C)(C)O2,1,-118.97437286376953
CC12CCC(CC1)C(C)(C)O2,2,-119.03164672851562
CC12CCC(CC1)C(C)(C)O2,3,-119.05419921875
CC12CCC(CC1)C(C)(C)O2,4,-119.12797546386719
CCCCCCC(=O)C,1,-100.44478607177734
CCCCCCC(=O)C,2,-100.26004791259766
CCCCCCC(=O)C,3,-100.231689453125
CCCCCCC(=O)C,4,-100.59603881835938
CCCCCCCCC(=O)OC,1,-128.81459045410156
CCCCCCCCC(=O)OC,2,-128.8645782470703
CCCCCCCCC(=O)OC,3,-128.81443786621094
CCCCCCCCC(=O)OC,4,-128.83702087402344
Fc1ccc(F)cc1,1,-57.921546936035156
Fc1ccc(F)cc1,2,-57.95801544189453
Fc1ccc(F)cc1,3,-57.86860656738281
Fc1ccc(F)cc1,4,-57.9643669128418
O=C1N(C2CCC(=O)NC2=O)C(=O)c3ccccc13,1,-143.3352813720703
O=C1N(C2CCC(=O)NC2=O)C(=O)c3ccccc13,2,-143.1636199951172
O=C1N(C2CCC(=O)NC2=O)C(=O)c3ccccc13,3,-143.33297729492188
O=C1N(C2CCC(=O)NC2=O)C(=O)c3ccccc13,4,-143.3888702392578
CCCN(CCC)c1c(cc(cc1N(=O)=O)C(F)(F)F)N(=O)=O,1,-166.3937225341797
CCCN(CCC)c1c(cc(cc1N(=O)=O)C(F)(F)F)N(=O)=O,2,-166.48382568359375
CCCN(CCC)c1c(cc(cc1N(=O)=O)C(F)(F)F)N(=O)=O,3,-166.45281982421875
CCCN(CCC)c1c(cc(cc1N(=O)=O)C(F)(F)F)N(=O)=O,4,-166.60372924804688
CCO,1,-33.09044647216797
CCO,2,-33.07783889770508
CCO,3,-33.11305236816406
CCO,4,-33.03192901611328
O=C2NC(=O)C1(CCCC1)C(=O)N2,1,-104.55852508544922
O=C2NC(=O)C1(CCCC1)C(=O)N2,2,-104.55998229980469
O=C2NC(=O)C1(CCCC1)C(=O)N2,3,-104.50980377197266
O=C2NC(=O)C1(CCCC1)C(=O)N2,4,-104.54222106933594
c1c(NC(=O)OC(C)C(=O)NCC)cccc1,1,-146.31150817871094
c1c(NC(=O)OC(C)C(=O)NCC)cccc1,2,-146.345458984375
c1c(NC(=O)OC(C)C(=O)NCC)cccc1,3,-146.27647399902344
c1c(NC(=O)OC(C)C(=O)NCC)cccc1,4,-146.4816131591797
CC(C)=CC3C(C(=O)OCc2cccc(Oc1ccccc1)c2)C3(C)C ,1,-236.54002380371094
CC(C)=CC3C(C(=O)OCc2cccc(Oc1ccccc1)c2)C3(C)C ,2,-236.57009887695312
CC(C)=CC3C(C(=O)OCc2cccc(Oc1ccccc1)c2)C3(C)C ,3,-236.43028259277344
CC(C)=CC3C(C(=O)OCc2cccc(Oc1ccccc1)c2)C3(C)C ,4,-236.20489501953125
CN(C)C(=O)NC1CCCCCCC1,1,-145.26365661621094
CN(C)C(=O)NC1CCCCCCC1,2,-145.02293395996094
CN(C)C(=O)NC1CCCCCCC1,3,-145.31442260742188
CN(C)C(=O)NC1CCCCCCC1,4,-144.98011779785156
CCCCNC(=O)n1c(NC(=O)OC)nc2ccccc12,1,-173.65713500976562
CCCCNC(=O)n1c(NC(=O)OC)nc2ccccc12,2,-173.91786193847656
CCCCNC(=O)n1c(NC(=O)OC)nc2ccccc12,3,-173.89071655273438
CCCCNC(=O)n1c(NC(=O)OC)nc2ccccc12,4,-173.99314880371094
CN(C)c2c(C)n(C)n(c1ccccc1)c2=O ,1,-149.7197265625
CN(C)c2c(C)n(C)n(c1ccccc1)c2=O ,2,-149.74441528320312
CN(C)c2c(C)n(C)n(c1ccccc1)c2=O ,3,-149.79771423339844
CN(C)c2c(C)n(C)n(c1ccccc1)c2=O ,4,-149.55043029785156
CCC(O)CC,1,-68.98043823242188
CCC(O)CC,2,-69.08357238769531
CCC(O)CC,3,-69.09021759033203
CCC(O)CC,4,-69.09681701660156
Cc1ccc(cc1)N(=O)=O,1,-76.935302734375
Cc1ccc(cc1)N(=O)=O,2,-76.85222625732422
Cc1ccc(cc1)N(=O)=O,3,-76.71041107177734
Cc1ccc(cc1)N(=O)=O,4,-76.8531494140625
CC(C)CCCO,1,-80.88958740234375
CC(C)CCCO,2,-81.03150177001953
CC(C)CCCO,3,-80.96569061279297
CC(C)CCCO,4,-80.86732482910156
CC34CCC1C(CCC2=CC(=O)CCC12O)C3CCC4(O)C#C,1,-213.99266052246094
CC34CCC1C(CCC2=CC(=O)CCC12O)C3CCC4(O)C#C,2,-213.89476013183594
CC34CCC1C(CCC2=CC(=O)CCC12O)C3CCC4(O)C#C,3,-213.904541015625
CC34CCC1C(CCC2=CC(=O)CCC12O)C3CCC4(O)C#C,4,-213.871826171875
CCC(C)(C)O,1,-69.1080093383789
CCC(C)(C)O,2,-69.11858367919922
CCC(C)(C)O,3,-69.15446472167969
CCC(C)(C)O,4,-69.1943130493164
Cc1ccc(O)cc1,1,-72.93016052246094
Cc1ccc(O)cc1,2,-72.9583740234375
Cc1ccc(O)cc1,3,-72.82315063476562
Cc1ccc(O)cc1,4,-72.84202575683594
CCOC=O,1,-44.54135513305664
CCOC=O,2,-44.55317306518555
CCOC=O,3,-44.57652282714844
CCOC=O,4,-44.59867858886719
CN(C)c1ccccc1,1,-87.08869934082031
CN(C)c1ccccc1,2,-87.06519317626953
CN(C)c1ccccc1,3,-87.10309600830078
CN(C)c1ccccc1,4,-87.20174407958984
C1CCC2CCCCC2C1,1,-115.59903717041016
C1CCC2CCCCC2C1,2,-115.24811553955078
C1CCC2CCCCC2C1,3,-115.40277099609375
C1CCC2CCCCC2C1,4,-115.48680877685547
c1ccc2c(c1)c3cccc4ccc5cccc2c5c43,1,-167.171875
c1ccc2c(c1)c3cccc4ccc5cccc2c5c43,2,-166.83734130859375
c1ccc2c(c1)c3cccc4ccc5cccc2c5c43,3,-166.96832275390625
c1ccc2c(c1)c3cccc4ccc5cccc2c5c43,4,-166.98023986816406
CCC(=O)CC,1,-64.27789306640625
CCC(=O)CC,2,-64.2899398803711
CCC(=O)CC,3,-64.35276794433594
CCC(=O)CC,4,-64.20155334472656
C=CC#N,1,-32.105770111083984
C=CC#N,2,-32.03153991699219
C=CC#N,3,-32.0964469909668
C=CC#N,4,-32.02132797241211
CC1CC2C3CC(F)C4=CC(=O)C=CC4(C)C3(F)C(O)CC2(C)C1(O)C(=O)CO,1,-250.04478454589844
CC1CC2C3CC(F)C4=CC(=O)C=CC4(C)C3(F)C(O)CC2(C)C1(O)C(=O)CO,2,-249.71510314941406
CC1CC2C3CC(F)C4=CC(=O)C=CC4(C)C3(F)C(O)CC2(C)C1(O)C(=O)CO,3,-249.87437438964844
CC1CC2C3CC(F)C4=CC(=O)C=CC4(C)C3(F)C(O)CC2(C)C1(O)C(=O)CO,4,-250.17236328125
CCCCC(=O)C,1,-76.31494140625
CCCCC(=O)C,2,-76.3034896850586
CCCCC(=O)C,3,-76.4039077758789
CCCCC(=O)C,4,-76.39703369140625
CCNc1nc(NC(C)(C)C)nc(OC)n1,1,-144.38381958007812
CCNc1nc(NC(C)(C)C)nc(OC)n1,2,-144.28538513183594
CCNc1nc(NC(C)(C)C)nc(OC)n1,3,-144.30136108398438
CCNc1nc(NC(C)(C)C)nc(OC)n1,4,-143.94444274902344
CCCCC(C)CC,1,-100.9193344116211
CCCCC(C)CC,2,-100.99353790283203
CCCCC(C)CC,3,-100.85499572753906
CCCCC(C)CC,4,-100.9793930053711
CNC(=O)Oc1ccccc1C(C)C,1,-127.39490509033203
CNC(=O)Oc1ccccc1C(C)C,2,-127.41203308105469
CNC(=O)Oc1ccccc1C(C)C,3,-127.47759246826172
CNC(=O)Oc1ccccc1C(C)C,4,-127.46745300292969
C1c2ccccc2c3ccc4ccccc4c13,1,-146.86517333984375
C1c2ccccc2c3ccc4ccccc4c13,2,-147.01766967773438
C1c2ccccc2c3ccc4ccccc4c13,3,-147.03201293945312
C1c2ccccc2c3ccc4ccccc4c13,4,-147.43907165527344
COC(=O)C=C,1,-51.09857940673828
COC(=O)C=C,2,-51.154056549072266
COC(=O)C=C,3,-51.32394027709961
COC(=O)C=C,4,-51.32892608642578
N(=Nc1ccccc1)c2ccccc2,1,-116.12335968017578
N(=Nc1ccccc1)c2ccccc2,2,-115.89830780029297
N(=Nc1ccccc1)c2ccccc2,3,-115.98735046386719
N(=Nc1ccccc1)c2ccccc2,4,-115.56400299072266
CC(C)c1ccc(C)cc1,1,-104.66168212890625
CC(C)c1ccc(C)cc1,2,-104.61736297607422
CC(C)c1ccc(C)cc1,3,-104.64778900146484
CC(C)c1ccc(C)cc1,4,-104.49532318115234
OCC2OC(OC1(CO)OC(CO)C(O)C1O)C(O)C(O)C2O ,1,-182.62075805664062
OCC2OC(OC1(CO)OC(CO)C(O)C1O)C(O)C(O)C2O ,2,-183.01504516601562
OCC2OC(OC1(CO)OC(CO)C(O)C1O)C(O)C(O)C2O ,3,-182.7218475341797
OCC2OC(OC1(CO)OC(CO)C(O)C1O)C(O)C(O)C2O ,4,-182.87936401367188
OC1C(O)C(O)C(O)C(O)C1O,1,-95.85533905029297
OC1C(O)C(O)C(O)C(O)C1O,2,-95.9610824584961
OC1C(O)C(O)C(O)C(O)C1O,3,-96.03073120117188
OC1C(O)C(O)C(O)C(O)C1O,4,-95.95160675048828
Cn2c(=O)n(C)c1ncn(CC(O)CO)c1c2=O,1,-139.7998504638672
Cn2c(=O)n(C)c1ncn(CC(O)CO)c1c2=O,2,-139.63717651367188
Cn2c(=O)n(C)c1ncn(CC(O)CO)c1c2=O,3,-139.71221923828125
Cn2c(=O)n(C)c1ncn(CC(O)CO)c1c2=O,4,-139.81736755371094
CCC(O)(CC)CC,1,-92.87931060791016
CCC(O)(CC)CC,2,-92.95658111572266
CCC(O)(CC)CC,3,-92.8812255859375
CCC(O)(CC)CC,4,-92.87905883789062
C2c1ccccc1N(CCF)C(=O)c3ccccc23 ,1,-158.01571655273438
C2c1ccccc1N(CCF)C(=O)c3ccccc23 ,2,-158.3365020751953
C2c1ccccc1N(CCF)C(=O)c3ccccc23 ,3,-158.2256317138672
C2c1ccccc1N(CCF)C(=O)c3ccccc23 ,4,-158.19580078125
CC(C)C(=O)C(C)C,1,-87.93363952636719
CC(C)C(=O)C(C)C,2,-88.0865707397461
CC(C)C(=O)C(C)C,3,-88.23799896240234
CC(C)C(=O)C(C)C,4,-88.2520751953125
O=C1NC(=O)NC(=O)C1(C(C)C)CC=C(C)C,1,-151.67898559570312
O=C1NC(=O)NC(=O)C1(C(C)C)CC=C(C)C,2,-151.77072143554688
O=C1NC(=O)NC(=O)C1(C(C)C)CC=C(C)C,3,-151.90077209472656
O=C1NC(=O)NC(=O)C1(C(C)C)CC=C(C)C,4,-151.6380157470703
c1c(O)C2C(=O)C3cc(O)ccC3OC2cc1(OC),1,-150.9625701904297
c1c(O)C2C(=O)C3cc(O)ccC3OC2cc1(OC),2,-150.9499053955078
c1c(O)C2C(=O)C3cc(O)ccC3OC2cc1(OC),3,-151.069091796875
c1c(O)C2C(=O)C3cc(O)ccC3OC2cc1(OC),4,-150.9869384765625
Cn1cnc2n(C)c(=O)n(C)c(=O)c12,1,-108.0320816040039
Cn1cnc2n(C)c(=O)n(C)c(=O)c12,2,-108.05581665039062
Cn1cnc2n(C)c(=O)n(C)c(=O)c12,3,-108.05765533447266
Cn1cnc2n(C)c(=O)n(C)c(=O)c12,4,-108.11730194091797
Cc1ccc(O)cc1C,1,-85.0621566772461
Cc1ccc(O)cc1C,2,-84.99030303955078
Cc1ccc(O)cc1C,3,-85.0654296875
Cc1ccc(O)cc1C,4,-85.06266021728516
O(c1ccccc1)c2ccccc2,1,-112.08165740966797
O(c1ccccc1)c2ccccc2,2,-112.1858901977539
O(c1ccccc1)c2ccccc2,3,-111.94561004638672
O(c1ccccc1)c2ccccc2,4,-112.09673309326172
NC(=O)c1cccnc1 ,1,-70.3582992553711
NC(=O)c1cccnc1 ,2,-70.15324401855469
NC(=O)c1cccnc1 ,3,-70.26473999023438
NC(=O)c1cccnc1 ,4,-70.18450164794922
CNC(=O)Oc1cc(C)cc(C)c1,1,-115.65711975097656
CNC(=O)Oc1cc(C)cc(C)c1,2,-115.772216796875
CNC(=O)Oc1cc(C)cc(C)c1,3,-115.7488784790039
CNC(=O)Oc1cc(C)cc(C)c1,4,-115.76546478271484
NC(=O)c1ccccc1,1,-75.39360809326172
NC(=O)c1ccccc1,2,-75.46755981445312
NC(=O)c1ccccc1,3,-75.41735076904297
NC(=O)c1ccccc1,4,-75.36822509765625
COC(=O)c1ccccc1OC2OC(COC3OCC(O)C(O)C3O)C(O)C(O)C2O,1,-245.9681854248047
COC(=O)c1ccccc1OC2OC(COC3OCC(O)C(O)C3O)C(O)C(O)C2O,2,-246.17791748046875
COC(=O)c1ccccc1OC2OC(COC3OCC(O)C(O)C3O)C(O)C(O)C2O,3,-246.155029296875
COC(=O)c1ccccc1OC2OC(COC3OCC(O)C(O)C3O)C(O)C(O)C2O,4,-246.46446228027344
CCCCC(O)CC,1,-93.11639404296875
CCCCC(O)CC,2,-93.07626342773438
CCCCC(O)CC,3,-93.00757598876953
CCCCC(O)CC,4,-93.27527618408203
CCN2c1nc(C)cc(C)c1NC(=O)c3cccnc23 ,1,-166.36573791503906
CCN2c1nc(C)cc(C)c1NC(=O)c3cccnc23 ,2,-166.17259216308594
CCN2c1nc(C)cc(C)c1NC(=O)c3cccnc23 ,3,-166.5203399658203
CCN2c1nc(C)cc(C)c1NC(=O)c3cccnc23 ,4,-166.63571166992188
Cc1cccc2c1ccc3ccccc32,1,-133.59703063964844
Cc1cccc2c1ccc3ccccc32,2,-133.6373291015625
Cc1cccc2c1ccc3ccccc32,3,-133.5213623046875
Cc1cccc2c1ccc3ccccc32,4,-133.85614013671875
CCCCC(CC)CO,1,-105.0562973022461
CCCCC(CC)CO,2,-104.900146484375
CCCCC(CC)CO,3,-104.87056732177734
CCCCC(CC)CO,4,-104.88105010986328
Cc1ccccc1,1,-68.46101379394531
Cc1ccccc1,2,-68.538330078125
Cc1ccccc1,3,-68.54187774658203
Cc1ccccc1,4,-68.43965148925781
C1CCC=CCC1,1,-78.63308715820312
C1CCC=CCC1,2,-78.611572265625
C1CCC=CCC1,3,-78.673583984375
C1CCC=CCC1,4,-78.3929214477539
CCCCCCCCCCO,1,-129.24435424804688
CCCCCCCCCCO,2,-129.0089111328125
CCCCCCCCCCO,3,-129.05728149414062
CCCCCCCCCCO,4,-129.1828155517578
CCC(C)(C)CC,1,-88.69590759277344
CCC(C)(C)CC,2,-88.61878967285156
CCC(C)(C)CC,3,-88.55736541748047
CCC(C)(C)CC,4,-88.49813842773438
CCCC=O,1,-51.900360107421875
CCCC=O,2,-51.85990905761719
CCCC=O,3,-51.909976959228516
CCCC=O,4,-51.966209411621094
CC4CC3C2CCC1=CC(=O)C=CC1(C)C2(F)C(O)CC3(C)C4(O)C(=O)COC(C)=O ,1,-272.23931884765625
CC4CC3C2CCC1=CC(=O)C=CC1(C)C2(F)C(O)CC3(C)C4(O)C(=O)COC(C)=O ,2,-272.3627014160156
CC4CC3C2CCC1=CC(=O)C=CC1(C)C2(F)C(O)CC3(C)C4(O)C(=O)COC(C)=O ,3,-272.6149597167969
CC4CC3C2CCC1=CC(=O)C=CC1(C)C2(F)C(O)CC3(C)C4(O)C(=O)COC(C)=O ,4,-272.31097412109375
CCCC,1,-53.11023712158203
CCCC,2,-53.02994155883789
CCCC,3,-53.081031799316406
CCCC,4,-53.20043182373047
COc1ccccc1O,1,-76.83164978027344
COc1ccccc1O,2,-76.87294006347656
COc1ccccc1O,3,-76.71646118164062
COc1ccccc1O,4,-76.9339599609375
CC1CC2C3CCC(O)(C(=O)C)C3(C)CC(O)C2(F)C4(C)C=CC(=O)C=C14,1,-245.0839080810547
CC1CC2C3CCC(O)(C(=O)C)C3(C)CC(O)C2(F)C4(C)C=CC(=O)C=C14,2,-244.91275024414062
CC1CC2C3CCC(O)(C(=O)C)C3(C)CC(O)C2(F)C4(C)C=CC(=O)C=C14,3,-244.8793487548828
CC1CC2C3CCC(O)(C(=O)C)C3(C)CC(O)C2(F)C4(C)C=CC(=O)C=C14,4,-245.1542510986328
CCOC(=O)c1ccccc1C(=O)OCC,1,-136.48411560058594
CCOC(=O)c1ccccc1C(=O)OCC,2,-136.4980926513672
CCOC(=O)c1ccccc1C(=O)OCC,3,-136.3698272705078
CCOC(=O)c1ccccc1C(=O)OCC,4,-136.26382446289062
CC(C)CO,1,-57.032684326171875
CC(C)CO,2,-57.07656478881836
CC(C)CO,3,-57.13509750366211
CC(C)CO,4,-57.1190185546875
CC(C)Cc1ccccc1,1,-104.40534973144531
CC(C)Cc1ccccc1,2,-104.51517486572266
CC(C)Cc1ccccc1,3,-104.56752014160156
CC(C)Cc1ccccc1,4,-104.34534454345703
CCCC(O)CCC,1,-93.22586059570312
CCCC(O)CCC,2,-93.23310089111328
CCCC(O)CCC,3,-93.15248107910156
CCCC(O)CCC,4,-93.10503387451172
CCCCCOC(=O)C,1,-92.97245025634766
CCCCCOC(=O)C,2,-92.91716003417969
CCCCCOC(=O)C,3,-92.9218521118164
CCCCCOC(=O)C,4,-93.0924301147461
CCCc1ccccc1,1,-92.56510925292969
CCCc1ccccc1,2,-92.50489044189453
CCCc1ccccc1,3,-92.6430892944336
CCCc1ccccc1,4,-92.4842758178711
CC=CC=O,1,-46.1796760559082
CC=CC=O,2,-46.24993133544922
CC=CC=O,3,-46.23752975463867
CC=CC=O,4,-46.40771484375
CN(C)C(=O)N(C)C ,1,-78.33033752441406
CN(C)C(=O)N(C)C ,2,-78.3511734008789
CN(C)C(=O)N(C)C ,3,-78.3439712524414
CN(C)C(=O)N(C)C ,4,-78.26697540283203
Cc1cc(C)c(C)cc1C,1,-104.96775817871094
Cc1cc(C)c(C)cc1C,2,-104.91974639892578
Cc1cc(C)c(C)cc1C,3,-104.8167495727539
Cc1cc(C)c(C)cc1C,4,-104.84913635253906
CC(=O)OC3(CCC4C2CCC1=CC(=O)CCC1C2CCC34C)C#C,1,-233.43386840820312
CC(=O)OC3(CCC4C2CCC1=CC(=O)CCC1C2CCC34C)C#C,2,-233.75592041015625
CC(=O)OC3(CCC4C2CCC1=CC(=O)CCC1C2CCC34C)C#C,3,-233.41815185546875
CC(=O)OC3(CCC4C2CCC1=CC(=O)CCC1C2CCC34C)C#C,4,-233.50506591796875
c1ccccc1NC(=O)c2c(O)cccc2,1,-131.231201171875
c1ccccc1NC(=O)c2c(O)cccc2,2,-131.04747009277344
c1ccccc1NC(=O)c2c(O)cccc2,3,-131.0017547607422
c1ccccc1NC(=O)c2c(O)cccc2,4,-131.11181640625
O=C(C=CC=Cc2ccc1OCOc1c2)N3CCCCC3,1,-182.32872009277344
O=C(C=CC=Cc2ccc1OCOc1c2)N3CCCCC3,2,-182.43997192382812
O=C(C=CC=Cc2ccc1OCOc1c2)N3CCCCC3,3,-182.44921875
O=C(C=CC=Cc2ccc1OCOc1c2)N3CCCCC3,4,-182.2460479736328
CC/C=C\C,1,-59.06608581542969
CC/C=C\C,2,-59.34492111206055
CC/C=C\C,3,-59.13705825805664
CC/C=C\C,4,-59.04090118408203
O=C2NC(=O)C1(CCCCCCC1)C(=O)N2,1,-139.24732971191406
O=C2NC(=O)C1(CCCCCCC1)C(=O)N2,2,-139.88516235351562
O=C2NC(=O)C1(CCCCCCC1)C(=O)N2,3,-139.84210205078125
O=C2NC(=O)C1(CCCCCCC1)C(=O)N2,4,-140.16236877441406
c1(C(C)(C)C)cc(C(C)(C)C)cc(OC(=O)NC)c1,1,-187.6250457763672
c1(C(C)(C)C)cc(C(C)(C)C)cc(OC(=O)NC)c1,2,-187.46974182128906
c1(C(C)(C)C)cc(C(C)(C)C)cc(OC(=O)NC)c1,3,-187.50433349609375
c1(C(C)(C)C)cc(C(C)(C)C)cc(OC(=O)NC)c1,4,-187.48390197753906
Oc2cc(O)c1C(=O)CC(Oc1c2)c3ccc(O)c(O)c3,1,-159.02932739257812
Oc2cc(O)c1C(=O)CC(Oc1c2)c3ccc(O)c(O)c3,2,-159.4465789794922
Oc2cc(O)c1C(=O)CC(Oc1c2)c3ccc(O)c(O)c3,3,-159.4340362548828
Oc2cc(O)c1C(=O)CC(Oc1c2)c3ccc(O)c(O)c3,4,-159.61581420898438
O=C(c1ccccc1)c2ccccc2,1,-119.58618927001953
O=C(c1ccccc1)c2ccccc2,2,-119.53382110595703
O=C(c1ccccc1)c2ccccc2,3,-119.61426544189453
O=C(c1ccccc1)c2ccccc2,4,-119.68608856201172
CCCCCCCCCCCCCCCCCCCC,1,-245.3859100341797
CCCCCCCCCCCCCCCCCCCC,2,-245.34902954101562
CCCCCCCCCCCCCCCCCCCC,3,-245.08926391601562
CCCCCCCCCCCCCCCCCCCC,4,-245.6002960205078
N(Nc1ccccc1)c2ccccc2 ,1,-121.2584228515625
N(Nc1ccccc1)c2ccccc2 ,2,-121.36746978759766
N(Nc1ccccc1)c2ccccc2 ,3,-121.50828552246094
N(Nc1ccccc1)c2ccccc2 ,4,-121.25993347167969
CCC(CC)CO,1,-80.96842193603516
CCC(CC)CO,2,-80.80899810791016
CCC(CC)CO,3,-80.90599822998047
CCC(CC)CO,4,-81.07351684570312
Oc1ccncc1,1,-55.67221450805664
Oc1ccncc1,2,-55.62028884887695
Oc1ccncc1,3,-55.66009521484375
Oc1ccncc1,4,-55.657745361328125
CC1CCCC1,1,-72.05375671386719
CC1CCCC1,2,-72.17070770263672
CC1CCCC1,3,-72.17352294921875
CC1CCCC1,4,-72.14436340332031
CC(C)CC(C)O,1,-80.9474868774414
CC(C)CC(C)O,2,-81.04071807861328
CC(C)CC(C)O,3,-81.06114196777344
CC(C)CC(C)O,4,-81.08709716796875
O2c1ccc(N)cc1N(C)C(=O)c3cc(C)ccc23 ,1,-156.3837127685547
O2c1ccc(N)cc1N(C)C(=O)c3cc(C)ccc23 ,2,-156.51580810546875
O2c1ccc(N)cc1N(C)C(=O)c3cc(C)ccc23 ,3,-156.52896118164062
O2c1ccc(N)cc1N(C)C(=O)c3cc(C)ccc23 ,4,-156.6371307373047
CC(C)(C)CO,1,-68.91889953613281
CC(C)(C)CO,2,-68.94425964355469
CC(C)(C)CO,3,-68.94648742675781
CC(C)(C)CO,4,-68.95118713378906
Cc1cc(no1)C(=O)NNCc2ccccc2,1,-136.01329040527344
Cc1cc(no1)C(=O)NNCc2ccccc2,2,-136.12689208984375
Cc1cc(no1)C(=O)NNCc2ccccc2,3,-136.0759735107422
Cc1cc(no1)C(=O)NNCc2ccccc2,4,-136.1151885986328
CC=C,1,-35.35675811767578
CC=C,2,-35.53934097290039
CC=C,3,-35.38612747192383
CC=C,4,-35.28872299194336
CCOC(=O)Nc2cccc(OC(=O)Nc1ccccc1)c2 ,1,-178.3416748046875
CCOC(=O)Nc2cccc(OC(=O)Nc1ccccc1)c2 ,2,-178.4808807373047
CCOC(=O)Nc2cccc(OC(=O)Nc1ccccc1)c2 ,3,-178.48191833496094
CCOC(=O)Nc2cccc(OC(=O)Nc1ccccc1)c2 ,4,-178.14443969726562
O=C1c2ccccc2C(=O)c3ccccc13,1,-125.89376831054688
O=C1c2ccccc2C(=O)c3ccccc13,2,-125.92423248291016
O=C1c2ccccc2C(=O)c3ccccc13,3,-126.03296661376953
O=C1c2ccccc2C(=O)c3ccccc13,4,-125.80623626708984
CCCCCCC(C)O,1,-105.12653350830078
CCCCCCC(C)O,2,-105.23570251464844
CCCCCCC(C)O,3,-105.16310119628906
CCCCCCC(C)O,4,-105.1983871459961
CCCCc1ccccc1,1,-104.36341094970703
CCCCc1ccccc1,2,-104.47710418701172
CCCCc1ccccc1,3,-104.40945434570312
CCCCc1ccccc1,4,-104.47309875488281
O=C1NC(=O)C(=O)N1 ,1,-49.0894889831543
O=C1NC(=O)C(=O)N1 ,2,-49.09584045410156
O=C1NC(=O)C(=O)N1 ,3,-49.09390640258789
O=C1NC(=O)C(=O)N1 ,4,-49.04446029663086
CC(C)COC(=O)C,1,-80.81371307373047
CC(C)COC(=O)C,2,-80.92229461669922
CC(C)COC(=O)C,3,-80.8404312133789
CC(C)COC(=O)C,4,-80.81336975097656
CC(C)C(C)(C)C,1,-88.58263397216797
CC(C)C(C)(C)C,2,-88.65538024902344
CC(C)C(C)(C)C,3,-88.51386260986328
CC(C)C(C)(C)C,4,-88.5810546875
N#Cc1ccccc1C#N,1,-73.5374984741211
N#Cc1ccccc1C#N,2,-73.45939636230469
N#Cc1ccccc1C#N,3,-73.43319702148438
N#Cc1ccccc1C#N,4,-73.4236068725586
Cc1cccc(c1)N(=O)=O,1,-76.77694702148438
Cc1cccc(c1)N(=O)=O,2,-76.94002532958984
Cc1cccc(c1)N(=O)=O,3,-76.8805923461914
Cc1cccc(c1)N(=O)=O,4,-76.8881607055664
CCC(C)C,1,-64.974365234375
CCC(C)C,2,-64.96238708496094
CCC(C)C,3,-65.01719665527344
CCC(C)C,4,-65.0895004272461
