smiles,slot,homo,lumo
OCC3OC(OCC2OC(OC(C#N)c1ccccc1)C(O)C(O)C2O)C(O)C(O)C3O ,1,-7.522256851196289,-0.9111900925636292
OCC3OC(OCC2OC(OC(C#N)c1ccccc1)C(O)C(O)C2O)C(O)C(O)C3O ,2,-7.52183198928833,-0.9111327528953552
OCC3OC(OCC2OC(OC(C#N)c1ccccc1)C(O)C(O)C2O)C(O)C(O)C3O ,3,-7.520892143249512,-0.91100013256073
OCC3OC(OCC2OC(OC(C#N)c1ccccc1)C(O)C(O)C2O)C(O)C(O)C3O ,4,-7.5195488929748535,-0.9109045267105103
Cc1occc1C(=O)Nc2ccccc2,1,-7.762480735778809,-0.9409245848655701
Cc1occc1C(=O)Nc2ccccc2,2,-7.762476444244385,-0.940927267074585
Cc1occc1C(=O)Nc2ccccc2,3,-7.763782024383545,-0.941093385219574
Cc1occc1C(=O)Nc2ccccc2,4,-7.763401508331299,-0.9410357475280762
CC(C)=CCCC(C)=CC(=O),1,-7.380683898925781,-0.8729215860366821
CC(C)=CCCC(C)=CC(=O),2,-7.3802809715271,-0.8728383779525757
CC(C)=CCCC(C)=CC(=O),3,-7.3791913986206055,-0.8727322220802307
CC(C)=CCCC(C)=CC(=O),4,-7.379749298095703,-0.8728152513504028
c1ccc2c(c1)ccc3c2ccc4c5ccccc5ccc43,1,-7.339457035064697,-0.8879265189170837
c1ccc2c(c1)ccc3c2ccc4c5ccccc5ccc43,2,-7.3415350914001465,-0.8882251381874084
c1ccc2c(c1)ccc3c2ccc4c5ccccc5ccc43,3,-7.341488361358643,-0.8882011771202087
c1ccc2c(c1)ccc3c2ccc4c5ccccc5ccc43,4,-7.339913368225098,-0.8879938721656799
CC12CCC3C(CCc4cc(O)ccc34)C2CCC1O,1,-7.372159957885742,-0.8788263201713562
CC12CCC3C(CCc4cc(O)ccc34)C2CCC1O,2,-7.372578144073486,-0.8789117932319641
CC12CCC3C(CCc4cc(O)ccc34)C2CCC1O,3,-7.372272491455078,-0.878860592842102
CC12CCC3C(CCc4cc(O)ccc34)C2CCC1O,4,-7.370623588562012,-0.8786908388137817
COc5cc4OCC3Oc2c1CC(Oc1ccc2C(=O)C3c4cc5OC)C(C)=C ,1,-7.491014003753662,-0.9062634706497192
COc5cc4OCC3Oc2c1CC(Oc1ccc2C(=O)C3c4cc5OC)C(C)=C ,2,-7.490969657897949,-0.9063325524330139
COc5cc4OCC3Oc2c1CC(Oc1ccc2C(=O)C3c4cc5OC)C(C)=C ,3,-7.490630626678467,-0.9062603712081909
COc5cc4OCC3Oc2c1CC(Oc1ccc2C(=O)C3c4cc5OC)C(C)=C ,4,-7.490915775299072,-0.9062981605529785
O=C1CCCN1,1,-7.9142961502075195,-0.9485065340995789
O=C1CCCN1,2,-7.915367603302002,-0.9486497044563293
O=C1CCCN1,3,-7.915104866027832,-0.9486215710639954
O=C1CCCN1,4,-7.914153099060059,-0.9484981894493103
CCCC=C,1,-7.406245708465576,-0.8667417168617249
CCCC=C,2,-7.404360294342041,-0.8665560483932495
CCCC=C,3,-7.403356552124023,-0.8664646148681641
CCCC=C,4,-7.403304100036621,-0.866457462310791
CCC1(C(=O)NCNC1=O)c2ccccc2,1,-7.8815226554870605,-0.9504122734069824
CCC1(C(=O)NCNC1=O)c2ccccc2,2,-7.879566669464111,-0.9502169489860535
CCC1(C(=O)NCNC1=O)c2ccccc2,3,-7.879398822784424,-0.9501985907554626
CCC1(C(=O)NCNC1=O)c2ccccc2,4,-7.880701541900635,-0.9503633379936218
CCCCCCCCCCCCCC,1,-7.410114288330078,-0.8661190271377563
CCCCCCCCCCCCCC,2,-7.411255836486816,-0.8661581873893738
CCCCCCCCCCCCCC,3,-7.409865856170654,-0.8660509586334229
CCCCCCCCCCCCCC,4,-7.409031391143799,-0.8659192323684692
CCC(C)CO,1,-7.312572002410889,-0.8570574522018433
CCC(C)CO,2,-7.310470104217529,-0.8569381237030029
CCC(C)CO,3,-7.311705589294434,-0.8570647835731506
CCC(C)CO,4,-7.312755107879639,-0.8571635484695435
N#Cc1ccccc1,1,-7.928739547729492,-0.9634608626365662
N#Cc1ccccc1,2,-7.929527759552002,-0.9635592103004456
N#Cc1ccccc1,3,-7.9297356605529785,-0.9635993838310242
N#Cc1ccccc1,4,-7.929417133331299,-0.9635562300682068
CCCCCCCCCC(C)O,1,-7.3534979820251465,-0.8622779250144958
CCCCCCCCCC(C)O,2,-7.354196071624756,-0.8623076677322388
CCCCCCCCCC(C)O,3,-7.353343963623047,-0.86224764585495
CCCCCCCCCC(C)O,4,-7.35341739654541,-0.8622542023658752
O=c2[nH]c1CCCc1c(=O)n2C3CCCCC3,1,-7.820466041564941,-0.9385238885879517
O=c2[nH]c1CCCc1c(=O)n2C3CCCCC3,2,-7.82028341293335,-0.938489556312561
O=c2[nH]c1CCCc1c(=O)n2C3CCCCC3,3,-7.821084499359131,-0.9386305809020996
O=c2[nH]c1CCCc1c(=O)n2C3CCCCC3,4,-7.8193583488464355,-0.9384748339653015
CCOc1ccc(NC(=O)C)cc1,1,-7.711306095123291,-0.9260860681533813
CCOc1ccc(NC(=O)C)cc1,2,-7.711482048034668,-0.9261001944541931
CCOc1ccc(NC(=O)C)cc1,3,-7.7121262550354,-0.9261990785598755
CCOc1ccc(NC(=O)C)cc1,4,-7.7115478515625,-0.9261183738708496
CCN(CC)c1c(cc(c(N)c1N(=O)=O)C(F)(F)F)N(=O)=O,1,-8.372832298278809,-1.0079760551452637
CCN(CC)c1c(cc(c(N)c1N(=O)=O)C(F)(F)F)N(=O)=O,2,-8.37228775024414,-1.0078933238983154
CCN(CC)c1c(cc(c(N)c1N(=O)=O)C(F)(F)F)N(=O)=O,3,-8.370471000671387,-1.0076526403427124
CCN(CC)c1c(cc(c(N)c1N(=O)=O)C(F)(F)F)N(=O)=O,4,-8.371355056762695,-1.007778286933899
CCCCCCCO,1,-7.339297294616699,-0.8609115481376648
CCCCCCCO,2,-7.338239669799805,-0.860781729221344
CCCCCCCO,3,-7.337285995483398,-0.8608182072639465
CCCCCCCO,4,-7.3378705978393555,-0.8608741760253906
Cn1c(=O)n(C)c2nc[nH]c2c1=O,1,-8.596327781677246,-1.0479940176010132
Cn1c(=O)n(C)c2nc[nH]c2c1=O,2,-8.596796035766602,-1.048071265220642
Cn1c(=O)n(C)c2nc[nH]c2c1=O,3,-8.59580135345459,-1.0479193925857544
Cn1c(=O)n(C)c2nc[nH]c2c1=O,4,-8.595881462097168,-1.0479222536087036
CCCCC1(CC)C(=O)NC(=O)NC1=O,1,-7.834931373596191,-0.9398632049560547
CCCCC1(CC)C(=O)NC(=O)NC1=O,2,-7.834160327911377,-0.9397269487380981
CCCCC1(CC)C(=O)NC(=O)NC1=O,3,-7.835304260253906,-0.9398558735847473
CCCCC1(CC)C(=O)NC(=O)NC1=O,4,-7.834396839141846,-0.9397622346878052
CCCCCCCC(=O)OC,1,-7.370939254760742,-0.8704379796981812
CCCCCCCC(=O)OC,2,-7.370969772338867,-0.8704060912132263
CCCCCCCC(=O)OC,3,-7.369417190551758,-0.8703129887580872
CCCCCCCC(=O)OC,4,-7.36914587020874,-0.8702922463417053
CCc1ccc(CC)cc1,1,-7.347596645355225,-0.8679497241973877
CCc1ccc(CC)cc1,2,-7.347536087036133,-0.8679543137550354
CCc1ccc(CC)cc1,3,-7.347450256347656,-0.8679365515708923
CCc1ccc(CC)cc1,4,-7.347574710845947,-0.8679584264755249
COC(=O)Nc1cccc(OC(=O)Nc2cccc(C)c2)c1,1,-7.821541786193848,-0.9487617611885071
COC(=O)Nc1cccc(OC(=O)Nc2cccc(C)c2)c1,2,-7.821707248687744,-0.9487967491149902
COC(=O)Nc1cccc(OC(=O)Nc2cccc(C)c2)c1,3,-7.821467876434326,-0.948759138584137
COC(=O)Nc1cccc(OC(=O)Nc2cccc(C)c2)c1,4,-7.821531295776367,-0.9487677812576294
Cc1cccc2c1Cc3ccccc32,1,-7.336225509643555,-0.8796332478523254
Cc1cccc2c1Cc3ccccc32,2,-7.3358893394470215,-0.8795804977416992
Cc1cccc2c1Cc3ccccc32,3,-7.337466716766357,-0.8798176050186157
Cc1cccc2c1Cc3ccccc32,4,-7.3359694480896,-0.8795934319496155
CCCCC=O,1,-7.381491661071777,-0.871547520160675
CCCCC=O,2,-7.3797454833984375,-0.8713032007217407
CCCCC=O,3,-7.381465435028076,-0.871539831161499
CCCCC=O,4,-7.379672050476074,-0.8714001178741455
N(c1ccccc1)c2ccccc2,1,-7.752232551574707,-0.9353291392326355
N(c1ccccc1)c2ccccc2,2,-7.751249313354492,-0.9351937770843506
N(c1ccccc1)c2ccccc2,3,-7.75230598449707,-0.935343861579895
N(c1ccccc1)c2ccccc2,4,-7.752191066741943,-0.935321033000946
OCCCC=C,1,-7.346316337585449,-0.8680189847946167
OCCCC=C,2,-7.346005916595459,-0.8679296970367432
OCCCC=C,3,-7.344751834869385,-0.8679085373878479
OCCCC=C,4,-7.344296455383301,-0.8677757978439331
O=C2NC(=O)C1(CCC1)C(=O)N2,1,-8.095024108886719,-0.9859606623649597
O=C2NC(=O)C1(CCC1)C(=O)N2,2,-8.094256401062012,-0.985845148563385
O=C2NC(=O)C1(CCC1)C(=O)N2,3,-8.093744277954102,-0.985781729221344
O=C2NC(=O)C1(CCC1)C(=O)N2,4,-8.093741416931152,-0.9857869744300842
CC(C)C1CCC(C)CC1O ,1,-7.339938640594482,-0.8629353046417236
CC(C)C1CCC(C)CC1O ,2,-7.3397908210754395,-0.8629472851753235
CC(C)C1CCC(C)CC1O ,3,-7.341391563415527,-0.8630866408348083
CC(C)C1CCC(C)CC1O ,4,-7.340003490447998,-0.8629627227783203
CC(C)OC=O,1,-7.398170471191406,-0.880588710308075
CC(C)OC=O,2,-7.397619247436523,-0.880537211894989
CC(C)OC=O,3,-7.39829683303833,-0.8806326389312744
CC(C)OC=O,4,-7.39723014831543,-0.8804785013198853
CCCCCC(C)O,1,-7.336055278778076,-0.860214352607727
CCCCCC(C)O,2,-7.333906650543213,-0.8599718809127808
CCCCCC(C)O,3,-7.3344268798828125,-0.860004723072052
CCCCCC(C)O,4,-7.333957195281982,-0.8599613904953003
COC(=O)C1=C(C)NC(=C(C1c2ccccc2N(=O)=O)C(=O)OC)C ,1,-7.725555896759033,-0.9354749917984009
COC(=O)C1=C(C)NC(=C(C1c2ccccc2N(=O)=O)C(=O)OC)C ,2,-7.726405620574951,-0.9355649352073669
COC(=O)C1=C(C)NC(=C(C1c2ccccc2N(=O)=O)C(=O)OC)C ,3,-7.725984573364258,-0.9355087280273438
COC(=O)C1=C(C)NC(=C(C1c2ccccc2N(=O)=O)C(=O)OC)C ,4,-7.725673675537109,-0.9354493021965027
c2c(C)cc1nc(C)ccc1c2 ,1,-7.701497554779053,-0.9240499138832092
c2c(C)cc1nc(C)ccc1c2 ,2,-7.703037738800049,-0.924278199672699
c2c(C)cc1nc(C)ccc1c2 ,3,-7.702269554138184,-0.9241681694984436
c2c(C)cc1nc(C)ccc1c2 ,4,-7.7018351554870605,-0.9241077303886414
CCCCCCC#C,1,-7.398785591125488,-0.8690868020057678
CCCCCCC#C,2,-7.398815631866455,-0.8690841197967529
CCCCCCC#C,3,-7.400057315826416,-0.8692407011985779
CCCCCCC#C,4,-7.398550510406494,-0.8690648078918457
CCC1(C(=O)NC(=O)NC1=O)C2=CCCCC2 ,1,-7.831510543823242,-0.9429799318313599
CCC1(C(=O)NC(=O)NC1=O)C2=CCCCC2 ,2,-7.831502437591553,-0.9429791569709778
CCC1(C(=O)NC(=O)NC1=O)C2=CCCCC2 ,3,-7.831848621368408,-0.943019688129425
CCC1(C(=O)NC(=O)NC1=O)C2=CCCCC2 ,4,-7.832237243652344,-0.9430570602416992
c1ccc2c(c1)ccc3c4ccccc4ccc23,1,-7.341057777404785,-0.8872261047363281
c1ccc2c(c1)ccc3c4ccccc4ccc23,2,-7.341180801391602,-0.8872318863868713
c1ccc2c(c1)ccc3c4ccccc4ccc23,3,-7.341761589050293,-0.8873130679130554
c1ccc2c(c1)ccc3c4ccccc4ccc23,4,-7.341172218322754,-0.8872374296188354
Cc1ccccc1O,1,-7.399618625640869,-0.8868263959884644
Cc1ccccc1O,2,-7.3994035720825195,-0.8867869973182678
Cc1ccccc1O,3,-7.398407459259033,-0.8866649270057678
Cc1ccccc1O,4,-7.398967266082764,-0.8867359757423401
CC(C)CCC(C)(C)C,1,-7.374841213226318,-0.8587526679039001
CC(C)CCC(C)(C)C,2,-7.3753485679626465,-0.8588470816612244
CC(C)CCC(C)(C)C,3,-7.3736677169799805,-0.8586586713790894
CC(C)CCC(C)(C)C,4,-7.3732686042785645,-0.8586524724960327
Cc1ccc(C)c2ccccc12,1,-7.342116355895996,-0.8757742643356323
Cc1ccc(C)c2ccccc12,2,-7.342331409454346,-0.8758097887039185
Cc1ccc(C)c2ccccc12,3,-7.343243598937988,-0.8759419918060303
Cc1ccc(C)c2ccccc12,4,-7.341692924499512,-0.8757115006446838
Cc1cc2c3ccccc3ccc2c4ccccc14,1,-7.3432817459106445,-0.884288489818573
Cc1cc2c3ccccc3ccc2c4ccccc14,2,-7.344324588775635,-0.8844491243362427
Cc1cc2c3ccccc3ccc2c4ccccc14,3,-7.342858791351318,-0.8842397332191467
Cc1cc2c3ccccc3ccc2c4ccccc14,4,-7.344740867614746,-0.8845014572143555
CCCC(=O)C,1,-7.376523017883301,-0.8693761825561523
CCCC(=O)C,2,-7.377686500549316,-0.8695335388183594
CCCC(=O)C,3,-7.377102851867676,-0.8694603443145752
CCCC(=O)C,4,-7.377941131591797,-0.8696059584617615
CCCOC(=O)CC,1,-7.384069919586182,-0.8747225999832153
CCCOC(=O)CC,2,-7.383730411529541,-0.874713659286499
CCCOC(=O)CC,3,-7.383272647857666,-0.8746769428253174
CCCOC(=O)CC,4,-7.383935928344727,-0.8747310638427734
CC34CC(O)C1(F)C(CCC2=CC(=O)C=CC12C)C3CC(O)C4(O)C(=O)CO,1,-7.493292808532715,-0.8986893892288208
CC34CC(O)C1(F)C(CCC2=CC(=O)C=CC12C)C3CC(O)C4(O)C(=O)CO,2,-7.491582870483398,-0.8985581398010254
CC34CC(O)C1(F)C(CCC2=CC(=O)C=CC12C)C3CC(O)C4(O)C(=O)CO,3,-7.492731094360352,-0.8986971974372864
CC34CC(O)C1(F)C(CCC2=CC(=O)C=CC12C)C3CC(O)C4(O)C(=O)CO,4,-7.492249965667725,-0.8986144661903381
Nc1ccc(O)cc1,1,-7.834437370300293,-0.9457510709762573
Nc1ccc(O)cc1,2,-7.834975719451904,-0.9458473920822144
Nc1ccc(O)cc1,3,-7.834683895111084,-0.9457824230194092
Nc1ccc(O)cc1,4,-7.83552885055542,-0.9459020495414734
O=C(Cn1ccnc1N(=O)=O)NCc2ccccc2,1,-8.226509094238281,-1.0026882886886597
O=C(Cn1ccnc1N(=O)=O)NCc2ccccc2,2,-8.22649097442627,-1.0026766061782837
O=C(Cn1ccnc1N(=O)=O)NCc2ccccc2,3,-8.22738265991211,-1.002745270729065
O=C(Cn1ccnc1N(=O)=O)NCc2ccccc2,4,-8.228775024414062,-1.0030173063278198
NC(=O)c1cnccn1,1,-8.680743217468262,-1.061836838722229
NC(=O)c1cnccn1,2,-8.681537628173828,-1.0619345903396606
NC(=O)c1cnccn1,3,-8.680920600891113,-1.0618616342544556
NC(=O)c1cnccn1,4,-8.680720329284668,-1.0618221759796143
O=C2CN(N=Cc1ccc(o1)N(=O)=O)C(=O)N2 ,1,-8.44214153289795,-1.0425225496292114
O=C2CN(N=Cc1ccc(o1)N(=O)=O)C(=O)N2 ,2,-8.441939353942871,-1.0424604415893555
O=C2CN(N=Cc1ccc(o1)N(=O)=O)C(=O)N2 ,3,-8.441831588745117,-1.0424489974975586
O=C2CN(N=Cc1ccc(o1)N(=O)=O)C(=O)N2 ,4,-8.441264152526855,-1.042367935180664
CC1(C)C2CCC1(C)C(=O)C2,1,-7.346971035003662,-0.8678834438323975
CC1(C)C2CCC1(C)C(=O)C2,2,-7.347031116485596,-0.8678925037384033
CC1(C)C2CCC1(C)C(=O)C2,3,-7.3468017578125,-0.867872416973114
CC1(C)C2CCC1(C)C(=O)C2,4,-7.347114086151123,-0.8679022789001465
O=C1NC(=O)NC(=O)C1(CC=C)c1ccccc1,1,-7.9300713539123535,-0.9649222493171692
O=C1NC(=O)NC(=O)C1(CC=C)c1ccccc1,2,-7.930054187774658,-0.9649226069450378
O=C1NC(=O)NC(=O)C1(CC=C)c1ccccc1,3,-7.9289116859436035,-0.9646654725074768
O=C1NC(=O)NC(=O)C1(CC=C)c1ccccc1,4,-7.928635597229004,-0.9647632241249084
CCCCC(=O)OCC,1,-7.379021644592285,-0.8729994893074036
CCCCC(=O)OCC,2,-7.377947807312012,-0.8728604316711426
CCCCC(=O)OCC,3,-7.377567291259766,-0.8729020357131958
CCCCC(=O)OCC,4,-7.3780517578125,-0.8729327321052551
CC(C)CCOC(=O)C,1,-7.373418807983398,-0.8720892667770386
CC(C)CCOC(=O)C,2,-7.373341083526611,-0.8721190094947815
CC(C)CCOC(=O)C,3,-7.37349796295166,-0.8720824718475342
CC(C)CCOC(=O)C,4,-7.373408794403076,-0.8720981478691101
O=C1N(COC(=O)CCCCC)C(=O)C(N1)(c2ccccc2)c3ccccc3,1,-7.720129489898682,-0.9315399527549744
O=C1N(COC(=O)CCCCC)C(=O)C(N1)(c2ccccc2)c3ccccc3,2,-7.720270156860352,-0.9315748810768127
O=C1N(COC(=O)CCCCC)C(=O)C(N1)(c2ccccc2)c3ccccc3,3,-7.719440460205078,-0.9314942359924316
O=C1N(COC(=O)CCCCC)C(=O)C(N1)(c2ccccc2)c3ccccc3,4,-7.719358921051025,-0.931509792804718
Cc1ncnc2nccnc12,1,-8.940534591674805,-1.0911860466003418
Cc1ncnc2nccnc12,2,-8.939472198486328,-1.0910084247589111
Cc1ncnc2nccnc12,3,-8.940113067626953,-1.0910959243774414
Cc1ncnc2nccnc12,4,-8.941156387329102,-1.0912259817123413
Cc1ccc(C)cc1,1,-7.347198486328125,-0.8708354830741882
Cc1ccc(C)cc1,2,-7.346760272979736,-0.8707663416862488
Cc1ccc(C)cc1,3,-7.346266746520996,-0.8706995248794556
Cc1ccc(C)cc1,4,-7.3459343910217285,-0.8706547617912292
CCc1ccccc1CC,1,-7.3511786460876465,-0.8682563304901123
CCc1ccccc1CC,2,-7.3505377769470215,-0.8681626915931702
CCc1ccccc1CC,3,-7.3509087562561035,-0.8681964874267578
CCc1ccccc1CC,4,-7.349513053894043,-0.8680660724639893
CC(C)C(C(=O)OC(C#N)c1cccc(Oc2ccccc2)c1)c3ccc(OC(F)F)cc3,1,-7.751133918762207,-0.9360206127166748
CC(C)C(C(=O)OC(C#N)c1cccc(Oc2ccccc2)c1)c3ccc(OC(F)F)cc3,2,-7.7521653175354,-0.936134397983551
CC(C)C(C(=O)OC(C#N)c1cccc(Oc2ccccc2)c1)c3ccc(OC(F)F)cc3,3,-7.75112771987915,-0.936014711856842
CC(C)C(C(=O)OC(C#N)c1cccc(Oc2ccccc2)c1)c3ccc(OC(F)F)cc3,4,-7.750720977783203,-0.9359570741653442
CCCN(=O)=O,1,-7.777897834777832,-0.9300099611282349
CCCN(=O)=O,2,-7.779399394989014,-0.9301921725273132
CCCN(=O)=O,3,-7.778670310974121,-0.9301127791404724
CCCN(=O)=O,4,-7.778447151184082,-0.9301409721374512
CC(C)C1CCC(C)CC1=O,1,-7.371376991271973,-0.8689692616462708
CC(C)C1CCC(C)CC1=O,2,-7.37048864364624,-0.8688578009605408
CC(C)C1CCC(C)CC1=O,3,-7.372346878051758,-0.8690557479858398
CC(C)C1CCC(C)CC1=O,4,-7.371852397918701,-0.869003176689148
c1ccc2c(c1)c3cccc4cccc2c34,1,-7.326247215270996,-0.8863744735717773
c1ccc2c(c1)c3cccc4cccc2c34,2,-7.326406002044678,-0.886400043964386
c1ccc2c(c1)c3cccc4cccc2c34,3,-7.325816631317139,-0.8863084316253662
c1ccc2c(c1)c3cccc4cccc2c34,4,-7.325581073760986,-0.8862755298614502
CCCOC(C)C,1,-7.368925094604492,-0.8643831610679626
CCCOC(C)C,2,-7.366795539855957,-0.8641067147254944
CCCOC(C)C,3,-7.367992401123047,-0.8642799854278564
CCCOC(C)C,4,-7.3680500984191895,-0.8643007278442383
Cc1cc(C)c2ccccc2c1,1,-7.340814590454102,-0.8757408261299133
Cc1cc(C)c2ccccc2c1,2,-7.3411359786987305,-0.8757889270782471
Cc1cc(C)c2ccccc2c1,3,-7.341014862060547,-0.8757686018943787
Cc1cc(C)c2ccccc2c1,4,-7.341760635375977,-0.8758780360221863
CCC(=C(CC)c1ccc(O)cc1)c2ccc(O)cc2 ,1,-7.392706871032715,-0.8851854205131531
CCC(=C(CC)c1ccc(O)cc1)c2ccc(O)cc2 ,2,-7.392605781555176,-0.8851665258407593
CCC(=C(CC)c1ccc(O)cc1)c2ccc(O)cc2 ,3,-7.391304016113281,-0.8850143551826477
CCC(=C(CC)c1ccc(O)cc1)c2ccc(O)cc2 ,4,-7.390613079071045,-0.8849505186080933
C1OC1c2ccccc2 ,1,-7.4431257247924805,-0.8966761231422424
C1OC1c2ccccc2 ,2,-7.443179130554199,-0.8966785073280334
C1OC1c2ccccc2 ,3,-7.442330360412598,-0.8965723514556885
C1OC1c2ccccc2 ,4,-7.443155765533447,-0.8966756463050842
CC(C)c1ccccc1,1,-7.353858947753906,-0.8704851865768433
CC(C)c1ccccc1,2,-7.353370189666748,-0.8704298138618469
CC(C)c1ccccc1,3,-7.352594375610352,-0.870336651802063
CC(C)c1ccccc1,4,-7.353658199310303,-0.8704673647880554
CC12CCC3C(CCC4=CC(=O)CCC34C)C2CCC1C(=O)CO,1,-7.383984088897705,-0.8789061903953552
CC12CCC3C(CCC4=CC(=O)CCC34C)C2CCC1C(=O)CO,2,-7.383587837219238,-0.878810703754425
CC12CCC3C(CCC4=CC(=O)CCC34C)C2CCC1C(=O)CO,3,-7.386388778686523,-0.8791078925132751
CC12CCC3C(CCC4=CC(=O)CCC34C)C2CCC1C(=O)CO,4,-7.382813453674316,-0.878781795501709
C1OC(O)C(O)C(O)C1O,1,-7.346063613891602,-0.8842461705207825
C1OC(O)C(O)C(O)C1O,2,-7.347043991088867,-0.8844406604766846
C1OC(O)C(O)C(O)C1O,3,-7.34678316116333,-0.8843293190002441
C1OC(O)C(O)C(O)C1O,4,-7.3457417488098145,-0.8841739892959595
CCc1cccc2ccccc12,1,-7.347409248352051,-0.8772450089454651
CCc1cccc2ccccc12,2,-7.349127292633057,-0.877490222454071
CCc1cccc2ccccc12,3,-7.3477678298950195,-0.877292275428772
CCc1cccc2ccccc12,4,-7.348052024841309,-0.8773340582847595
COC=O,1,-7.455844402313232,-0.8958468437194824
COC=O,2,-7.454633712768555,-0.8956871628761292
COC=O,3,-7.454503536224365,-0.8956555128097534
COC=O,4,-7.4558491706848145,-0.8958589434623718
Oc1ccccc1N(=O)=O,1,-7.797816753387451,-0.9553580284118652
Oc1ccccc1N(=O)=O,2,-7.797605991363525,-0.9553278684616089
Oc1ccccc1N(=O)=O,3,-7.794160842895508,-0.9552091956138611
Oc1ccccc1N(=O)=O,4,-7.79449987411499,-0.9552560448646545
Cc1c[nH]c(=O)[nH]c1=O ,1,-8.26911449432373,-1.0067787170410156
Cc1c[nH]c(=O)[nH]c1=O ,2,-8.269857406616211,-1.006887674331665
Cc1c[nH]c(=O)[nH]c1=O ,3,-8.269034385681152,-1.0067728757858276
Cc1c[nH]c(=O)[nH]c1=O ,4,-8.269156455993652,-1.0067942142486572
CC(C)C,1,-7.397921562194824,-0.8583802580833435
CC(C)C,2,-7.398077011108398,-0.8584036231040955
CC(C)C,3,-7.398235321044922,-0.8584102988243103
CC(C)C,4,-7.397979736328125,-0.8583722114562988
OCC1OC(C(O)C1O)n2cnc3c(O)ncnc23,1,-8.202946662902832,-1.0023138523101807
OCC1OC(C(O)C1O)n2cnc3c(O)ncnc23,2,-8.202462196350098,-1.0021611452102661
OCC1OC(C(O)C1O)n2cnc3c(O)ncnc23,3,-8.212496757507324,-1.0037384033203125
OCC1OC(C(O)C1O)n2cnc3c(O)ncnc23,4,-8.206984519958496,-1.0028644800186157
CCCCC,1,-7.417741298675537,-0.862833559513092
CCCCC,2,-7.417087078094482,-0.8627380728721619
CCCCC,3,-7.416350841522217,-0.8626505732536316
CCCCC,4,-7.416769504547119,-0.8627078533172607
c1ccccc1O,1,-7.4299139976501465,-0.8969599604606628
c1ccccc1O,2,-7.429999351501465,-0.8969892859458923
c1ccccc1O,3,-7.431002616882324,-0.8971239924430847
c1ccccc1O,4,-7.43094539642334,-0.8971128463745117
Nc3ccc2cc1ccccc1cc2c3 ,1,-7.699020862579346,-0.93033367395401
Nc3ccc2cc1ccccc1cc2c3 ,2,-7.69882869720459,-0.9303101301193237
Nc3ccc2cc1ccccc1cc2c3 ,3,-7.69827938079834,-0.930233895778656
Nc3ccc2cc1ccccc1cc2c3 ,4,-7.698153972625732,-0.930213212966919
Cn1cnc2n(C)c(=O)[nH]c(=O)c12 ,1,-8.601640701293945,-1.0487116575241089
Cn1cnc2n(C)c(=O)[nH]c(=O)c12 ,2,-8.601433753967285,-1.048689842224121
Cn1cnc2n(C)c(=O)[nH]c(=O)c12 ,3,-8.601423263549805,-1.0486832857131958
Cn1cnc2n(C)c(=O)[nH]c(=O)c12 ,4,-8.60290241241455,-1.0488840341567993
c1ccc2cnccc2c1,1,-7.848722457885742,-0.9509902596473694
c1ccc2cnccc2c1,2,-7.84793758392334,-0.9509015083312988
c1ccc2cnccc2c1,3,-7.849491119384766,-0.9511190056800842
c1ccc2cnccc2c1,4,-7.8479228019714355,-0.950888454914093
CCCCCCc1ccccc1,1,-7.371796607971191,-0.8702413439750671
CCCCCCc1ccccc1,2,-7.371326923370361,-0.8701444268226624
CCCCCCc1ccccc1,3,-7.371878147125244,-0.870248019695282
CCCCCCc1ccccc1,4,-7.370732307434082,-0.8701199293136597
CCCC(=C)C,1,-7.379495620727539,-0.8622711896896362
CCCC(=C)C,2,-7.379692554473877,-0.8622910976409912
CCCC(=C)C,3,-7.379364013671875,-0.8622399568557739
CCCC(=C)C,4,-7.380151748657227,-0.862354040145874
CC(C)C(C)C(C)C,1,-7.379280090332031,-0.8590664267539978
CC(C)C(C)C(C)C,2,-7.379256248474121,-0.8590598702430725
CC(C)C(C)C(C)C,3,-7.379120826721191,-0.8590572476387024
CC(C)C(C)C(C)C,4,-7.379237651824951,-0.8590688109397888
Oc1cccc(c1)N(=O)=O,1,-7.796326637268066,-0.9554433226585388
Oc1cccc(c1)N(=O)=O,2,-7.79475736618042,-0.9552268385887146
Oc1cccc(c1)N(=O)=O,3,-7.795102119445801,-0.9552770853042603
Oc1cccc(c1)N(=O)=O,4,-7.794860363006592,-0.955239474773407
CCCCCCCCC=C,1,-7.4083709716796875,-0.867729663848877
CCCCCCCCC=C,2,-7.408707141876221,-0.8677973747253418
CCCCCCCCC=C,3,-7.408174991607666,-0.8677113652229309
CCCCCCCCC=C,4,-7.407364845275879,-0.8675941228866577
CC(=O)OCC(COC(=O)C)OC(=O)C,1,-7.470230579376221,-0.899785578250885
CC(=O)OCC(COC(=O)C)OC(=O)C,2,-7.470154762268066,-0.8998753428459167
CC(=O)OCC(COC(=O)C)OC(=O)C,3,-7.469967842102051,-0.8998095393180847
CC(=O)OCC(COC(=O)C)OC(=O)C,4,-7.469573974609375,-0.8997804522514343
CCCCc1c(C)nc(nc1O)N(C)C ,1,-7.9298014640808105,-0.9445582032203674
CCCCc1c(C)nc(nc1O)N(C)C ,2,-7.929666519165039,-0.9445362091064453
CCCCc1c(C)nc(nc1O)N(C)C ,3,-7.929145812988281,-0.9445088505744934
CCCCc1c(C)nc(nc1O)N(C)C ,4,-7.930046558380127,-0.9446073174476624
c1ccncc1,1,-8.105113983154297,-0.9800369143486023
c1ccncc1,2,-8.10426139831543,-0.9798938632011414
c1ccncc1,3,-8.103948593139648,-0.9798588156700134
c1ccncc1,4,-8.104451179504395,-0.9799441695213318
Cc1ccncc1C,1,-7.815634250640869,-0.9322479963302612
Cc1ccncc1C,2,-7.814818859100342,-0.9321281909942627
Cc1ccncc1C,3,-7.814384460449219,-0.9320877194404602
Cc1ccncc1C,4,-7.81491756439209,-0.9321467876434326
CC34CC(O)C1(F)C(CCC2=CC(=O)CCC12C)C3CCC4(O)C(=O)CO ,1,-7.484392166137695,-0.8942084312438965
CC34CC(O)C1(F)C(CCC2=CC(=O)CCC12C)C3CCC4(O)C(=O)CO ,2,-7.487683296203613,-0.8946111798286438
CC34CC(O)C1(F)C(CCC2=CC(=O)CCC12C)C3CCC4(O)C(=O)CO ,3,-7.4859490394592285,-0.8945311903953552
CC34CC(O)C1(F)C(CCC2=CC(=O)CCC12C)C3CCC4(O)C(=O)CO ,4,-7.48460054397583,-0.8942949175834656
CCOC(=O)CC(=O)OCC,1,-7.440134048461914,-0.8913549780845642
CCOC(=O)CC(=O)OCC,2,-7.440491676330566,-0.8913885354995728
CCOC(=O)CC(=O)OCC,3,-7.4402570724487305,-0.8913188576698303
CCOC(=O)CC(=O)OCC,4,-7.439981460571289,-0.8913137912750244
CC1=CCC(CC1)C(C)=C,1,-7.367055892944336,-0.8673983812332153
CC1=CCC(CC1)C(C)=C,2,-7.365136623382568,-0.8671743273735046
CC1=CCC(CC1)C(C)=C,3,-7.36306619644165,-0.8669805526733398
CC1=CCC(CC1)C(C)=C,4,-7.363982200622559,-0.8671225905418396
C1Cc2ccccc2C1,1,-7.34587287902832,-0.8751974701881409
C1Cc2ccccc2C1,2,-7.346410274505615,-0.8752654194831848
C1Cc2ccccc2C1,3,-7.346614837646484,-0.8753058910369873
C1Cc2ccccc2C1,4,-7.346524715423584,-0.8753007650375366
CC(C)(C)c1ccc(O)cc1,1,-7.357753276824951,-0.8733269572257996
CC(C)(C)c1ccc(O)cc1,2,-7.3579936027526855,-0.8733562231063843
CC(C)(C)c1ccc(O)cc1,3,-7.358381271362305,-0.8733983635902405
CC(C)(C)c1ccc(O)cc1,4,-7.358450889587402,-0.8734087347984314
O=C2NC(=O)C1(CC1)C(=O)N2 ,1,-8.217286109924316,-1.0061053037643433
O=C2NC(=O)C1(CC1)C(=O)N2 ,2,-8.217219352722168,-1.0061208009719849
O=C2NC(=O)C1(CC1)C(=O)N2 ,3,-8.217916488647461,-1.0062322616577148
O=C2NC(=O)C1(CC1)C(=O)N2 ,4,-8.217071533203125,-1.0060958862304688
CC/C=C/C,1,-7.389791488647461,-0.8640300631523132
CC/C=C/C,2,-7.386738300323486,-0.8636795282363892
CC/C=C/C,3,-7.388516902923584,-0.8639243245124817
CC/C=C/C,4,-7.3874077796936035,-0.8637882471084595
Cc1cccc(C)n1,1,-7.827176094055176,-0.9344838261604309
Cc1cccc(C)n1,2,-7.826237201690674,-0.9343520998954773
Cc1cccc(C)n1,3,-7.825790882110596,-0.9342889785766602
Cc1cccc(C)n1,4,-7.827180862426758,-0.9344890713691711
Nc1cccc2ccccc12,1,-7.7743072509765625,-0.937071681022644
Nc1cccc2ccccc12,2,-7.774179458618164,-0.937056303024292
Nc1cccc2ccccc12,3,-7.774789333343506,-0.937144935131073
Nc1cccc2ccccc12,4,-7.775224685668945,-0.9372013807296753
Cc1cccc(C)c1,1,-7.345856666564941,-0.8706361055374146
Cc1cccc(C)c1,2,-7.346363544464111,-0.8707049489021301
Cc1cccc(C)c1,3,-7.346523284912109,-0.8707306385040283
Cc1cccc(C)c1,4,-7.3469061851501465,-0.8707801103591919
Oc2ncc1nccnc1n2,1,-9.0271635055542,-1.1148332357406616
Oc2ncc1nccnc1n2,2,-9.025141716003418,-1.1145458221435547
Oc2ncc1nccnc1n2,3,-9.028287887573242,-1.114991307258606
Oc2ncc1nccnc1n2,4,-9.02535343170166,-1.1145761013031006
CO,1,-7.277798175811768,-0.849794864654541
CO,2,-7.277834892272949,-0.8497738838195801
CO,3,-7.277618408203125,-0.849755585193634
CO,4,-7.279698848724365,-0.849949300289154
CCC1(CCC(C)C)C(=O)NC(=O)NC1=O,1,-7.791226863861084,-0.9327178001403809
CCC1(CCC(C)C)C(=O)NC(=O)NC1=O,2,-7.791337966918945,-0.9327213764190674
CCC1(CCC(C)C)C(=O)NC(=O)NC1=O,3,-7.7913384437561035,-0.9326913356781006
CCC1(CCC(C)C)C(=O)NC(=O)NC1=O,4,-7.79098653793335,-0.9326804280281067
CCC(=O)C,1,-7.380504131317139,-0.8708584308624268
CCC(=O)C,2,-7.380834102630615,-0.870900571346283
CCC(=O)C,3,-7.380960941314697,-0.8709147572517395
CCC(=O)C,4,-7.380941867828369,-0.870913028717041
Fc1c[nH]c(=O)[nH]c1=O ,1,-8.834464073181152,-1.083768606185913
Fc1c[nH]c(=O)[nH]c1=O ,2,-8.833632469177246,-1.0836539268493652
Fc1c[nH]c(=O)[nH]c1=O ,3,-8.833294868469238,-1.0835943222045898
Fc1c[nH]c(=O)[nH]c1=O ,4,-8.834877967834473,-1.0838298797607422
Nc1ncnc2n(ccc12)C3OC(CO)C(O)C3O ,1,-8.127788543701172,-0.9882144331932068
Nc1ncnc2n(ccc12)C3OC(CO)C(O)C3O ,2,-8.129048347473145,-0.9884280562400818
Nc1ncnc2n(ccc12)C3OC(CO)C(O)C3O ,3,-8.129219055175781,-0.9883242249488831
Nc1ncnc2n(ccc12)C3OC(CO)C(O)C3O ,4,-8.13319206237793,-0.9890112280845642
Oc1cccc(O)c1,1,-7.436837673187256,-0.9023694396018982
Oc1cccc(O)c1,2,-7.438053607940674,-0.9025446772575378
Oc1cccc(O)c1,3,-7.437431335449219,-0.9024620652198792
Oc1cccc(O)c1,4,-7.438385963439941,-0.9025982022285461
CCCCCCO,1,-7.33111047744751,-0.8600532412528992
CCCCCCO,2,-7.3310136795043945,-0.8600588440895081
CCCCCCO,3,-7.330434322357178,-0.8600754737854004
CCCCCCO,4,-7.330193519592285,-0.8600214123725891
C=CC=C,1,-7.40378475189209,-0.874940037727356
C=CC=C,2,-7.404098987579346,-0.8749896287918091
C=CC=C,3,-7.405574798583984,-0.8751519322395325
C=CC=C,4,-7.403219223022461,-0.8748367428779602
CCCOC(=O)C,1,-7.393524169921875,-0.8774068355560303
CCCOC(=O)C,2,-7.394288539886475,-0.87751305103302
CCCOC(=O)C,3,-7.393138885498047,-0.8773614764213562
CCCOC(=O)C,4,-7.3937177658081055,-0.8774612545967102
Oc2ccc1CCCCc1c2 ,1,-7.388248920440674,-0.8829421401023865
Oc2ccc1CCCCc1c2 ,2,-7.388895511627197,-0.883022129535675
Oc2ccc1CCCCc1c2 ,3,-7.389527797698975,-0.8832216858863831
Oc2ccc1CCCCc1c2 ,4,-7.388337135314941,-0.8830748796463013
CCCCCC=O,1,-7.381400108337402,-0.8705962300300598
CCCCCC=O,2,-7.3796067237854,-0.8703441023826599
CCCCCC=O,3,-7.3802947998046875,-0.8704602718353271
CCCCCC=O,4,-7.379278659820557,-0.8703651428222656
CCCCOC(=O)c1ccc(N)cc1,1,-7.643048286437988,-0.915045440196991
CCCCOC(=O)c1ccc(N)cc1,2,-7.6424241065979,-0.9149253368377686
CCCCOC(=O)c1ccc(N)cc1,3,-7.642300128936768,-0.9149324893951416
CCCCOC(=O)c1ccc(N)cc1,4,-7.641432762145996,-0.9148153066635132
O2c1cc(C)ccc1N(C)C(=O)c3cc(N)cnc23 ,1,-8.070147514343262,-0.9792672991752625
O2c1cc(C)ccc1N(C)C(=O)c3cc(N)cnc23 ,2,-8.069567680358887,-0.9791914820671082
O2c1cc(C)ccc1N(C)C(=O)c3cc(N)cnc23 ,3,-8.069729804992676,-0.9792203307151794
O2c1cc(C)ccc1N(C)C(=O)c3cc(N)cnc23 ,4,-8.069687843322754,-0.9792117476463318
CC(C)=CCC/C(C)=C\CO,1,-7.3436760902404785,-0.8653352856636047
CC(C)=CCC/C(C)=C\CO,2,-7.3429365158081055,-0.8652762770652771
CC(C)=CCC/C(C)=C\CO,3,-7.34337854385376,-0.8652848601341248
CC(C)=CCC/C(C)=C\CO,4,-7.34315824508667,-0.8653900027275085
O=C1N(COC(=O)CCCCCCC)C(=O)C(N1)(c2ccccc2)c3ccccc3,1,-7.68407678604126,-0.9246543645858765
O=C1N(COC(=O)CCCCCCC)C(=O)C(N1)(c2ccccc2)c3ccccc3,2,-7.683913707733154,-0.9246363639831543
O=C1N(COC(=O)CCCCCCC)C(=O)C(N1)(c2ccccc2)c3ccccc3,3,-7.683900356292725,-0.9246129989624023
O=C1N(COC(=O)CCCCCCC)C(=O)C(N1)(c2ccccc2)c3ccccc3,4,-7.684375762939453,-0.9247365593910217
CCN(=O)=O,1,-7.877967357635498,-0.9457364678382874
CCN(=O)=O,2,-7.877734184265137,-0.9457144141197205
CCN(=O)=O,3,-7.877296447753906,-0.9456481337547302
CCN(=O)=O,4,-7.876107692718506,-0.9454972743988037
CCN(CC(C)=C)c1c(cc(cc1N(=O)=O)C(F)(F)F)N(=O)=O,1,-8.205731391906738,-0.9881115555763245
CCN(CC(C)=C)c1c(cc(cc1N(=O)=O)C(F)(F)F)N(=O)=O,2,-8.206194877624512,-0.9881500601768494
CCN(CC(C)=C)c1c(cc(cc1N(=O)=O)C(F)(F)F)N(=O)=O,3,-8.206442832946777,-0.9881803393363953
CCN(CC(C)=C)c1c(cc(cc1N(=O)=O)C(F)(F)F)N(=O)=O,4,-8.204480171203613,-0.9879776835441589
CCCC(C)(COC(N)=O)COC(N)=O ,1,-7.722540855407715,-0.9229617714881897
CCCC(C)(COC(N)=O)COC(N)=O ,2,-7.721377372741699,-0.922785222530365
CCCC(C)(COC(N)=O)COC(N)=O ,3,-7.721155166625977,-0.9227770566940308
CCCC(C)(COC(N)=O)COC(N)=O ,4,-7.721362113952637,-0.9228399991989136
CC(=O)C3CCC4C2CC=C1CC(O)CCC1(C)C2CCC34C ,1,-7.368959426879883,-0.8734896779060364
CC(=O)C3CCC4C2CC=C1CC(O)CCC1(C)C2CCC34C ,2,-7.36640739440918,-0.8732710480690002
CC(=O)C3CCC4C2CC=C1CC(O)CCC1(C)C2CCC34C ,3,-7.366913318634033,-0.8732950687408447
CC(=O)C3CCC4C2CC=C1CC(O)CCC1(C)C2CCC34C ,4,-7.3666510581970215,-0.8732945322990417
CC1CC(C)C(=O)C(C1)C(O)CC2CC(=O)NC(=O)C2 ,1,-7.581756591796875,-0.9075725674629211
CC1CC(C)C(=O)C(C1)C(O)CC2CC(=O)NC(=O)C2 ,2,-7.580920696258545,-0.9074535965919495
CC1CC(C)C(=O)C(C1)C(O)CC2CC(=O)NC(=O)C2 ,3,-7.579125881195068,-0.9073319435119629
CC1CC(C)C(=O)C(C1)C(O)CC2CC(=O)NC(=O)C2 ,4,-7.579653263092041,-0.9073653817176819
O=C1N(COC(=O)CCCCCC)C(=O)C(N1)(c2ccccc2)c3ccccc3,1,-7.700405597686768,-0.9278357028961182
O=C1N(COC(=O)CCCCCC)C(=O)C(N1)(c2ccccc2)c3ccccc3,2,-7.702110290527344,-0.9280636310577393
O=C1N(COC(=O)CCCCCC)C(=O)C(N1)(c2ccccc2)c3ccccc3,3,-7.700434684753418,-0.927861750125885
O=C1N(COC(=O)CCCCCC)C(=O)C(N1)(c2ccccc2)c3ccccc3,4,-7.7007832527160645,-0.9279191493988037
CC1=CC(=O)CC(C)(C)C1 ,1,-7.371097564697266,-0.8723521828651428
CC1=CC(=O)CC(C)(C)C1 ,2,-7.3714189529418945,-0.8723995089530945
CC1=CC(=O)CC(C)(C)C1 ,3,-7.372156143188477,-0.8725008964538574
CC1=CC(=O)CC(C)(C)C1 ,4,-7.371485233306885,-0.8724142909049988
O=C1NC(=O)NC(=O)C1(CC)C(C)CC,1,-7.827364921569824,-0.93840491771698
O=C1NC(=O)NC(=O)C1(CC)C(C)CC,2,-7.826770305633545,-0.9383699297904968
O=C1NC(=O)NC(=O)C1(CC)C(C)CC,3,-7.825688362121582,-0.9382468461990356
O=C1NC(=O)NC(=O)C1(CC)C(C)CC,4,-7.824784755706787,-0.9381031394004822
CCCCC(=O)CCCC,1,-7.377933979034424,-0.8674426078796387
CCCCC(=O)CCCC,2,-7.377110958099365,-0.8673797249794006
CCCCC(=O)CCCC,3,-7.378529071807861,-0.8675020933151245
CCCCC(=O)CCCC,4,-7.377645492553711,-0.8674564957618713
CCC1(CCC(=O)NC1=O)c2ccccc2 ,1,-7.66646146774292,-0.9219820499420166
CCC1(CCC(=O)NC1=O)c2ccccc2 ,2,-7.666747093200684,-0.922014057636261
CCC1(CCC(=O)NC1=O)c2ccccc2 ,3,-7.664738655090332,-0.9218292832374573
CCC1(CCC(=O)NC1=O)c2ccccc2 ,4,-7.664265155792236,-0.9217692017555237
CCC(C)CC,1,-7.399116039276123,-0.8608903884887695
CCC(C)CC,2,-7.396857738494873,-0.8606691360473633
CCC(C)CC,3,-7.39721155166626,-0.8607061505317688
CCC(C)CC,4,-7.396692276000977,-0.860645592212677
CCOc1ccc(cc1)C(C)(C)COCc3cccc(Oc2ccccc2)c3,1,-7.434453010559082,-0.8910607695579529
CCOc1ccc(cc1)C(C)(C)COCc3cccc(Oc2ccccc2)c3,2,-7.434373378753662,-0.8910374641418457
CCOc1ccc(cc1)C(C)(C)COCc3cccc(Oc2ccccc2)c3,3,-7.434751987457275,-0.8910611271858215
CCOc1ccc(cc1)C(C)(C)COCc3cccc(Oc2ccccc2)c3,4,-7.434497833251953,-0.891046404838562
Cc1ccccc1n3c(C)nc2ccccc2c3=O,1,-7.861009120941162,-0.9508874416351318
Cc1ccccc1n3c(C)nc2ccccc2c3=O,2,-7.86129903793335,-0.9509261250495911
Cc1ccccc1n3c(C)nc2ccccc2c3=O,3,-7.8616414070129395,-0.950993001461029
Cc1ccccc1n3c(C)nc2ccccc2c3=O,4,-7.8606648445129395,-0.9508548378944397
CC12CCC(=O)C=C1CCC3C2CCC4(C)C3CCC4(O)C#C ,1,-7.385165214538574,-0.8788664937019348
CC12CCC(=O)C=C1CCC3C2CCC4(C)C3CCC4(O)C#C ,2,-7.386416435241699,-0.8789613842964172
CC12CCC(=O)C=C1CCC3C2CCC4(C)C3CCC4(O)C#C ,3,-7.38599157333374,-0.8789068460464478
CC12CCC(=O)C=C1CCC3C2CCC4(C)C3CCC4(O)C#C ,4,-7.385336875915527,-0.8788564801216125
c1ccnnc1,1,-8.534599304199219,-1.038110375404358
c1ccnnc1,2,-8.534078598022461,-1.038036823272705
c1ccnnc1,3,-8.536218643188477,-1.0383342504501343
c1ccnnc1,4,-8.53504467010498,-1.0381593704223633
C1C(O)CCC2(C)CC3CCC4(C)C5(C)CC6OCC(C)CC6OC5CC4C3C=C21,1,-7.3754754066467285,-0.8749433159828186
C1C(O)CCC2(C)CC3CCC4(C)C5(C)CC6OCC(C)CC6OC5CC4C3C=C21,2,-7.374864101409912,-0.8748084306716919
C1C(O)CCC2(C)CC3CCC4(C)C5(C)CC6OCC(C)CC6OC5CC4C3C=C21,3,-7.3748087882995605,-0.8748741149902344
C1C(O)CCC2(C)CC3CCC4(C)C5(C)CC6OCC(C)CC6OC5CC4C3C=C21,4,-7.3746442794799805,-0.8748188614845276
Nc1ccccc1O,1,-7.833263397216797,-0.9455288052558899
Nc1ccccc1O,2,-7.833784103393555,-0.9455982446670532
Nc1ccccc1O,3,-7.83369255065918,-0.945577085018158
Nc1ccccc1O,4,-7.833899974822998,-0.9456086754798889
CCCCCCCCC(=O)OCC,1,-7.374159812927246,-0.8698717355728149
CCCCCCCCC(=O)OCC,2,-7.373781681060791,-0.8698128461837769
CCCCCCCCC(=O)OCC,3,-7.373364448547363,-0.8698484897613525
CCCCCCCCC(=O)OCC,4,-7.374042510986328,-0.8698714971542358
COCC(=O)N(C(C)C(=O)OC)c1c(C)cccc1C ,1,-7.587368488311768,-0.9087426662445068
COCC(=O)N(C(C)C(=O)OC)c1c(C)cccc1C ,2,-7.587104797363281,-0.9086956977844238
COCC(=O)N(C(C)C(=O)OC)c1c(C)cccc1C ,3,-7.5873003005981445,-0.9087404608726501
COCC(=O)N(C(C)C(=O)OC)c1c(C)cccc1C ,4,-7.585870265960693,-0.9085240364074707
CNC(=O)Oc1ccccc1OC(C)C,1,-7.67025089263916,-0.920753002166748
CNC(=O)Oc1ccccc1OC(C)C,2,-7.669783115386963,-0.9206832051277161
CNC(=O)Oc1ccccc1OC(C)C,3,-7.669543266296387,-0.9206542372703552
CNC(=O)Oc1ccccc1OC(C)C,4,-7.669449806213379,-0.9206264615058899
Oc1ccc2ccccc2c1,1,-7.429871082305908,-0.8995954990386963
Oc1ccc2ccccc2c1,2,-7.431713104248047,-0.8998563289642334
Oc1ccc2ccccc2c1,3,-7.430292129516602,-0.8996433019638062
Oc1ccc2ccccc2c1,4,-7.429157257080078,-0.8994984030723572
CCCCC#C,1,-7.396453857421875,-0.8695451617240906
CCCCC#C,2,-7.396235466003418,-0.8695206642150879
CCCCC#C,3,-7.39495849609375,-0.8694338202476501
CCCCC#C,4,-7.39484977722168,-0.8694242238998413
CCCCCCCC#C,1,-7.4020771980285645,-0.8691577911376953
CCCCCCCC#C,2,-7.401576042175293,-0.8692137002944946
CCCCCCCC#C,3,-7.400026798248291,-0.8690624833106995
CCCCCCCC#C,4,-7.399281024932861,-0.8689575791358948
CC(C)OC(C)C,1,-7.366745948791504,-0.863651692867279
CC(C)OC(C)C,2,-7.367173194885254,-0.8636961579322815
CC(C)OC(C)C,3,-7.3669233322143555,-0.86367267370224
CC(C)OC(C)C,4,-7.367060661315918,-0.8636952042579651
CNN,1,-7.993518352508545,-0.9326599836349487
CNN,2,-7.993289470672607,-0.9326388835906982
CNN,3,-7.993973255157471,-0.932751476764679
CNN,4,-7.9929351806640625,-0.9325948357582092
CC#C,1,-7.4050750732421875,-0.8748592138290405
CC#C,2,-7.404510974884033,-0.8747959136962891
CC#C,3,-7.406036376953125,-0.8749814629554749
CC#C,4,-7.405063152313232,-0.8748654127120972
C=CC=O,1,-7.457298278808594,-0.8967157602310181
C=CC=O,2,-7.457114219665527,-0.8966991901397705
C=CC=O,3,-7.4586286544799805,-0.896881103515625
C=CC=O,4,-7.456395626068115,-0.896687924861908
O=c1[nH]cnc2nc[nH]c12 ,1,-9.054125785827637,-1.1153788566589355
O=c1[nH]cnc2nc[nH]c12 ,2,-9.05446720123291,-1.1154078245162964
O=c1[nH]cnc2nc[nH]c12 ,3,-9.055061340332031,-1.1155036687850952
O=c1[nH]cnc2nc[nH]c12 ,4,-9.054646492004395,-1.1154484748840332
Oc2ccc1ncccc1c2 ,1,-7.829555511474609,-0.9532127380371094
Oc2ccc1ncccc1c2 ,2,-7.829881191253662,-0.9532573819160461
Oc2ccc1ncccc1c2 ,3,-7.831198692321777,-0.9534372687339783
Oc2ccc1ncccc1c2 ,4,-7.830801010131836,-0.9533823728561401
Fc1ccccc1,1,-7.894667148590088,-0.946871817111969
Fc1ccccc1,2,-7.893185138702393,-0.9466705918312073
Fc1ccccc1,3,-7.893590450286865,-0.9467135071754456
Fc1ccccc1,4,-7.893782138824463,-0.9467470645904541
CCOC(=O)C,1,-7.406807899475098,-0.8808402419090271
CCOC(=O)C,2,-7.408340930938721,-0.8810465931892395
CCOC(=O)C,3,-7.408198833465576,-0.8809987306594849
CCOC(=O)C,4,-7.406270980834961,-0.8808372616767883
CCCC(C)(C)C,1,-7.377077579498291,-0.857996940612793
CCCC(C)(C)C,2,-7.377535343170166,-0.8580663800239563
CCCC(C)(C)C,3,-7.377444267272949,-0.8580470085144043
CCCC(C)(C)C,4,-7.377467155456543,-0.8580580353736877
Cc1cc(C)c(C)c(C)c1C,1,-7.322330474853516,-0.861635148525238
Cc1cc(C)c(C)c(C)c1C,2,-7.321985721588135,-0.861577033996582
Cc1cc(C)c(C)c(C)c1C,3,-7.322147846221924,-0.8616054654121399
Cc1cc(C)c(C)c(C)c1C,4,-7.322192192077637,-0.8615996241569519
CC12CCC(CC1)C(C)(C)O2 ,1,-7.373326301574707,-0.8691636323928833
CC12CCC(CC1)C(C)(C)O2 ,2,-7.373534679412842,-0.869192898273468
CC12CCC(CC1)C(C)(C)O2 ,3,-7.373887538909912,-0.8692413568496704
CC12CCC(CC1)C(C)(C)O2 ,4,-7.373744010925293,-0.869223952293396
CCCCOC(=O)CCCCCCCCC(=O)OCCCC,1,-7.385231971740723,-0.8744627833366394
CCCCOC(=O)CCCCCCCCC(=O)OCCCC,2,-7.3851189613342285,-0.874480664730072
CCCCOC(=O)CCCCCCCCC(=O)OCCCC,3,-7.384882926940918,-0.8744322657585144
CCCCOC(=O)CCCCCCCCC(=O)OCCCC,4,-7.383943557739258,-0.8743643760681152
Cc1cccnc1C,1,-7.820931434631348,-0.9332191348075867
Cc1cccnc1C,2,-7.820336818695068,-0.9331244230270386
Cc1cccnc1C,3,-7.821010589599609,-0.9332195520401001
Cc1cccnc1C,4,-7.821070194244385,-0.9332304000854492
CC(=C)C1CC=C(C)C(=O)C1,1,-7.391880035400391,-0.877848207950592
CC(=C)C1CC=C(C)C(=O)C1,2,-7.392534255981445,-0.8779397010803223
CC(=C)C1CC=C(C)C(=O)C1,3,-7.392266750335693,-0.8778378367424011
CC(=C)C1CC=C(C)C(=O)C1,4,-7.393535137176514,-0.8780084252357483
COc1cc(cc(OC)c1O)C6C2C(COC2=O)C(OC4OC3COC(C)OC3C(O)C4O)c7cc5OCOc5cc67,1,-7.467922210693359,-0.9053401350975037
COc1cc(cc(OC)c1O)C6C2C(COC2=O)C(OC4OC3COC(C)OC3C(O)C4O)c7cc5OCOc5cc67,2,-7.468998908996582,-0.9054625630378723
COc1cc(cc(OC)c1O)C6C2C(COC2=O)C(OC4OC3COC(C)OC3C(O)C4O)c7cc5OCOc5cc67,3,-7.468806266784668,-0.9054808616638184
COc1cc(cc(OC)c1O)C6C2C(COC2=O)C(OC4OC3COC(C)OC3C(O)C4O)c7cc5OCOc5cc67,4,-7.469853401184082,-0.9055559635162354
c1cc2cccc3c4cccc5cccc(c(c1)c23)c54,1,-7.334071159362793,-0.888323962688446
c1cc2cccc3c4cccc5cccc(c(c1)c23)c54,2,-7.335915565490723,-0.8885889649391174
c1cc2cccc3c4cccc5cccc(c(c1)c23)c54,3,-7.33488655090332,-0.8884415626525879
c1cc2cccc3c4cccc5cccc(c(c1)c23)c54,4,-7.334233283996582,-0.8883540034294128
Cc1ccc(cc1N(=O)=O)N(=O)=O,1,-7.979878902435303,-0.9775019288063049
Cc1ccc(cc1N(=O)=O)N(=O)=O,2,-7.978878021240234,-0.9773531556129456
Cc1ccc(cc1N(=O)=O)N(=O)=O,3,-7.9785685539245605,-0.9773102402687073
Cc1ccc(cc1N(=O)=O)N(=O)=O,4,-7.978743076324463,-0.977334201335907
CNC(=O)Oc1cccc(N=CN(C)C)c1,1,-8.031664848327637,-0.9664914011955261
CNC(=O)Oc1cccc(N=CN(C)C)c1,2,-8.031338691711426,-0.9664376378059387
CNC(=O)Oc1cccc(N=CN(C)C)c1,3,-8.03159236907959,-0.9664600491523743
CNC(=O)Oc1cccc(N=CN(C)C)c1,4,-8.031980514526367,-0.9665214419364929
COc2cnc1ncncc1n2,1,-8.781309127807617,-1.0763121843338013
COc2cnc1ncncc1n2,2,-8.780220985412598,-1.0761494636535645
COc2cnc1ncncc1n2,3,-8.781647682189941,-1.0763287544250488
COc2cnc1ncncc1n2,4,-8.779783248901367,-1.0760948657989502
Cc3ccnc4N(C1CC1)c2ncccc2C(=O)Nc34 ,1,-8.223353385925293,-0.9978700280189514
Cc3ccnc4N(C1CC1)c2ncccc2C(=O)Nc34 ,2,-8.223275184631348,-0.9978538155555725
Cc3ccnc4N(C1CC1)c2ncccc2C(=O)Nc34 ,3,-8.22325611114502,-0.9978556036949158
Cc3ccnc4N(C1CC1)c2ncccc2C(=O)Nc34 ,4,-8.223467826843262,-0.9978901743888855
CC(=C)C=C,1,-7.375618934631348,-0.8677313327789307
CC(=C)C=C,2,-7.375525951385498,-0.8677186965942383
CC(=C)C=C,3,-7.376010894775391,-0.8677705526351929
CC(=C)C=C,4,-7.375794410705566,-0.8677603006362915
CC(C)=CCCC(O)(C)C=C,1,-7.349367618560791,-0.8659971356391907
CC(C)=CCCC(O)(C)C=C,2,-7.351758003234863,-0.8663022518157959
CC(C)=CCCC(O)(C)C=C,3,-7.3495564460754395,-0.8660136461257935
CC(C)=CCCC(O)(C)C=C,4,-7.3509039878845215,-0.86622554063797
OC1CCCCC1,1,-7.345003604888916,-0.8671397566795349
OC1CCCCC1,2,-7.345154762268066,-0.8671557903289795
OC1CCCCC1,3,-7.345696926116943,-0.8672705292701721
OC1CCCCC1,4,-7.346147060394287,-0.8673962354660034
O=C1NC(=O)NC(=O)C1(C)CC=C,1,-8.01000690460205,-0.9711177945137024
O=C1NC(=O)NC(=O)C1(C)CC=C,2,-8.00977897644043,-0.9710822701454163
O=C1NC(=O)NC(=O)C1(C)CC=C,3,-8.01008415222168,-0.9711377024650574
O=C1NC(=O)NC(=O)C1(C)CC=C,4,-8.009923934936523,-0.9711586833000183
CC34CCC1C(CCC2CC(O)CCC12C)C3CCC4=O,1,-7.370777130126953,-0.8734432458877563
CC34CCC1C(CCC2CC(O)CCC12C)C3CCC4=O,2,-7.3690900802612305,-0.8732460737228394
CC34CCC1C(CCC2CC(O)CCC12C)C3CCC4=O,3,-7.366265296936035,-0.8729633688926697
CC34CCC1C(CCC2CC(O)CCC12C)C3CCC4=O,4,-7.365286827087402,-0.8728248476982117
OCC(O)C(O)C(O)C(O)CO ,1,-7.31165885925293,-0.8752152919769287
OCC(O)C(O)C(O)C(O)CO ,2,-7.312257289886475,-0.8754203915596008
OCC(O)C(O)C(O)C(O)CO ,3,-7.31092643737793,-0.8751368522644043
OCC(O)C(O)C(O)C(O)CO ,4,-7.311657428741455,-0.8752219676971436
Cc1ccc(cc1)c2ccccc2,1,-7.351471424102783,-0.880522608757019
Cc1ccc(cc1)c2ccccc2,2,-7.351922988891602,-0.8805845379829407
Cc1ccc(cc1)c2ccccc2,3,-7.351672649383545,-0.8805562257766724
Cc1ccc(cc1)c2ccccc2,4,-7.351593494415283,-0.8805468678474426
CCCC(=O)CCC,1,-7.374059200286865,-0.8677336573600769
CCCC(=O)CCC,2,-7.374661445617676,-0.8678364753723145
CCCC(=O)CCC,3,-7.375168800354004,-0.8678352236747742
CCCC(=O)CCC,4,-7.374711990356445,-0.8678044080734253
CC(=O)C(C)(C)C,1,-7.347115516662598,-0.8631545305252075
CC(=O)C(C)(C)C,2,-7.34611701965332,-0.8630195260047913
CC(=O)C(C)(C)C,3,-7.3470563888549805,-0.8631438612937927
CC(=O)C(C)(C)C,4,-7.3470869064331055,-0.8631445169448853
O=C1CCCCC1,1,-7.402014255523682,-0.8783866763114929
O=C1CCCCC1,2,-7.4023919105529785,-0.8784312009811401
O=C1CCCCC1,3,-7.4019670486450195,-0.8783784508705139
O=C1CCCCC1,4,-7.402285575866699,-0.8784226775169373
Cc1cccc(N)c1,1,-7.7826714515686035,-0.928889811038971
Cc1cccc(N)c1,2,-7.783869743347168,-0.929058313369751
Cc1cccc(N)c1,3,-7.7835493087768555,-0.9290195107460022
Cc1cccc(N)c1,4,-7.7833943367004395,-0.9289960861206055
CCCCCCCCC(=O)C,1,-7.382554531097412,-0.8678458333015442
CCCCCCCCC(=O)C,2,-7.38228178024292,-0.8678896427154541
CCCCCCCCC(=O)C,3,-7.381708145141602,-0.8678022623062134
CCCCCCCCC(=O)C,4,-7.381956577301025,-0.8678280711174011
CCOC(=O)c1ccc(N)cc1,1,-7.712823390960693,-0.9279671311378479
CCOC(=O)c1ccc(N)cc1,2,-7.7133097648620605,-0.9280426502227783
CCOC(=O)c1ccc(N)cc1,3,-7.713613986968994,-0.928090512752533
CCOC(=O)c1ccc(N)cc1,4,-7.713230609893799,-0.9280316233634949
Oc1ccccc1O,1,-7.4367265701293945,-0.9019840359687805
Oc1ccccc1O,2,-7.435929775238037,-0.9021795392036438
Oc1ccccc1O,3,-7.435191631317139,-0.9020642638206482
Oc1ccccc1O,4,-7.435178279876709,-0.9020567536354065
CCN2c1ncccc1N(C)C(=O)c3cccnc23 ,1,-8.257413864135742,-1.000240683555603
CCN2c1ncccc1N(C)C(=O)c3cccnc23 ,2,-8.258070945739746,-1.0003249645233154
CCN2c1ncccc1N(C)C(=O)c3cccnc23 ,3,-8.25529956817627,-0.9999586939811707
CCN2c1ncccc1N(C)C(=O)c3cccnc23 ,4,-8.254449844360352,-0.9998487830162048
CCOC(=O)N,1,-7.776956558227539,-0.9304369688034058
CCOC(=O)N,2,-7.7779998779296875,-0.9305670857429504
CCOC(=O)N,3,-7.7779541015625,-0.9306532144546509
CCOC(=O)N,4,-7.777471542358398,-0.930584192276001
CC(=O)OC3(CCC4C2C=C(C)C1=CC(=O)CCC1(C)C2CCC34C)C(C)=O ,1,-7.401426315307617,-0.8826393485069275
CC(=O)OC3(CCC4C2C=C(C)C1=CC(=O)CCC1(C)C2CCC34C)C(C)=O ,2,-7.4000630378723145,-0.8824792504310608
CC(=O)OC3(CCC4C2C=C(C)C1=CC(=O)CCC1(C)C2CCC34C)C(C)=O ,3,-7.402668476104736,-0.8827440142631531
CC(=O)OC3(CCC4C2C=C(C)C1=CC(=O)CCC1(C)C2CCC34C)C(C)=O ,4,-7.401047229766846,-0.8825389742851257
CC(C)C(O)C(C)C,1,-7.317667484283447,-0.8568778038024902
CC(C)C(O)C(C)C,2,-7.318776607513428,-0.8571042418479919
CC(C)C(O)C(C)C,3,-7.31766414642334,-0.8569192886352539
CC(C)C(O)C(C)C,4,-7.317510604858398,-0.8569002747535706
c1ccc2ccccc2c1,1,-7.349279880523682,-0.8846656680107117
c1ccc2ccccc2c1,2,-7.350682735443115,-0.8848576545715332
c1ccc2ccccc2c1,3,-7.348635196685791,-0.8845725059509277
c1ccc2ccccc2c1,4,-7.35036039352417,-0.8848106265068054
CCNc1ccccc1,1,-7.778775215148926,-0.9269384741783142
CCNc1ccccc1,2,-7.778651237487793,-0.9269235134124756
CCNc1ccccc1,3,-7.778482913970947,-0.9268968105316162
CCNc1ccccc1,4,-7.778534412384033,-0.9269106388092041
O=C1NC(=O)C(N1)(c2ccccc2)c3ccccc3,1,-7.921718120574951,-0.9646894335746765
O=C1NC(=O)C(N1)(c2ccccc2)c3ccccc3,2,-7.923183917999268,-0.964887797832489
O=C1NC(=O)C(N1)(c2ccccc2)c3ccccc3,3,-7.921037673950195,-0.9645945429801941
O=C1NC(=O)C(N1)(c2ccccc2)c3ccccc3,4,-7.921332836151123,-0.9646278023719788
Cc1c2ccccc2c(C)c3ccc4ccccc4c13,1,-7.34401798248291,-0.8816563487052917
Cc1c2ccccc2c(C)c3ccc4ccccc4c13,2,-7.344055652618408,-0.8816584944725037
Cc1c2ccccc2c(C)c3ccc4ccccc4c13,3,-7.3444085121154785,-0.8817103505134583
Cc1c2ccccc2c(C)c3ccc4ccccc4c13,4,-7.34401273727417,-0.8816567063331604
O=C1N(COC(=O)CCCC)C(=O)C(N1)(c2ccccc2)c3ccccc3,1,-7.740537643432617,-0.9355030655860901
O=C1N(COC(=O)CCCC)C(=O)C(N1)(c2ccccc2)c3ccccc3,2,-7.742192268371582,-0.9357248544692993
O=C1N(COC(=O)CCCC)C(=O)C(N1)(c2ccccc2)c3ccccc3,3,-7.741517066955566,-0.9356244802474976
O=C1N(COC(=O)CCCC)C(=O)C(N1)(c2ccccc2)c3ccccc3,4,-7.740711212158203,-0.935551643371582
OC(Cn1cncn1)(c2ccc(F)cc2)c3ccccc3F,1,-8.230053901672363,-0.9968487620353699
OC(Cn1cncn1)(c2ccc(F)cc2)c3ccccc3F,2,-8.228766441345215,-0.9967164397239685
OC(Cn1cncn1)(c2ccc(F)cc2)c3ccccc3F,3,-8.23692512512207,-0.9975877404212952
OC(Cn1cncn1)(c2ccc(F)cc2)c3ccccc3F,4,-8.23348617553711,-0.9972527623176575
CC(=O)OCC(=O)C3(O)C(CC4C2CCC1=CC(=O)C=CC1(C)C2(F)C(O)CC34C)OC(C)=O ,1,-7.509036064147949,-0.902218222618103
CC(=O)OCC(=O)C3(O)C(CC4C2CCC1=CC(=O)C=CC1(C)C2(F)C(O)CC34C)OC(C)=O ,2,-7.5092387199401855,-0.9021687507629395
CC(=O)OCC(=O)C3(O)C(CC4C2CCC1=CC(=O)C=CC1(C)C2(F)C(O)CC34C)OC(C)=O ,3,-7.508757591247559,-0.9021033644676208
CC(=O)OCC(=O)C3(O)C(CC4C2CCC1=CC(=O)C=CC1(C)C2(F)C(O)CC34C)OC(C)=O ,4,-7.508203029632568,-0.9021075367927551
CC(C)CC(=O)C,1,-7.367157936096191,-0.867046594619751
CC(C)CC(=O)C,2,-7.366869926452637,-0.867000937461853
CC(C)CC(=O)C,3,-7.367467403411865,-0.8671169877052307
CC(C)CC(=O)C,4,-7.367039680480957,-0.8670684099197388
CCC(C)C1(CC=C)C(=O)NC(=O)NC1=O,1,-7.836551189422607,-0.9417872428894043
CCC(C)C1(CC=C)C(=O)NC(=O)NC1=O,2,-7.835369110107422,-0.9417319297790527
CCC(C)C1(CC=C)C(=O)NC(=O)NC1=O,3,-7.833949565887451,-0.9414945244789124
CCC(C)C1(CC=C)C(=O)NC(=O)NC1=O,4,-7.834794998168945,-0.941618800163269
OCC(O)C(O)C(O)C(O)CO,1,-7.31165885925293,-0.8752152919769287
OCC(O)C(O)C(O)C(O)CO,2,-7.312257289886475,-0.8754204511642456
OCC(O)C(O)C(O)C(O)CO,3,-7.31092643737793,-0.8751368522644043
OCC(O)C(O)C(O)C(O)CO,4,-7.311657428741455,-0.8752219676971436
CN(C)C(=O)Oc1cc(C)nn1c2ccccc2,1,-8.007615089416504,-0.9668146967887878
CN(C)C(=O)Oc1cc(C)nn1c2ccccc2,2,-8.008520126342773,-0.9669392704963684
CN(C)C(=O)Oc1cc(C)nn1c2ccccc2,3,-8.007868766784668,-0.9668591618537903
CN(C)C(=O)Oc1cc(C)nn1c2ccccc2,4,-8.007969856262207,-0.9668611884117126
NC(=O)c1ccccc1O,1,-7.8317084312438965,-0.9511809945106506
NC(=O)c1ccccc1O,2,-7.832431316375732,-0.951275646686554
NC(=O)c1ccccc1O,3,-7.836355686187744,-0.9520423412322998
NC(=O)c1ccccc1O,4,-7.835544586181641,-0.951927125453949
Cc1ccccc1N(=O)=O,1,-7.759810447692871,-0.9407927989959717
Cc1ccccc1N(=O)=O,2,-7.759828567504883,-0.9407919645309448
Cc1ccccc1N(=O)=O,3,-7.760800361633301,-0.9409356117248535
Cc1ccccc1N(=O)=O,4,-7.760339736938477,-0.9408643841743469
O=C1NC(=O)NC(=O)C1(C(C)C)C(C)C,1,-7.81932258605957,-0.9370821714401245
O=C1NC(=O)NC(=O)C1(C(C)C)C(C)C,2,-7.819271087646484,-0.9370769262313843
O=C1NC(=O)NC(=O)C1(C(C)C)C(C)C,3,-7.820584774017334,-0.9372402429580688
O=C1NC(=O)NC(=O)C1(C(C)C)C(C)C,4,-7.81818962097168,-0.9369465708732605
CCc1ccccc1C,1,-7.347290515899658,-0.8689956665039062
CCc1ccccc1C,2,-7.348016262054443,-0.8690950274467468
CCc1ccccc1C,3,-7.34785795211792,-0.869083821773529
CCc1ccccc1C,4,-7.347507476806641,-0.8690231442451477
O=C1NC(=O)NC(=O)C1(CC)CC,1,-7.933399200439453,-0.9559330940246582
O=C1NC(=O)NC(=O)C1(CC)CC,2,-7.933957576751709,-0.9559981226921082
O=C1NC(=O)NC(=O)C1(CC)CC,3,-7.932663440704346,-0.9558343887329102
O=C1NC(=O)NC(=O)C1(CC)CC,4,-7.930751323699951,-0.9556013941764832
C(Cc1ccccc1)c2ccccc2,1,-7.363609313964844,-0.881118655204773
C(Cc1ccccc1)c2ccccc2,2,-7.363710403442383,-0.8811419606208801
C(Cc1ccccc1)c2ccccc2,3,-7.363415718078613,-0.8810991644859314
C(Cc1ccccc1)c2ccccc2,4,-7.363125801086426,-0.8810569047927856
CCN2c1cc(OC)cc(C)c1NC(=O)c3cccnc23 ,1,-7.969947338104248,-0.9624964594841003
CCN2c1cc(OC)cc(C)c1NC(=O)c3cccnc23 ,2,-7.969516277313232,-0.9624398350715637
CCN2c1cc(OC)cc(C)c1NC(=O)c3cccnc23 ,3,-7.96950101852417,-0.9624314904212952
CCN2c1cc(OC)cc(C)c1NC(=O)c3cccnc23 ,4,-7.969420433044434,-0.9624131321907043
Cc1ccc2c(ccc3ccccc32)c1,1,-7.342777729034424,-0.8824214935302734
Cc1ccc2c(ccc3ccccc32)c1,2,-7.343092441558838,-0.8824741840362549
Cc1ccc2c(ccc3ccccc32)c1,3,-7.344362258911133,-0.882644772529602
Cc1ccc2c(ccc3ccccc32)c1,4,-7.342472076416016,-0.8823795318603516
CCCCOC(=O)c1ccccc1C(=O)OCCCC ,1,-7.416435241699219,-0.8863638639450073
CCCCOC(=O)c1ccccc1C(=O)OCCCC ,2,-7.416991710662842,-0.88641756772995
CCCCOC(=O)c1ccccc1C(=O)OCCCC ,3,-7.416481971740723,-0.8863809108734131
CCCCOC(=O)c1ccccc1C(=O)OCCCC ,4,-7.415843486785889,-0.8862895965576172
CC34CCC1C(=CCc2cc(O)ccc12)C3CCC4=O,1,-7.401638031005859,-0.8866783380508423
CC34CCC1C(=CCc2cc(O)ccc12)C3CCC4=O,2,-7.401145935058594,-0.8866615891456604
CC34CCC1C(=CCc2cc(O)ccc12)C3CCC4=O,3,-7.401514053344727,-0.8867278695106506
CC34CCC1C(=CCc2cc(O)ccc12)C3CCC4=O,4,-7.400788307189941,-0.886609673500061
COc1ccc(cc1)N(=O)=O,1,-7.7491655349731445,-0.9427810907363892
COc1ccc(cc1)N(=O)=O,2,-7.749200820922852,-0.9427759647369385
COc1ccc(cc1)N(=O)=O,3,-7.7494330406188965,-0.9428225159645081
COc1ccc(cc1)N(=O)=O,4,-7.7498345375061035,-0.9428795576095581
OCC1OC(CO)(OC2OC(COC3OC(CO)C(O)C(O)C3O)C(O)C(O)C2O)C(O)C1O,1,-7.3766279220581055,-0.8896988034248352
OCC1OC(CO)(OC2OC(COC3OC(CO)C(O)C(O)C3O)C(O)C(O)C2O)C(O)C1O,2,-7.375528812408447,-0.8896001577377319
OCC1OC(CO)(OC2OC(COC3OC(CO)C(O)C(O)C3O)C(O)C(O)C2O)C(O)C1O,3,-7.374842166900635,-0.8895917534828186
OCC1OC(CO)(OC2OC(COC3OC(CO)C(O)C(O)C3O)C(O)C(O)C2O)C(O)C1O,4,-7.375942707061768,-0.8896727561950684
CCCCCCCCCCCCCCCCCCCCCCCCCC,1,-7.410894870758057,-0.8673564195632935
CCCCCCCCCCCCCCCCCCCCCCCCCC,2,-7.40955114364624,-0.8672570586204529
CCCCCCCCCCCCCCCCCCCCCCCCCC,3,-7.411494255065918,-0.8674241304397583
CCCCCCCCCCCCCCCCCCCCCCCCCC,4,-7.40769100189209,-0.8670772910118103
CCN2c1ccccc1N(C)C(=O)c3cccnc23 ,1,-8.053382873535156,-0.9730679392814636
CCN2c1ccccc1N(C)C(=O)c3cccnc23 ,2,-8.052830696105957,-0.9729984402656555
CCN2c1ccccc1N(C)C(=O)c3cccnc23 ,3,-8.05310344696045,-0.9730386137962341
CCN2c1ccccc1N(C)C(=O)c3cccnc23 ,4,-8.052865028381348,-0.9730024933815002
CCCN(CCC)c1c(cc(cc1N(=O)=O)C(C)C)N(=O)=O,1,-7.782565593719482,-0.9321683645248413
CCCN(CCC)c1c(cc(cc1N(=O)=O)C(C)C)N(=O)=O,2,-7.783731937408447,-0.9323403239250183
CCCN(CCC)c1c(cc(cc1N(=O)=O)C(C)C)N(=O)=O,3,-7.783350467681885,-0.9322993755340576
CCCN(CCC)c1c(cc(cc1N(=O)=O)C(C)C)N(=O)=O,4,-7.782312870025635,-0.9321320056915283
OC1CCCCCCC1,1,-7.359452724456787,-0.8675159811973572
OC1CCCCCCC1,2,-7.360890865325928,-0.8675728440284729
OC1CCCCCCC1,3,-7.358022212982178,-0.867360532283783
OC1CCCCCCC1,4,-7.359206676483154,-0.8675573468208313
CC1(O)CCC2C3CCC4=CC(=O)CCC4(C)C3CCC21C,1,-7.367361068725586,-0.8735926747322083
CC1(O)CCC2C3CCC4=CC(=O)CCC4(C)C3CCC21C,2,-7.3679351806640625,-0.8736411333084106
CC1(O)CCC2C3CCC4=CC(=O)CCC4(C)C3CCC21C,3,-7.3669843673706055,-0.8735286593437195
CC1(O)CCC2C3CCC4=CC(=O)CCC4(C)C3CCC21C,4,-7.367708206176758,-0.8736123442649841
CCOc1ccc(NC(N)=O)cc1,1,-7.923696994781494,-0.954912543296814
CCOc1ccc(NC(N)=O)cc1,2,-7.924117565155029,-0.9549745917320251
CCOc1ccc(NC(N)=O)cc1,3,-7.924131393432617,-0.9549771547317505
CCOc1ccc(NC(N)=O)cc1,4,-7.9229207038879395,-0.9548106789588928
C/C1CCC(\C)CC1,1,-7.380749225616455,-0.8639873266220093
C/C1CCC(\C)CC1,2,-7.3804826736450195,-0.8639654517173767
C/C1CCC(\C)CC1,3,-7.379157066345215,-0.863821268081665
C/C1CCC(\C)CC1,4,-7.379682540893555,-0.8639046549797058
c1cnc2c(c1)ccc3ncccc23,1,-8.072714805603027,-0.9835138916969299
c1cnc2c(c1)ccc3ncccc23,2,-8.074063301086426,-0.9837085604667664
c1cnc2c(c1)ccc3ncccc23,3,-8.072226524353027,-0.9834405779838562
c1cnc2c(c1)ccc3ncccc23,4,-8.071677207946777,-0.9833627343177795
COC(C)(C)C,1,-7.342423915863037,-0.8595247864723206
COC(C)(C)C,2,-7.342373847961426,-0.8595191836357117
COC(C)(C)C,3,-7.342336177825928,-0.8595103025436401
COC(C)(C)C,4,-7.343055725097656,-0.8596159815788269
COc1ccc(C=CC)cc1,1,-7.4084672927856445,-0.8845922946929932
COc1ccc(C=CC)cc1,2,-7.40839147567749,-0.8845924735069275
COc1ccc(C=CC)cc1,3,-7.408268928527832,-0.8845683336257935
COc1ccc(C=CC)cc1,4,-7.409648895263672,-0.8847617506980896
CCCCCCCCCCCCCCCCO,1,-7.3678812980651855,-0.8640971183776855
CCCCCCCCCCCCCCCCO,2,-7.368481636047363,-0.8641474843025208
CCCCCCCCCCCCCCCCO,3,-7.367685317993164,-0.8640518188476562
CCCCCCCCCCCCCCCCO,4,-7.367266654968262,-0.8640512228012085
O=c1cc[nH]c(=O)[nH]1 ,1,-8.500505447387695,-1.0448483228683472
O=c1cc[nH]c(=O)[nH]1 ,2,-8.501276016235352,-1.044950008392334
O=c1cc[nH]c(=O)[nH]1 ,3,-8.501343727111816,-1.0449681282043457
O=c1cc[nH]c(=O)[nH]1 ,4,-8.50195026397705,-1.045041799545288
Nc1ncnc2nc[nH]c12 ,1,-9.234772682189941,-1.1298649311065674
Nc1ncnc2nc[nH]c12 ,2,-9.234811782836914,-1.1298729181289673
Nc1ncnc2nc[nH]c12 ,3,-9.236737251281738,-1.1301536560058594
Nc1ncnc2nc[nH]c12 ,4,-9.236044883728027,-1.130055546760559
COc1ccc(cc1)C(O)(C2CC2)c3cncnc3 ,1,-7.807811737060547,-0.9427443742752075
COc1ccc(cc1)C(O)(C2CC2)c3cncnc3 ,2,-7.805253505706787,-0.9424409866333008
COc1ccc(cc1)C(O)(C2CC2)c3cncnc3 ,3,-7.804934501647949,-0.9423911571502686
COc1ccc(cc1)C(O)(C2CC2)c3cncnc3 ,4,-7.805931091308594,-0.9425123333930969
c1ccc2c(c1)c3cccc4c3c2cc5ccccc54,1,-7.327475070953369,-0.887413740158081
c1ccc2c(c1)c3cccc4c3c2cc5ccccc54,2,-7.327600479125977,-0.8874335289001465
c1ccc2c(c1)c3cccc4c3c2cc5ccccc54,3,-7.327738285064697,-0.8874492645263672
c1ccc2c(c1)c3cccc4c3c2cc5ccccc54,4,-7.326113224029541,-0.8872162699699402
O=C(Nc1ccccc1)Nc2ccccc2,1,-7.961212635040283,-0.9655104279518127
O=C(Nc1ccccc1)Nc2ccccc2,2,-7.96128511428833,-0.9655166268348694
O=C(Nc1ccccc1)Nc2ccccc2,3,-7.961136341094971,-0.9654988646507263
O=C(Nc1ccccc1)Nc2ccccc2,4,-7.961740970611572,-0.9655824303627014
CCC1(C(=O)NC(=O)NC1=O)c2ccccc2 ,1,-7.923840522766113,-0.9620295166969299
CCC1(C(=O)NC(=O)NC1=O)c2ccccc2 ,2,-7.924487590789795,-0.962099015712738
CCC1(C(=O)NC(=O)NC1=O)c2ccccc2 ,3,-7.923573970794678,-0.9620854258537292
CCC1(C(=O)NC(=O)NC1=O)c2ccccc2 ,4,-7.923015117645264,-0.9620136618614197
CC(C)c1ccc(NC(=O)N(C)C)cc1,1,-7.8052568435668945,-0.9307050108909607
CC(C)c1ccc(NC(=O)N(C)C)cc1,2,-7.805002212524414,-0.9306746125221252
CC(C)c1ccc(NC(=O)N(C)C)cc1,3,-7.804542064666748,-0.9306102395057678
CC(C)c1ccc(NC(=O)N(C)C)cc1,4,-7.805143356323242,-0.9306889176368713
CCC(C)(C)CO,1,-7.303879737854004,-0.854828953742981
CCC(C)(C)CO,2,-7.304011821746826,-0.8548397421836853
CCC(C)(C)CO,3,-7.303930759429932,-0.8548391461372375
CCC(C)(C)CO,4,-7.304067611694336,-0.8548420071601868
CCCOC(=O)CCC,1,-7.3779401779174805,-0.8729825615882874
CCCOC(=O)CCC,2,-7.378525733947754,-0.8730037808418274
CCCOC(=O)CCC,3,-7.378928184509277,-0.8730869293212891
CCCOC(=O)CCC,4,-7.3793463706970215,-0.8731167316436768
Cc1c(cc(cc1N(=O)=O)N(=O)=O)N(=O)=O,1,-8.137481689453125,-1.0038416385650635
Cc1c(cc(cc1N(=O)=O)N(=O)=O)N(=O)=O,2,-8.136940956115723,-1.0037720203399658
Cc1c(cc(cc1N(=O)=O)N(=O)=O)N(=O)=O,3,-8.137028694152832,-1.0037903785705566
Cc1c(cc(cc1N(=O)=O)N(=O)=O)N(=O)=O,4,-8.13635540008545,-1.0036940574645996
C1CCCCCC1,1,-7.407238960266113,-0.8681846261024475
C1CCCCCC1,2,-7.407538414001465,-0.8682255148887634
C1CCCCCC1,3,-7.405041217803955,-0.8680235743522644
C1CCCCCC1,4,-7.405786991119385,-0.8681272864341736
CCCOC=O,1,-7.400856971740723,-0.8817566633224487
CCCOC=O,2,-7.400758266448975,-0.881734311580658
CCCOC=O,3,-7.400648593902588,-0.8817403316497803
CCCOC=O,4,-7.398969650268555,-0.8815765976905823
CC(C)c1ccccc1C,1,-7.343807220458984,-0.8670398592948914
CC(C)c1ccccc1C,2,-7.343736171722412,-0.8670350909233093
CC(C)c1ccccc1C,3,-7.34356689453125,-0.8670092225074768
CC(C)c1ccccc1C,4,-7.34346866607666,-0.866998553276062
CC(C)CC(C)C,1,-7.388181686401367,-0.8600947260856628
CC(C)CC(C)C,2,-7.387547492980957,-0.8600082993507385
CC(C)CC(C)C,3,-7.3857526779174805,-0.8598533868789673
CC(C)CC(C)C,4,-7.384955406188965,-0.8597467541694641
o1c2ccccc2c3ccccc13,1,-7.473855018615723,-0.9077155590057373
o1c2ccccc2c3ccccc13,2,-7.472959041595459,-0.9075803160667419
o1c2ccccc2c3ccccc13,3,-7.472878456115723,-0.9075632095336914
o1c2ccccc2c3ccccc13,4,-7.474123954772949,-0.9077516794204712
CN(C)C(=O)Nc1cccc(c1)C(F)(F)F,1,-8.379609107971191,-1.002626657485962
CN(C)C(=O)Nc1cccc(c1)C(F)(F)F,2,-8.379057884216309,-1.0025578737258911
CN(C)C(=O)Nc1cccc(c1)C(F)(F)F,3,-8.37883186340332,-1.002518892288208
CN(C)C(=O)Nc1cccc(c1)C(F)(F)F,4,-8.37901782989502,-1.0025354623794556
c3ccc2nc1ccccc1cc2c3,1,-7.720107555389404,-0.9370212554931641
c3ccc2nc1ccccc1cc2c3,2,-7.7194108963012695,-0.9369194507598877
c3ccc2nc1ccccc1cc2c3,3,-7.72110652923584,-0.9371598958969116
c3ccc2nc1ccccc1cc2c3,4,-7.72003698348999,-0.9370076060295105
CC12CC(=O)C3C(CCC4=CC(=O)CCC34C)C2CCC1(O)C(=O)CO,1,-7.401891231536865,-0.885781466960907
CC12CC(=O)C3C(CCC4=CC(=O)CCC34C)C2CCC1(O)C(=O)CO,2,-7.4033403396606445,-0.8859970569610596
CC12CC(=O)C3C(CCC4=CC(=O)CCC34C)C2CCC1(O)C(=O)CO,3,-7.402851581573486,-0.8859692215919495
CC12CC(=O)C3C(CCC4=CC(=O)CCC34C)C2CCC1(O)C(=O)CO,4,-7.402055740356445,-0.8858166933059692
OCC1OC(O)C(O)C(O)C1O,1,-7.343469142913818,-0.8838772773742676
OCC1OC(O)C(O)C(O)C1O,2,-7.34218168258667,-0.8836395740509033
OCC1OC(O)C(O)C(O)C1O,3,-7.342748165130615,-0.8837671279907227
OCC1OC(O)C(O)C(O)C1O,4,-7.342512130737305,-0.883650541305542
Cc1cccc(O)c1,1,-7.399204730987549,-0.8869668841362
Cc1cccc(O)c1,2,-7.398272514343262,-0.8868393898010254
Cc1cccc(O)c1,3,-7.398446083068848,-0.8868544101715088
Cc1cccc(O)c1,4,-7.398923397064209,-0.8869242668151855
CCC(C)C(=O)OC2CC(C)C=C3C=CC(C)C(CCC1CC(O)CC(=O)O1)C23 ,1,-7.393664360046387,-0.8811877965927124
CCC(C)C(=O)OC2CC(C)C=C3C=CC(C)C(CCC1CC(O)CC(=O)O1)C23 ,2,-7.394682884216309,-0.8813169002532959
CCC(C)C(=O)OC2CC(C)C=C3C=CC(C)C(CCC1CC(O)CC(=O)O1)C23 ,3,-7.394911766052246,-0.881356954574585
CCC(C)C(=O)OC2CC(C)C=C3C=CC(C)C(CCC1CC(O)CC(=O)O1)C23 ,4,-7.394670009613037,-0.8813260197639465
O=N(=O)c1ccc(cc1)N(=O)=O,1,-8.087465286254883,-0.9987538456916809
O=N(=O)c1ccc(cc1)N(=O)=O,2,-8.086932182312012,-0.9986866116523743
O=N(=O)c1ccc(cc1)N(=O)=O,3,-8.087645530700684,-0.9988057017326355
O=N(=O)c1ccc(cc1)N(=O)=O,4,-8.086862564086914,-0.9986850619316101
CCC1(C(=O)NC(=O)NC1=O)C2=CCC3CCC2C3,1,-7.789220809936523,-0.9376530647277832
CCC1(C(=O)NC(=O)NC1=O)C2=CCC3CCC2C3,2,-7.789238929748535,-0.9376022815704346
CCC1(C(=O)NC(=O)NC1=O)C2=CCC3CCC2C3,3,-7.789120674133301,-0.9376205801963806
CCC1(C(=O)NC(=O)NC1=O)C2=CCC3CCC2C3,4,-7.788192272186279,-0.9374509453773499
CCCCCCCCCC(=O)OCC,1,-7.373064994812012,-0.8693748116493225
CCCCCCCCCC(=O)OCC,2,-7.373346328735352,-0.8694214820861816
CCCCCCCCCC(=O)OCC,3,-7.3730387687683105,-0.8693817853927612
CCCCCCCCCC(=O)OCC,4,-7.372338771820068,-0.8692979216575623
CN(C)C(=O)Nc1ccccc1,1,-7.9785566329956055,-0.958376407623291
CN(C)C(=O)Nc1ccccc1,2,-7.9795241355896,-0.9584992527961731
CN(C)C(=O)Nc1ccccc1,3,-7.9786152839660645,-0.9583808183670044
CN(C)C(=O)Nc1ccccc1,4,-7.97966194152832,-0.9585155844688416
CCCOCC,1,-7.367891788482666,-0.8648242950439453
CCCOCC,2,-7.368061542510986,-0.8649131655693054
CCCOCC,3,-7.367557525634766,-0.8648932576179504
CCCOCC,4,-7.368596076965332,-0.8650524616241455
CC(C)O,1,-7.2984113693237305,-0.855423092842102
CC(C)O,2,-7.298664093017578,-0.8553261160850525
CC(C)O,3,-7.296899318695068,-0.855102002620697
CC(C)O,4,-7.298029899597168,-0.8552636504173279
Cc1ccc2ccccc2c1,1,-7.347060203552246,-0.8799527883529663
Cc1ccc2ccccc2c1,2,-7.346780300140381,-0.8799145221710205
Cc1ccc2ccccc2c1,3,-7.346853256225586,-0.8799231052398682
Cc1ccc2ccccc2c1,4,-7.345542907714844,-0.8797411322593689
CCC(C(CC)c1ccc(O)cc1)c2ccc(O)cc2,1,-7.39168119430542,-0.8830834627151489
CCC(C(CC)c1ccc(O)cc1)c2ccc(O)cc2,2,-7.390975475311279,-0.8829951286315918
CCC(C(CC)c1ccc(O)cc1)c2ccc(O)cc2,3,-7.3901567459106445,-0.8829018473625183
CCC(C(CC)c1ccc(O)cc1)c2ccc(O)cc2,4,-7.390265941619873,-0.8829064965248108
C/C=C/C=O,1,-7.420578956604004,-0.88552325963974
C/C=C/C=O,2,-7.419538497924805,-0.8853955864906311
C/C=C/C=O,3,-7.421384334564209,-0.8856946229934692
C/C=C/C=O,4,-7.420076847076416,-0.88550865650177
Cc1c2ccccc2c(C)c3ccccc13,1,-7.345126628875732,-0.8794108033180237
Cc1c2ccccc2c(C)c3ccccc13,2,-7.346592426300049,-0.879612386226654
Cc1c2ccccc2c(C)c3ccccc13,3,-7.3463006019592285,-0.8795800805091858
Cc1c2ccccc2c(C)c3ccccc13,4,-7.345115661621094,-0.8794365525245667
CCCCCC(=O)OC,1,-7.3744282722473145,-0.8723797798156738
CCCCCC(=O)OC,2,-7.373598575592041,-0.8722903728485107
CCCCCC(=O)OC,3,-7.373426914215088,-0.8722510933876038
CCCCCC(=O)OC,4,-7.373584270477295,-0.8722721934318542
CC(=O)Nc1ccc(F)cc1,1,-8.050411224365234,-0.9700810313224792
CC(=O)Nc1ccc(F)cc1,2,-8.050363540649414,-0.970080554485321
CC(=O)Nc1ccc(F)cc1,3,-8.049785614013672,-0.9699859023094177
CC(=O)Nc1ccc(F)cc1,4,-8.049564361572266,-0.9699596762657166
C1CCC=CC1,1,-7.391077041625977,-0.871170699596405
C1CCC=CC1,2,-7.389854431152344,-0.8709983229637146
C1CCC=CC1,3,-7.390688419342041,-0.871117353439331
C1CCC=CC1,4,-7.391220569610596,-0.8711812496185303
CC12CC(O)C3C(CCC4=CC(=O)CCC34C)C2CCC1(O)C(=O)CO,1,-7.383208274841309,-0.881866991519928
CC12CC(O)C3C(CCC4=CC(=O)CCC34C)C2CCC1(O)C(=O)CO,2,-7.382821559906006,-0.8818324208259583
CC12CC(O)C3C(CCC4=CC(=O)CCC34C)C2CCC1(O)C(=O)CO,3,-7.381356239318848,-0.8816409707069397
CC12CC(O)C3C(CCC4=CC(=O)CCC34C)C2CCC1(O)C(=O)CO,4,-7.382757186889648,-0.8818187713623047
c1cncnc1,1,-8.759894371032715,-1.0668834447860718
c1cncnc1,2,-8.760498046875,-1.0669583082199097
c1cncnc1,3,-8.762182235717773,-1.0671768188476562
c1cncnc1,4,-8.760302543640137,-1.0669444799423218
CCC(=O)OC,1,-7.3954997062683105,-0.8789761066436768
CCC(=O)OC,2,-7.394439220428467,-0.8788555860519409
CCC(=O)OC,3,-7.394552707672119,-0.878882110118866
CCC(=O)OC,4,-7.394660472869873,-0.8788757920265198
O=N(=O)c1ccccc1,1,-7.85260534286499,-0.9597370028495789
O=N(=O)c1ccccc1,2,-7.852402210235596,-0.9597068428993225
O=N(=O)c1ccccc1,3,-7.851672649383545,-0.959596574306488
O=N(=O)c1ccccc1,4,-7.8521409034729,-0.959672749042511
COc1ccccc1OCC(O)COC(N)=O,1,-7.648969650268555,-0.923485279083252
COc1ccccc1OCC(O)COC(N)=O,2,-7.650405406951904,-0.9236050248146057
COc1ccccc1OCC(O)COC(N)=O,3,-7.648494720458984,-0.9233720302581787
COc1ccccc1OCC(O)COC(N)=O,4,-7.6479902267456055,-0.9232906699180603
CCCC(=O)OC,1,-7.382438659667969,-0.8756754398345947
CCCC(=O)OC,2,-7.383509635925293,-0.8757747411727905
CCCC(=O)OC,3,-7.38221549987793,-0.8756151795387268
CCCC(=O)OC,4,-7.383038520812988,-0.8757300972938538
Nc3nc(N)c2nc(c1ccccc1)c(N)nc2n3,1,-8.737903594970703,-1.0641465187072754
Nc3nc(N)c2nc(c1ccccc1)c(N)nc2n3,2,-8.73924732208252,-1.0643601417541504
Nc3nc(N)c2nc(c1ccccc1)c(N)nc2n3,3,-8.74036693572998,-1.0645211935043335
Nc3nc(N)c2nc(c1ccccc1)c(N)nc2n3,4,-8.741339683532715,-1.0646922588348389
CCCCCC(=O)OCC,1,-7.37579345703125,-0.8718392252922058
CCCCCC(=O)OCC,2,-7.376011371612549,-0.8718684315681458
CCCCCC(=O)OCC,3,-7.3756937980651855,-0.8718910217285156
CCCCCC(=O)OCC,4,-7.376096725463867,-0.8718059659004211
CN(C=Nc1ccc(C)cc1C)C=Nc2ccc(C)cc2C,1,-7.868099689483643,-0.9408195614814758
CN(C=Nc1ccc(C)cc1C)C=Nc2ccc(C)cc2C,2,-7.867920398712158,-0.9407929182052612
CN(C=Nc1ccc(C)cc1C)C=Nc2ccc(C)cc2C,3,-7.868696212768555,-0.9409264922142029
CN(C=Nc1ccc(C)cc1C)C=Nc2ccc(C)cc2C,4,-7.868880271911621,-0.9409468770027161
COc1nc(NC(C)C)nc(NC(C)C)n1,1,-8.193629264831543,-0.9797545075416565
COc1nc(NC(C)C)nc(NC(C)C)n1,2,-8.19422435760498,-0.9798893332481384
COc1nc(NC(C)C)nc(NC(C)C)n1,3,-8.192682266235352,-0.9796908497810364
COc1nc(NC(C)C)nc(NC(C)C)n1,4,-8.192726135253906,-0.9796952605247498
CCCCCCC=C,1,-7.406094551086426,-0.8673028945922852
CCCCCCC=C,2,-7.406332015991211,-0.8673548102378845
CCCCCCC=C,3,-7.406778335571289,-0.867409884929657
CCCCCCC=C,4,-7.406035423278809,-0.8673078417778015
Cc1ccc(N)cc1,1,-7.783629894256592,-0.9290280938148499
Cc1ccc(N)cc1,2,-7.783062934875488,-0.9289522171020508
Cc1ccc(N)cc1,3,-7.7836456298828125,-0.9290337562561035
Cc1ccc(N)cc1,4,-7.783161640167236,-0.9289515614509583
c1ccccc1(OC(=O)NC),1,-7.800219535827637,-0.9428216218948364
c1ccccc1(OC(=O)NC),2,-7.8016357421875,-0.9430166482925415
c1ccccc1(OC(=O)NC),3,-7.800793647766113,-0.9429109692573547
c1ccccc1(OC(=O)NC),4,-7.8006672859191895,-0.9428993463516235
CCCC(O)CC,1,-7.329143047332764,-0.8592721223831177
CCCC(O)CC,2,-7.328409671783447,-0.8591551184654236
CCCC(O)CC,3,-7.328258514404297,-0.8591830730438232
CCCC(O)CC,4,-7.328220844268799,-0.8591633439064026
c3ccc2c(O)c1ccccc1cc2c3 ,1,-7.425281524658203,-0.9000938534736633
c3ccc2c(O)c1ccccc1cc2c3 ,2,-7.425899028778076,-0.9001952409744263
c3ccc2c(O)c1ccccc1cc2c3 ,3,-7.424666881561279,-0.900006115436554
c3ccc2c(O)c1ccccc1cc2c3 ,4,-7.426107883453369,-0.9002044200897217
Cc1ccc2cc3ccccc3cc2c1,1,-7.34179162979126,-0.882416844367981
Cc1ccc2cc3ccccc3cc2c1,2,-7.3408427238464355,-0.8823091387748718
Cc1ccc2cc3ccccc3cc2c1,3,-7.340709209442139,-0.8822827935218811
Cc1ccc2cc3ccccc3cc2c1,4,-7.34196138381958,-0.8824361562728882
Cc1cccc(C)c1C,1,-7.33730936050415,-0.8668450117111206
Cc1cccc(C)c1C,2,-7.336946487426758,-0.8667970299720764
Cc1cccc(C)c1C,3,-7.337488651275635,-0.8668707609176636
Cc1cccc(C)c1C,4,-7.337734699249268,-0.8669123649597168
CNC(=O)Oc1ccc(N(C)C)c(C)c1,1,-7.8282470703125,-0.9368945956230164
CNC(=O)Oc1ccc(N(C)C)c(C)c1,2,-7.826458930969238,-0.9366961717605591
CNC(=O)Oc1ccc(N(C)C)c(C)c1,3,-7.826573848724365,-0.9367024898529053
CNC(=O)Oc1ccc(N(C)C)c(C)c1,4,-7.827025890350342,-0.9367791414260864
CCCCCCCC(C)O,1,-7.346512317657471,-0.8614256978034973
CCCCCCCC(C)O,2,-7.346996784210205,-0.8613998889923096
CCCCCCCC(C)O,3,-7.346529006958008,-0.8614087700843811
CCCCCCCC(C)O,4,-7.345541477203369,-0.8613381385803223
CN(C(=O)NC(C)(C)c1ccccc1)c2ccccc2,1,-7.777151107788086,-0.9328311681747437
CN(C(=O)NC(C)(C)c1ccccc1)c2ccccc2,2,-7.777085304260254,-0.9328042268753052
CN(C(=O)NC(C)(C)c1ccccc1)c2ccccc2,3,-7.776393890380859,-0.9327050447463989
CN(C(=O)NC(C)(C)c1ccccc1)c2ccccc2,4,-7.7764506340026855,-0.932715117931366
CCCC(=O)CC,1,-7.374543190002441,-0.8682839274406433
CCCC(=O)CC,2,-7.374701023101807,-0.868317723274231
CCCC(=O)CC,3,-7.374814987182617,-0.868323564529419
CCCC(=O)CC,4,-7.374757289886475,-0.8682867884635925
Oc1cccc2ncccc12 ,1,-7.832644939422607,-0.9534355998039246
Oc1cccc2ncccc12 ,2,-7.8322553634643555,-0.9533841609954834
Oc1cccc2ncccc12 ,3,-7.8321099281311035,-0.9533673524856567
Oc1cccc2ncccc12 ,4,-7.83320426940918,-0.9535120725631714
CCC1(CC)C(=O)NC(=O)N(C)C1=O ,1,-7.888487815856934,-0.9475724101066589
CCC1(CC)C(=O)NC(=O)N(C)C1=O ,2,-7.888603687286377,-0.9475927352905273
CCC1(CC)C(=O)NC(=O)N(C)C1=O ,3,-7.888817310333252,-0.947613000869751
CCC1(CC)C(=O)NC(=O)N(C)C1=O ,4,-7.888655662536621,-0.9475973844528198
CC(=O)OCC(=O)C3CCC4C2CCC1=CC(=O)CCC1(C)C2CCC34C ,1,-7.404321670532227,-0.8828900456428528
CC(=O)OCC(=O)C3CCC4C2CCC1=CC(=O)CCC1(C)C2CCC34C ,2,-7.40370512008667,-0.882915735244751
CC(=O)OCC(=O)C3CCC4C2CCC1=CC(=O)CCC1(C)C2CCC34C ,3,-7.4035844802856445,-0.8828932046890259
CC(=O)OCC(=O)C3CCC4C2CCC1=CC(=O)CCC1(C)C2CCC34C ,4,-7.40319299697876,-0.8827621340751648
NC(=O)NCc1ccccc1 ,1,-8.00806713104248,-0.9657270312309265
NC(=O)NCc1ccccc1 ,2,-8.00803279876709,-0.965718686580658
NC(=O)NCc1ccccc1 ,3,-8.009124755859375,-0.9658707976341248
NC(=O)NCc1ccccc1 ,4,-8.008522987365723,-0.965778648853302
OC1CCCCCC1,1,-7.3542704582214355,-0.8674373030662537
OC1CCCCCC1,2,-7.353493690490723,-0.8673699498176575
OC1CCCCCC1,3,-7.353544235229492,-0.8674122095108032
OC1CCCCCC1,4,-7.354495048522949,-0.8676084876060486
Oc1ccc(cc1)N(=O)=O,1,-7.796947956085205,-0.9555444717407227
Oc1ccc(cc1)N(=O)=O,2,-7.795741558074951,-0.955359160900116
Oc1ccc(cc1)N(=O)=O,3,-7.795876979827881,-0.9553847312927246
Oc1ccc(cc1)N(=O)=O,4,-7.796723365783691,-0.955507755279541
C1CCOC1,1,-7.3832902908325195,-0.875215470790863
C1CCOC1,2,-7.384390354156494,-0.8754136562347412
C1CCOC1,3,-7.383986473083496,-0.8753237724304199
C1CCOC1,4,-7.383776664733887,-0.8752928972244263
Nc1ccccc1N(=O)=O,1,-8.108651161193848,-0.9882554411888123
Nc1ccccc1N(=O)=O,2,-8.109493255615234,-0.9883752465248108
Nc1ccccc1N(=O)=O,3,-8.108772277832031,-0.9882708191871643
Nc1ccccc1N(=O)=O,4,-8.108763694763184,-0.9882705807685852
CCCCC1C(=O)N(N(C1=O)c2ccccc2)c3ccccc3 ,1,-7.77161169052124,-0.9373648166656494
CCCCC1C(=O)N(N(C1=O)c2ccccc2)c3ccccc3 ,2,-7.772395133972168,-0.9374266266822815
CCCCC1C(=O)N(N(C1=O)c2ccccc2)c3ccccc3 ,3,-7.771505832672119,-0.937345027923584
CCCCC1C(=O)N(N(C1=O)c2ccccc2)c3ccccc3 ,4,-7.772218704223633,-0.9374309778213501
Cc1c(cccc1N(=O)=O)N(=O)=O,1,-7.980257034301758,-0.9773892760276794
Cc1c(cccc1N(=O)=O)N(=O)=O,2,-7.981146335601807,-0.9775117039680481
Cc1c(cccc1N(=O)=O)N(=O)=O,3,-7.980698108673096,-0.9774474501609802
Cc1c(cccc1N(=O)=O)N(=O)=O,4,-7.980360984802246,-0.9773990511894226
CC(=O)C1CCC2C3CCC4=CC(=O)CCC4(C)C3CCC12C,1,-7.38723087310791,-0.8771617412567139
CC(=O)C1CCC2C3CCC4=CC(=O)CCC4(C)C3CCC12C,2,-7.384729862213135,-0.8768773078918457
CC(=O)C1CCC2C3CCC4=CC(=O)CCC4(C)C3CCC12C,3,-7.383904933929443,-0.8768099546432495
CC(=O)C1CCC2C3CCC4=CC(=O)CCC4(C)C3CCC12C,4,-7.385378837585449,-0.8769315481185913
O=C1NC(=O)NC(=O)C1(C(C)CCC)CC=C,1,-7.80055570602417,-0.9357821941375732
O=C1NC(=O)NC(=O)C1(C(C)CCC)CC=C,2,-7.799812316894531,-0.9357802867889404
O=C1NC(=O)NC(=O)C1(C(C)CCC)CC=C,3,-7.798982620239258,-0.9356279969215393
O=C1NC(=O)NC(=O)C1(C(C)CCC)CC=C,4,-7.797988414764404,-0.9354534149169922
c1(O)c(C)ccc(C(C)C)c1,1,-7.357071399688721,-0.873161256313324
c1(O)c(C)ccc(C(C)C)c1,2,-7.355922222137451,-0.8730086088180542
c1(O)c(C)ccc(C(C)C)c1,3,-7.35645866394043,-0.873090386390686
c1(O)c(C)ccc(C(C)C)c1,4,-7.356865882873535,-0.8731338977813721
Oc1ccc(c(O)c1)c3oc2cc(O)cc(O)c2c(=O)c3O ,1,-7.5124053955078125,-0.9230419397354126
Oc1ccc(c(O)c1)c3oc2cc(O)cc(O)c2c(=O)c3O ,2,-7.512727737426758,-0.9231123328208923
Oc1ccc(c(O)c1)c3oc2cc(O)cc(O)c2c(=O)c3O ,3,-7.512609958648682,-0.9231027364730835
Oc1ccc(c(O)c1)c3oc2cc(O)cc(O)c2c(=O)c3O ,4,-7.511642932891846,-0.9231079816818237
C1CCCCC1,1,-7.400661945343018,-0.8674149513244629
C1CCCCC1,2,-7.400275707244873,-0.867353618144989
C1CCCCC1,3,-7.399857521057129,-0.8672943711280823
C1CCCCC1,4,-7.399988174438477,-0.8673097491264343
CC34CCc1c(ccc2cc(O)ccc12)C3CCC4=O,1,-7.410712242126465,-0.8902318477630615
CC34CCc1c(ccc2cc(O)ccc12)C3CCC4=O,2,-7.407557010650635,-0.8898687958717346
CC34CCc1c(ccc2cc(O)ccc12)C3CCC4=O,3,-7.407533645629883,-0.8898748159408569
CC34CCc1c(ccc2cc(O)ccc12)C3CCC4=O,4,-7.407215118408203,-0.8898361921310425
CCCCCCCCO,1,-7.342712879180908,-0.8614102005958557
CCCCCCCCO,2,-7.342337131500244,-0.8613706827163696
CCCCCCCCO,3,-7.342806339263916,-0.8614336252212524
CCCCCCCCO,4,-7.3405537605285645,-0.8611780405044556
Nc1ccc(cc1)N(=O)=O,1,-8.110269546508789,-0.9884997010231018
Nc1ccc(cc1)N(=O)=O,2,-8.109354972839355,-0.9883689284324646
Nc1ccc(cc1)N(=O)=O,3,-8.109457015991211,-0.9883827567100525
Nc1ccc(cc1)N(=O)=O,4,-8.110913276672363,-0.9885939955711365
OCC1OC(OC2C(O)C(O)C(O)OC2CO)C(O)C(O)C1O,1,-7.367627143859863,-0.8884855508804321
OCC1OC(OC2C(O)C(O)C(O)OC2CO)C(O)C(O)C1O,2,-7.36773157119751,-0.8885452747344971
OCC1OC(OC2C(O)C(O)C(O)OC2CO)C(O)C(O)C1O,3,-7.367179870605469,-0.8884411454200745
OCC1OC(OC2C(O)C(O)C(O)OC2CO)C(O)C(O)C1O,4,-7.366289138793945,-0.8884357810020447
CCN2c1ncccc1N(CC)C(=O)c3cccnc23 ,1,-8.191864013671875,-0.9899623990058899
CCN2c1ncccc1N(CC)C(=O)c3cccnc23 ,2,-8.189794540405273,-0.989673912525177
CCN2c1ncccc1N(CC)C(=O)c3cccnc23 ,3,-8.189373016357422,-0.9896261096000671
CCN2c1ncccc1N(CC)C(=O)c3cccnc23 ,4,-8.19028377532959,-0.9897653460502625
CCCCCCCC=C,1,-7.407327175140381,-0.8675457239151001
CCCCCCCC=C,2,-7.406246662139893,-0.8674882650375366
CCCCCCCC=C,3,-7.406416893005371,-0.8674607276916504
CCCCCCCC=C,4,-7.405299186706543,-0.8673415184020996
CCC(C)(O)CC,1,-7.317136287689209,-0.8564949035644531
CCC(C)(O)CC,2,-7.316256523132324,-0.8563836216926575
CCC(C)(O)CC,3,-7.316356182098389,-0.8564291000366211
CCC(C)(O)CC,4,-7.316466808319092,-0.8564556241035461
CCCCCc1ccccc1,1,-7.3700103759765625,-0.8707770705223083
CCCCCc1ccccc1,2,-7.368399143218994,-0.8705624938011169
CCCCCc1ccccc1,3,-7.367018222808838,-0.8704586029052734
CCCCCc1ccccc1,4,-7.367092132568359,-0.870510458946228
NC(=O)NC1NC(=O)NC1=O ,1,-8.644502639770508,-1.0599905252456665
NC(=O)NC1NC(=O)NC1=O ,2,-8.643972396850586,-1.059921145439148
NC(=O)NC1NC(=O)NC1=O ,3,-8.643755912780762,-1.05986750125885
NC(=O)NC1NC(=O)NC1=O ,4,-8.643366813659668,-1.0598195791244507
CC(=O)OC3CCC4C2CCC1=CC(=O)CCC1(C)C2CCC34C ,1,-7.394657135009766,-0.8799599409103394
CC(=O)OC3CCC4C2CCC1=CC(=O)CCC1(C)C2CCC34C ,2,-7.393970966339111,-0.8799397945404053
CC(=O)OC3CCC4C2CCC1=CC(=O)CCC1(C)C2CCC34C ,3,-7.392813205718994,-0.8797263503074646
CC(=O)OC3CCC4C2CCC1=CC(=O)CCC1(C)C2CCC34C ,4,-7.39326286315918,-0.8798297643661499
CCN2c1ccccc1N(C)C(=O)c3ccccc23 ,1,-7.852581024169922,-0.9464113116264343
CCN2c1ccccc1N(C)C(=O)c3ccccc23 ,2,-7.851834774017334,-0.9463169574737549
CCN2c1ccccc1N(C)C(=O)c3ccccc23 ,3,-7.852208137512207,-0.9463549852371216
CCN2c1ccccc1N(C)C(=O)c3ccccc23 ,4,-7.852132797241211,-0.9463537931442261
CCCCC(C)O,1,-7.328751087188721,-0.8592711091041565
CCCCC(C)O,2,-7.329391002655029,-0.85933917760849
CCCCC(C)O,3,-7.328535556793213,-0.8593084216117859
CCCCC(C)O,4,-7.328161239624023,-0.8592709898948669
CCCC1CCCC1,1,-7.384387969970703,-0.8647926449775696
CCCC1CCCC1,2,-7.383682727813721,-0.8647107481956482
CCCC1CCCC1,3,-7.383484840393066,-0.8646435737609863
CCCC1CCCC1,4,-7.382797718048096,-0.8645733594894409
CCOC(=O)c1cncn1C(C)c2ccccc2,1,-7.8383469581604,-0.9445093870162964
CCOC(=O)c1cncn1C(C)c2ccccc2,2,-7.838301658630371,-0.9444974660873413
CCOC(=O)c1cncn1C(C)c2ccccc2,3,-7.836972713470459,-0.9443594813346863
CCOC(=O)c1cncn1C(C)c2ccccc2,4,-7.837342739105225,-0.9444301128387451
c2ccc1ocnc1c2,1,-7.975964069366455,-0.9747843146324158
c2ccc1ocnc1c2,2,-7.9787116050720215,-0.9751901030540466
c2ccc1ocnc1c2,3,-7.976536750793457,-0.9748682379722595
c2ccc1ocnc1c2,4,-7.975559711456299,-0.9747267365455627
CCCCCO,1,-7.324667453765869,-0.8593717217445374
CCCCCO,2,-7.320798873901367,-0.8588987588882446
CCCCCO,3,-7.322458267211914,-0.8590297698974609
CCCCCO,4,-7.324209690093994,-0.8593330383300781
CCN(CC)c1ccccc1,1,-7.711350440979004,-0.9149171710014343
CCN(CC)c1ccccc1,2,-7.713123798370361,-0.9151195883750916
CCN(CC)c1ccccc1,3,-7.713395595550537,-0.9151564240455627
CCN(CC)c1ccccc1,4,-7.713319301605225,-0.9151451587677002
Fc1cccc(F)c1,1,-8.283313751220703,-0.9937035441398621
Fc1cccc(F)c1,2,-8.284358024597168,-0.9938344359397888
Fc1cccc(F)c1,3,-8.283990859985352,-0.9938016533851624
Fc1cccc(F)c1,4,-8.285589218139648,-0.9940136075019836
CC(C)(C)Cc1ccccc1,1,-7.350727558135986,-0.867522656917572
CC(C)(C)Cc1ccccc1,2,-7.350506782531738,-0.8674951195716858
CC(C)(C)Cc1ccccc1,3,-7.350926876068115,-0.8675518035888672
CC(C)(C)Cc1ccccc1,4,-7.3505859375,-0.8675041794776917
O=C1NC(=O)NC(=O)C1(CC)c1ccccc1,1,-7.924053192138672,-0.9620552659034729
O=C1NC(=O)NC(=O)C1(CC)c1ccccc1,2,-7.922878265380859,-0.9619898200035095
O=C1NC(=O)NC(=O)C1(CC)c1ccccc1,3,-7.923240661621094,-0.9620400071144104
O=C1NC(=O)NC(=O)C1(CC)c1ccccc1,4,-7.923389911651611,-0.9620570540428162
c2ccc1[nH]nnc1c2,1,-8.51938533782959,-1.0384125709533691
c2ccc1[nH]nnc1c2,2,-8.52049732208252,-1.0385652780532837
c2ccc1[nH]nnc1c2,3,-8.520359992980957,-1.0385522842407227
c2ccc1[nH]nnc1c2,4,-8.519152641296387,-1.0383750200271606
CNC(=O)Oc1cccc2CC(C)(C)Oc12,1,-7.662115573883057,-0.9208614230155945
CNC(=O)Oc1cccc2CC(C)(C)Oc12,2,-7.660935401916504,-0.9206758737564087
CNC(=O)Oc1cccc2CC(C)(C)Oc12,3,-7.661556243896484,-0.9207643866539001
CNC(=O)Oc1cccc2CC(C)(C)Oc12,4,-7.66170597076416,-0.9207988381385803
Cc1cccc(C)c1O,1,-7.376302242279053,-0.8796412944793701
Cc1cccc(C)c1O,2,-7.3756422996521,-0.8795616030693054
Cc1cccc(C)c1O,3,-7.375796318054199,-0.8795679807662964
Cc1cccc(C)c1O,4,-7.376816749572754,-0.879732608795166
CC(C)C(C)O,1,-7.308075904846191,-0.8560852408409119
CC(C)C(C)O,2,-7.308981418609619,-0.8562420606613159
CC(C)C(C)O,3,-7.307718276977539,-0.8560150265693665
CC(C)C(C)O,4,-7.308338642120361,-0.8560972213745117
c1ccccc1C(O)c2ccccc2,1,-7.414324760437012,-0.8938694000244141
c1ccccc1C(O)c2ccccc2,2,-7.412868976593018,-0.893654465675354
c1ccccc1C(O)c2ccccc2,3,-7.412619590759277,-0.8936255574226379
c1ccccc1C(O)c2ccccc2,4,-7.412363052368164,-0.8935968279838562
CCCCCCCCCC(=O)OC,1,-7.3718767166137695,-0.8694774508476257
CCCCCCCCCC(=O)OC,2,-7.370396614074707,-0.8693790435791016
CCCCCCCCCC(=O)OC,3,-7.370047569274902,-0.8693242073059082
CCCCCCCCCC(=O)OC,4,-7.370791912078857,-0.8694187998771667
CN(C)C(=O)Oc1nc(nc(C)c1C)N(C)C,1,-8.089554786682129,-0.9689865708351135
CN(C)C(=O)Oc1nc(nc(C)c1C)N(C)C,2,-8.08957576751709,-0.9689847826957703
CN(C)C(=O)Oc1nc(nc(C)c1C)N(C)C,3,-8.088994979858398,-0.9689099192619324
CN(C)C(=O)Oc1nc(nc(C)c1C)N(C)C,4,-8.089742660522461,-0.9690055251121521
CCCC(C)C,1,-7.400642395019531,-0.8611692190170288
CCCC(C)C,2,-7.40017032623291,-0.8611252307891846
CCCC(C)C,3,-7.3979973793029785,-0.8609278798103333
CCCC(C)C,4,-7.398440837860107,-0.8609746694564819
ON=Cc1ccc(o1)N(=O)=O ,1,-8.116677284240723,-1.0007814168930054
ON=Cc1ccc(o1)N(=O)=O ,2,-8.116823196411133,-1.0008121728897095
ON=Cc1ccc(o1)N(=O)=O ,3,-8.11810302734375,-1.000999927520752
ON=Cc1ccc(o1)N(=O)=O ,4,-8.117170333862305,-1.000518798828125
Nc1nc[nH]n1,1,-9.086743354797363,-1.1019872426986694
Nc1nc[nH]n1,2,-9.087398529052734,-1.1020652055740356
Nc1nc[nH]n1,3,-9.0863618850708,-1.1019386053085327
Nc1nc[nH]n1,4,-9.084768295288086,-1.1017193794250488
OCc1ccccc1,1,-7.3939642906188965,-0.8877536654472351
OCc1ccccc1,2,-7.393538951873779,-0.8877177238464355
OCc1ccccc1,3,-7.394017696380615,-0.8879052996635437
OCc1ccccc1,4,-7.393899440765381,-0.8879081606864929
O=c2c(C3CCCc4ccccc43)c(O)c1ccccc1o2 ,1,-7.457562446594238,-0.9025582671165466
O=c2c(C3CCCc4ccccc43)c(O)c1ccccc1o2 ,2,-7.4578680992126465,-0.9026162624359131
O=c2c(C3CCCc4ccccc43)c(O)c1ccccc1o2 ,3,-7.45791482925415,-0.9025700688362122
O=c2c(C3CCCc4ccccc43)c(O)c1ccccc1o2 ,4,-7.458037376403809,-0.9025828838348389
CC(C)CC(C)(C)C,1,-7.372419834136963,-0.857844352722168
CC(C)CC(C)(C)C,2,-7.372432231903076,-0.8578442335128784
CC(C)CC(C)(C)C,3,-7.372023582458496,-0.8577872514724731
CC(C)CC(C)(C)C,4,-7.370601654052734,-0.8576726913452148
O=N(=O)c1cc(cc(c1)N(=O)=O)N(=O)=O,1,-8.244495391845703,-1.0252017974853516
O=N(=O)c1cc(cc(c1)N(=O)=O)N(=O)=O,2,-8.245031356811523,-1.025280475616455
O=N(=O)c1cc(cc(c1)N(=O)=O)N(=O)=O,3,-8.244856834411621,-1.0252565145492554
O=N(=O)c1cc(cc(c1)N(=O)=O)N(=O)=O,4,-8.246129989624023,-1.025449514389038
CN2C(=O)CN=C(c1ccccc1)c3cc(ccc23)N(=O)=O,1,-8.00313949584961,-0.9752861857414246
CN2C(=O)CN=C(c1ccccc1)c3cc(ccc23)N(=O)=O,2,-8.0028076171875,-0.9752362370491028
CN2C(=O)CN=C(c1ccccc1)c3cc(ccc23)N(=O)=O,3,-8.002293586730957,-0.975176990032196
CN2C(=O)CN=C(c1ccccc1)c3cc(ccc23)N(=O)=O,4,-8.002670288085938,-0.9752293229103088
CCC,1,-7.4386396408081055,-0.8616992831230164
CCC,2,-7.438098907470703,-0.8616055846214294
CCC,3,-7.438565254211426,-0.8616752028465271
CCC,4,-7.438624858856201,-0.8616942763328552
Nc1cc(nc(N)n1=O)N2CCCCC2 ,1,-8.3148193359375,-1.0001219511032104
Nc1cc(nc(N)n1=O)N2CCCCC2 ,2,-8.314580917358398,-1.0001317262649536
Nc1cc(nc(N)n1=O)N2CCCCC2 ,3,-8.31475830078125,-1.0001580715179443
Nc1cc(nc(N)n1=O)N2CCCCC2 ,4,-8.313146591186523,-0.9999837279319763
Nc2cccc3nc1ccccc1cc23 ,1,-7.987070560455322,-0.9688450694084167
Nc2cccc3nc1ccccc1cc23 ,2,-7.9867987632751465,-0.9688109755516052
Nc2cccc3nc1ccccc1cc23 ,3,-7.98570442199707,-0.9686564803123474
Nc2cccc3nc1ccccc1cc23 ,4,-7.985589027404785,-0.9686388373374939
c1ccc2cc3c4cccc5cccc(c3cc2c1)c45,1,-7.325778484344482,-0.8872817158699036
c1ccc2cc3c4cccc5cccc(c3cc2c1)c45,2,-7.325101852416992,-0.8871932029724121
c1ccc2cc3c4cccc5cccc(c3cc2c1)c45,3,-7.3259382247924805,-0.8873106837272644
c1ccc2cc3c4cccc5cccc(c3cc2c1)c45,4,-7.326821327209473,-0.8874379396438599
C1Cc2cccc3cccc1c23,1,-7.333338737487793,-0.880492091178894
C1Cc2cccc3cccc1c23,2,-7.332396507263184,-0.8803361058235168
C1Cc2cccc3cccc1c23,3,-7.333641529083252,-0.8805418610572815
C1Cc2cccc3cccc1c23,4,-7.333391189575195,-0.8804855942726135
Oc1ccc(cc1)c2ccccc2,1,-7.4249958992004395,-0.8974781036376953
Oc1ccc(cc1)c2ccccc2,2,-7.423384666442871,-0.8972681760787964
Oc1ccc(cc1)c2ccccc2,3,-7.424678802490234,-0.8974493145942688
Oc1ccc(cc1)c2ccccc2,4,-7.424664497375488,-0.8974437117576599
CC1=C(CCCO1)C(=O)Nc2ccccc2 ,1,-7.681330680847168,-0.9243847131729126
CC1=C(CCCO1)C(=O)Nc2ccccc2 ,2,-7.681363582611084,-0.9243860244750977
CC1=C(CCCO1)C(=O)Nc2ccccc2 ,3,-7.680370330810547,-0.9242570400238037
CC1=C(CCCO1)C(=O)Nc2ccccc2 ,4,-7.681247234344482,-0.9243577718734741
CCOC=C,1,-7.407296180725098,-0.876865565776825
CCOC=C,2,-7.407371520996094,-0.8768771886825562
CCOC=C,3,-7.407256603240967,-0.876846969127655
CCOC=C,4,-7.407144546508789,-0.8768189549446106
CCC#C,1,-7.393709659576416,-0.8710177540779114
CCC#C,2,-7.394134521484375,-0.8710704445838928
CCC#C,3,-7.394066333770752,-0.8710649013519287
CCC#C,4,-7.394323825836182,-0.8710885643959045
COc1ncnc2nccnc12 ,1,-8.777503967285156,-1.0755689144134521
COc1ncnc2nccnc12 ,2,-8.779219627380371,-1.075823426246643
COc1ncnc2nccnc12 ,3,-8.779533386230469,-1.075868010520935
COc1ncnc2nccnc12 ,4,-8.77830696105957,-1.075675129890442
CCCCC(C)(O)CC,1,-7.33430290222168,-0.8588153719902039
CCCCC(C)(O)CC,2,-7.332098960876465,-0.8586562871932983
CCCCC(C)(O)CC,3,-7.3324360847473145,-0.8586685061454773
CCCCC(C)(O)CC,4,-7.331355094909668,-0.8585331439971924
O=C1N(COC(=O)C)C(=O)C(N1)(c2ccccc2)c3ccccc3,1,-7.825771808624268,-0.9515343904495239
O=C1N(COC(=O)C)C(=O)C(N1)(c2ccccc2)c3ccccc3,2,-7.8262410163879395,-0.9515957236289978
O=C1N(COC(=O)C)C(=O)C(N1)(c2ccccc2)c3ccccc3,3,-7.826735496520996,-0.9516890645027161
O=C1N(COC(=O)C)C(=O)C(N1)(c2ccccc2)c3ccccc3,4,-7.8266167640686035,-0.9516630172729492
Cc1c[nH]c2ccccc12 ,1,-7.795981407165527,-0.9368329048156738
Cc1c[nH]c2ccccc12 ,2,-7.794863224029541,-0.9366753697395325
Cc1c[nH]c2ccccc12 ,3,-7.794849872589111,-0.9366737008094788
Cc1c[nH]c2ccccc12 ,4,-7.794637203216553,-0.9366433620452881
COc2ncc1nccnc1n2,1,-8.784933090209961,-1.0767167806625366
COc2ncc1nccnc1n2,2,-8.7839937210083,-1.0765999555587769
COc2ncc1nccnc1n2,3,-8.786447525024414,-1.0769355297088623
COc2ncc1nccnc1n2,4,-8.784690856933594,-1.0766781568527222
CNC(=O)Oc1ccccc1C2OCCO2,1,-7.708397388458252,-0.9327821135520935
CNC(=O)Oc1ccccc1C2OCCO2,2,-7.707673072814941,-0.932691216468811
CNC(=O)Oc1ccccc1C2OCCO2,3,-7.7080078125,-0.9327315092086792
CNC(=O)Oc1ccccc1C2OCCO2,4,-7.708066940307617,-0.9327484369277954
C1N(C(=O)NCC(C)C)C(=O)NC1,1,-8.062956809997559,-0.9663260579109192
C1N(C(=O)NCC(C)C)C(=O)NC1,2,-8.0630521774292,-0.9663525223731995
C1N(C(=O)NCC(C)C)C(=O)NC1,3,-8.065494537353516,-0.9667909741401672
C1N(C(=O)NCC(C)C)C(=O)NC1,4,-8.065254211425781,-0.9667678475379944
CC#N,1,-8.396492004394531,-1.0062121152877808
CC#N,2,-8.395238876342773,-1.0060505867004395
CC#N,3,-8.395428657531738,-1.0060728788375854
CC#N,4,-8.396415710449219,-1.0061962604522705
CCOC(=O)NCCOc2ccc(Oc1ccccc1)cc2,1,-7.652146816253662,-0.9238616824150085
CCOC(=O)NCCOc2ccc(Oc1ccccc1)cc2,2,-7.652544975280762,-0.9238888621330261
CCOC(=O)NCCOc2ccc(Oc1ccccc1)cc2,3,-7.652562141418457,-0.923896074295044
CCOC(=O)NCCOc2ccc(Oc1ccccc1)cc2,4,-7.6521430015563965,-0.923861026763916
CCCCO,1,-7.315384864807129,-0.8582566976547241
CCCCO,2,-7.313877582550049,-0.8580119609832764
CCCCO,3,-7.315978527069092,-0.8582590818405151
CCCCO,4,-7.313650131225586,-0.8580546379089355
CC1CCCCC1NC(=O)Nc2ccccc2,1,-7.790836334228516,-0.9314857721328735
CC1CCCCC1NC(=O)Nc2ccccc2,2,-7.789980411529541,-0.9314253330230713
CC1CCCCC1NC(=O)Nc2ccccc2,3,-7.789804458618164,-0.931399405002594
CC1CCCCC1NC(=O)Nc2ccccc2,4,-7.789352893829346,-0.9313644170761108
O=Cc1ccco1,1,-7.5561723709106445,-0.9240308403968811
O=Cc1ccco1,2,-7.556725978851318,-0.9241840839385986
O=Cc1ccco1,3,-7.558450222015381,-0.9244275689125061
O=Cc1ccco1,4,-7.558627605438232,-0.9244667887687683
CC(C)CCO,1,-7.312662601470947,-0.8573136925697327
CC(C)CCO,2,-7.311934471130371,-0.8572189211845398
CC(C)CCO,3,-7.312679290771484,-0.8572711944580078
CC(C)CCO,4,-7.31182861328125,-0.857099711894989
O=Cc2ccc1OCOc1c2 ,1,-7.5388994216918945,-0.9220605492591858
O=Cc2ccc1OCOc1c2 ,2,-7.536439895629883,-0.9216771125793457
O=Cc2ccc1OCOc1c2 ,3,-7.538348197937012,-0.9219487309455872
O=Cc2ccc1OCOc1c2 ,4,-7.53827428817749,-0.9219434857368469
CC(=C)C,1,-7.372438907623291,-0.8605773448944092
CC(=C)C,2,-7.372903347015381,-0.8606451749801636
CC(=C)C,3,-7.372697830200195,-0.8606135249137878
CC(=C)C,4,-7.3726019859313965,-0.8606064915657043
O=Cc1ccccc1,1,-7.4596123695373535,-0.903059720993042
O=Cc1ccccc1,2,-7.4593119621276855,-0.9030239582061768
O=Cc1ccccc1,3,-7.458775043487549,-0.9029425978660583
O=Cc1ccccc1,4,-7.458985328674316,-0.9029721617698669
CC(=C)C(=C)C,1,-7.356950283050537,-0.8631963133811951
CC(=C)C(=C)C,2,-7.35596227645874,-0.8630692958831787
CC(=C)C(=C)C,3,-7.357138156890869,-0.8632315397262573
CC(=C)C(=C)C,4,-7.357120990753174,-0.8632282018661499
O2c1ccccc1N(C)C(=O)c3cccnc23 ,1,-8.005135536193848,-0.9760075211524963
O2c1ccccc1N(C)C(=O)c3cccnc23 ,2,-8.004356384277344,-0.9759039282798767
O2c1ccccc1N(C)C(=O)c3cccnc23 ,3,-8.004521369934082,-0.9759324193000793
O2c1ccccc1N(C)C(=O)c3cccnc23 ,4,-8.004228591918945,-0.9758831858634949
C1c2ccccc2c3ccccc13,1,-7.337884902954102,-0.8835155963897705
C1c2ccccc2c3ccccc13,2,-7.337402820587158,-0.8834438323974609
C1c2ccccc2c3ccccc13,3,-7.338845252990723,-0.8836559057235718
C1c2ccccc2c3ccccc13,4,-7.337682247161865,-0.8834869265556335
CC1CCCCC1,1,-7.390124797821045,-0.8654902577400208
CC1CCCCC1,2,-7.388099193572998,-0.8652952909469604
CC1CCCCC1,3,-7.388671398162842,-0.8653897047042847
CC1CCCCC1,4,-7.388498306274414,-0.865379810333252
COC(=O)c1ccc(O)cc1,1,-7.4619879722595215,-0.9041563272476196
COC(=O)c1ccc(O)cc1,2,-7.46146821975708,-0.9040833115577698
COC(=O)c1ccc(O)cc1,3,-7.462612152099609,-0.9042541980743408
COC(=O)c1ccc(O)cc1,4,-7.462086200714111,-0.9041444659233093
CC1CCCO1,1,-7.379065990447998,-0.8721986413002014
CC1CCCO1,2,-7.378713607788086,-0.8721475005149841
CC1CCCO1,3,-7.379810810089111,-0.8722872734069824
CC1CCCO1,4,-7.37846565246582,-0.8721928000450134
CC3C2CCC1(C)C=CC(=O)C(=C1C2OC3=O)C,1,-7.422129154205322,-0.8891293406486511
CC3C2CCC1(C)C=CC(=O)C(=C1C2OC3=O)C,2,-7.4233198165893555,-0.8892439007759094
CC3C2CCC1(C)C=CC(=O)C(=C1C2OC3=O)C,3,-7.421212196350098,-0.8890056014060974
CC3C2CCC1(C)C=CC(=O)C(=C1C2OC3=O)C,4,-7.420300483703613,-0.8890034556388855
OCC2OC(Oc1ccccc1CO)C(O)C(O)C2O,1,-7.398613452911377,-0.8932780623435974
OCC2OC(Oc1ccccc1CO)C(O)C(O)C2O,2,-7.399109363555908,-0.8933366537094116
OCC2OC(Oc1ccccc1CO)C(O)C(O)C2O,3,-7.398825168609619,-0.8933630585670471
OCC2OC(Oc1ccccc1CO)C(O)C(O)C2O,4,-7.400294303894043,-0.8933780789375305
CCCO,1,-7.3056721687316895,-0.8568995594978333
CCCO,2,-7.304739475250244,-0.8567173480987549
CCCO,3,-7.303675651550293,-0.856622576713562
CCCO,4,-7.304121494293213,-0.8568199276924133
CC(=O)C1(O)CCC2C3CCC4=CC(=O)CCC4(C)C3CCC21C,1,-7.385161876678467,-0.8785868287086487
CC(=O)C1(O)CCC2C3CCC4=CC(=O)CCC4(C)C3CCC21C,2,-7.384271621704102,-0.8784545660018921
CC(=O)C1(O)CCC2C3CCC4=CC(=O)CCC4(C)C3CCC21C,3,-7.384748935699463,-0.878473699092865
CC(=O)C1(O)CCC2C3CCC4=CC(=O)CCC4(C)C3CCC21C,4,-7.383070468902588,-0.8782821893692017
CCCC(C)O,1,-7.32133674621582,-0.8583020567893982
CCCC(C)O,2,-7.319698333740234,-0.8581724166870117
CCCC(C)O,3,-7.318819999694824,-0.858132541179657
CCCC(C)O,4,-7.318841934204102,-0.8581411838531494
OC(C(=O)c1ccccc1)c2ccccc2,1,-7.450545310974121,-0.902081310749054
OC(C(=O)c1ccccc1)c2ccccc2,2,-7.451009750366211,-0.9021483659744263
OC(C(=O)c1ccccc1)c2ccccc2,3,-7.447445392608643,-0.9017236828804016
OC(C(=O)c1ccccc1)c2ccccc2,4,-7.447848796844482,-0.9017724394798279
Cc1ccc(O)c(C)c1,1,-7.375772476196289,-0.879736602306366
Cc1ccc(O)c(C)c1,2,-7.376497268676758,-0.8798485398292542
Cc1ccc(O)c(C)c1,3,-7.376532554626465,-0.8798362612724304
Cc1ccc(O)c(C)c1,4,-7.374161720275879,-0.8795215487480164
Cc2c(N)c(=O)n(c1ccccc1)n2C,1,-8.080474853515625,-0.9739704728126526
Cc2c(N)c(=O)n(c1ccccc1)n2C,2,-8.081681251525879,-0.9741422533988953
Cc2c(N)c(=O)n(c1ccccc1)n2C,3,-8.080720901489258,-0.9740034937858582
Cc2c(N)c(=O)n(c1ccccc1)n2C,4,-8.082045555114746,-0.974189817905426
CCC(C)CCO,1,-7.321922302246094,-0.8582785129547119
CCC(C)CCO,2,-7.320537090301514,-0.8582348823547363
CCC(C)CCO,3,-7.3210530281066895,-0.8582334518432617
CCC(C)CCO,4,-7.320638656616211,-0.8581910729408264
Cc2ncc1nccnc1n2,1,-8.963536262512207,-1.0942556858062744
Cc2ncc1nccnc1n2,2,-8.962996482849121,-1.0941789150238037
Cc2ncc1nccnc1n2,3,-8.96509075164795,-1.0944713354110718
Cc2ncc1nccnc1n2,4,-8.963563919067383,-1.0942597389221191
CC23Cc1cnoc1C=C2CCC4C3CCC5(C)C4CCC5(O)C#C,1,-7.53481912612915,-0.9009856581687927
CC23Cc1cnoc1C=C2CCC4C3CCC5(C)C4CCC5(O)C#C,2,-7.532782554626465,-0.9008042812347412
CC23Cc1cnoc1C=C2CCC4C3CCC5(C)C4CCC5(O)C#C,3,-7.533239841461182,-0.9008567929267883
CC23Cc1cnoc1C=C2CCC4C3CCC5(C)C4CCC5(O)C#C,4,-7.5335164070129395,-0.900863766670227
CC1OC(CC(O)C1O)OC2C(O)CC(OC2C)OC8C(O)CC(OC7CCC3(C)C(CCC4C3CC(O)C5(C)C(CCC45O)C6=CC(=O)OC6)C7)OC8C ,1,-7.395606994628906,-0.8848282694816589
CC1OC(CC(O)C1O)OC2C(O)CC(OC2C)OC8C(O)CC(OC7CCC3(C)C(CCC4C3CC(O)C5(C)C(CCC45O)C6=CC(=O)OC6)C7)OC8C ,2,-7.394338607788086,-0.8847235441207886
CC1OC(CC(O)C1O)OC2C(O)CC(OC2C)OC8C(O)CC(OC7CCC3(C)C(CCC4C3CC(O)C5(C)C(CCC45O)C6=CC(=O)OC6)C7)OC8C ,3,-7.395907402038574,-0.8848870396614075
CC1OC(CC(O)C1O)OC2C(O)CC(OC2C)OC8C(O)CC(OC7CCC3(C)C(CCC4C3CC(O)C5(C)C(CCC45O)C6=CC(=O)OC6)C7)OC8C ,4,-7.392514228820801,-0.884540319442749
FC(F)(F)c1ccccc1,1,-8.362168312072754,-0.9971794486045837
FC(F)(F)c1ccccc1,2,-8.360241889953613,-0.9969105124473572
FC(F)(F)c1ccccc1,3,-8.361482620239258,-0.9970712065696716
FC(F)(F)c1ccccc1,4,-8.36052417755127,-0.9969437718391418
CCCCCCOC(=O)c1ccccc1C(=O)OCCCCCC,1,-7.4002227783203125,-0.8807465434074402
CCCCCCOC(=O)c1ccccc1C(=O)OCCCCCC,2,-7.400557994842529,-0.8808254599571228
CCCCCCOC(=O)c1ccccc1C(=O)OCCCCCC,3,-7.4009246826171875,-0.8808795809745789
CCCCCCOC(=O)c1ccccc1C(=O)OCCCCCC,4,-7.401347637176514,-0.8809328675270081
CC(=O)CC(c1ccccc1)c3c(O)c2ccccc2oc3=O ,1,-7.476961612701416,-0.9064819812774658
CC(=O)CC(c1ccccc1)c3c(O)c2ccccc2oc3=O ,2,-7.477247714996338,-0.9065259695053101
CC(=O)CC(c1ccccc1)c3c(O)c2ccccc2oc3=O ,3,-7.476512432098389,-0.9064503908157349
CC(=O)CC(c1ccccc1)c3c(O)c2ccccc2oc3=O ,4,-7.474780082702637,-0.9063940048217773
c1ccccc1C(O)C(O)c2ccccc2,1,-7.415369033813477,-0.894577145576477
c1ccccc1C(O)C(O)c2ccccc2,2,-7.415024280548096,-0.8945677280426025
c1ccccc1C(O)C(O)c2ccccc2,3,-7.413446426391602,-0.8943034410476685
c1ccccc1C(O)C(O)c2ccccc2,4,-7.414422035217285,-0.8944844603538513
COC(=O)c1ccccc1C(=O)OC,1,-7.474658012390137,-0.9050268530845642
COC(=O)c1ccccc1C(=O)OC,2,-7.474015712738037,-0.9049274921417236
COC(=O)c1ccccc1C(=O)OC,3,-7.47443962097168,-0.9049835205078125
COC(=O)c1ccccc1C(=O)OC,4,-7.47447395324707,-0.905004620552063
CCCCCCCC(=O)OCC,1,-7.3750739097595215,-0.870466947555542
CCCCCCCC(=O)OCC,2,-7.373055934906006,-0.8702890276908875
CCCCCCCC(=O)OCC,3,-7.374571800231934,-0.870408833026886
CCCCCCCC(=O)OCC,4,-7.373708724975586,-0.8703096508979797
CCOCCOCC,1,-7.387189865112305,-0.8725473880767822
CCOCCOCC,2,-7.386524200439453,-0.8724926114082336
CCOCCOCC,3,-7.386192798614502,-0.8724683523178101
CCOCCOCC,4,-7.3871893882751465,-0.872588038444519
Nc1ccc(cc1)c2ccc(N)cc2,1,-7.931853294372559,-0.9555911421775818
Nc1ccc(cc1)c2ccc(N)cc2,2,-7.932407855987549,-0.9556647539138794
Nc1ccc(cc1)c2ccc(N)cc2,3,-7.932408332824707,-0.9556623101234436
Nc1ccc(cc1)c2ccc(N)cc2,4,-7.932034969329834,-0.9556021690368652
CCCCCC=C,1,-7.407133102416992,-0.8672552108764648
CCCCCC=C,2,-7.40738582611084,-0.867304265499115
CCCCCC=C,3,-7.406052589416504,-0.8671958446502686
CCCCCC=C,4,-7.406641960144043,-0.8672584891319275
CCCCc1c(C)nc(NCC)[nH]c1=O,1,-7.9359517097473145,-0.9455621838569641
CCCCc1c(C)nc(NCC)[nH]c1=O,2,-7.934806823730469,-0.9454376697540283
CCCCc1c(C)nc(NCC)[nH]c1=O,3,-7.93430757522583,-0.945359468460083
CCCCc1c(C)nc(NCC)[nH]c1=O,4,-7.933775901794434,-0.9452970027923584
O=C1NC(=O)NC(=O)C1(CC)C(C)CCC,1,-7.791831016540527,-0.9326224327087402
O=C1NC(=O)NC(=O)C1(CC)C(C)CCC,2,-7.79054594039917,-0.9324350953102112
O=C1NC(=O)NC(=O)C1(CC)C(C)CCC,3,-7.7908501625061035,-0.9324788451194763
O=C1NC(=O)NC(=O)C1(CC)C(C)CCC,4,-7.789760589599609,-0.9323157668113708
CCCCOC=O,1,-7.3868303298950195,-0.8779891729354858
CCCCOC=O,2,-7.387040138244629,-0.8779139518737793
CCCCOC=O,3,-7.387073040008545,-0.8780368566513062
CCCCOC=O,4,-7.387010097503662,-0.8779600262641907
CC12CC(O)C3C(CCC4=CC(=O)C=CC34C)C2CCC1(O)C(=O)CO,1,-7.393402576446533,-0.8850388526916504
CC12CC(O)C3C(CCC4=CC(=O)C=CC34C)C2CCC1(O)C(=O)CO,2,-7.394389629364014,-0.8851296305656433
CC12CC(O)C3C(CCC4=CC(=O)C=CC34C)C2CCC1(O)C(=O)CO,3,-7.39390754699707,-0.8850468397140503
CC12CC(O)C3C(CCC4=CC(=O)C=CC34C)C2CCC1(O)C(=O)CO,4,-7.391371250152588,-0.8847861289978027
CC34CC(=O)C1C(CCC2=CC(=O)CCC12C)C3CCC4(=O) ,1,-7.414423942565918,-0.8861772418022156
CC34CC(=O)C1C(CCC2=CC(=O)CCC12C)C3CCC4(=O) ,2,-7.413549900054932,-0.8861076235771179
CC34CC(=O)C1C(CCC2=CC(=O)CCC12C)C3CCC4(=O) ,3,-7.413107395172119,-0.8860204219818115
CC34CC(=O)C1C(CCC2=CC(=O)CCC12C)C3CCC4(=O) ,4,-7.4131975173950195,-0.8859750628471375
c1ccc(cc1)c2ccc(cc2)c3ccccc3,1,-7.34930944442749,-0.8854231834411621
c1ccc(cc1)c2ccc(cc2)c3ccccc3,2,-7.3490166664123535,-0.8853899836540222
c1ccc(cc1)c2ccc(cc2)c3ccccc3,3,-7.349359512329102,-0.8854310512542725
c1ccc(cc1)c2ccc(cc2)c3ccccc3,4,-7.349605560302734,-0.8854714632034302
Oc1ccc(C=O)cc1,1,-7.474394798278809,-0.9092928767204285
Oc1ccc(C=O)cc1,2,-7.472241401672363,-0.9089794158935547
Oc1ccc(C=O)cc1,3,-7.472419738769531,-0.9090074300765991
Oc1ccc(C=O)cc1,4,-7.474109649658203,-0.9092597961425781
CCc1ccc2ccccc2c1,1,-7.345961570739746,-0.877212405204773
CCc1ccc2ccccc2c1,2,-7.34613037109375,-0.8772352337837219
CCc1ccc2ccccc2c1,3,-7.346518516540527,-0.8772981762886047
CCc1ccc2ccccc2c1,4,-7.345849990844727,-0.8771952390670776
Nc1c(C)c[nH]c(=O)n1 ,1,-8.423460006713867,-1.0198222398757935
Nc1c(C)c[nH]c(=O)n1 ,2,-8.42350959777832,-1.0198155641555786
Nc1c(C)c[nH]c(=O)n1 ,3,-8.42293643951416,-1.0197291374206543
Nc1c(C)c[nH]c(=O)n1 ,4,-8.423728942871094,-1.0198527574539185
Cc3cc2nc1c(=O)[nH]c(=O)nc1n(CC(O)C(O)C(O)CO)c2cc3C,1,-7.969252586364746,-0.9671474099159241
Cc3cc2nc1c(=O)[nH]c(=O)nc1n(CC(O)C(O)C(O)CO)c2cc3C,2,-7.960353374481201,-0.9659706950187683
Cc3cc2nc1c(=O)[nH]c(=O)nc1n(CC(O)C(O)C(O)CO)c2cc3C,3,-7.960151195526123,-0.965916097164154
Cc3cc2nc1c(=O)[nH]c(=O)nc1n(CC(O)C(O)C(O)CO)c2cc3C,4,-7.96156644821167,-0.9661436676979065
O=C1N(COC(=O)CC)C(=O)C(N1)(c2ccccc2)c3ccccc3,1,-7.792573928833008,-0.9452955722808838
O=C1N(COC(=O)CC)C(=O)C(N1)(c2ccccc2)c3ccccc3,2,-7.7929911613464355,-0.9453582763671875
O=C1N(COC(=O)CC)C(=O)C(N1)(c2ccccc2)c3ccccc3,3,-7.794373035430908,-0.9455682039260864
O=C1N(COC(=O)CC)C(=O)C(N1)(c2ccccc2)c3ccccc3,4,-7.793784141540527,-0.9454754590988159
C1CCCC1,1,-7.388970851898193,-0.8658472895622253
C1CCCC1,2,-7.389031410217285,-0.8658685088157654
C1CCCC1,3,-7.389155387878418,-0.8658836483955383
C1CCCC1,4,-7.388814449310303,-0.86581951379776
Cc1ccccc1N,1,-7.784480571746826,-0.9290041327476501
Cc1ccccc1N,2,-7.783510684967041,-0.9288502931594849
Cc1ccccc1N,3,-7.783061981201172,-0.9288077354431152
Cc1ccccc1N,4,-7.784279823303223,-0.9289746284484863
c1(OC)ccc(CC=C)cc1,1,-7.41530179977417,-0.8859727382659912
c1(OC)ccc(CC=C)cc1,2,-7.415550231933594,-0.8860084414482117
c1(OC)ccc(CC=C)cc1,3,-7.416077136993408,-0.8860898613929749
c1(OC)ccc(CC=C)cc1,4,-7.415328502655029,-0.8859975337982178
CN(C)C(=O)Nc1cccc(OC(=O)NC(C)(C)C)c1 ,1,-7.8850836753845215,-0.9454318284988403
CN(C)C(=O)Nc1cccc(OC(=O)NC(C)(C)C)c1 ,2,-7.884586811065674,-0.9453578591346741
CN(C)C(=O)Nc1cccc(OC(=O)NC(C)(C)C)c1 ,3,-7.885326862335205,-0.9454649686813354
CN(C)C(=O)Nc1cccc(OC(=O)NC(C)(C)C)c1 ,4,-7.884852886199951,-0.9453874230384827
CC(C)C=C,1,-7.385295391082764,-0.8634189367294312
CC(C)C=C,2,-7.385721683502197,-0.8634605407714844
CC(C)C=C,3,-7.385994911193848,-0.8634939193725586
CC(C)C=C,4,-7.3852057456970215,-0.8634058833122253
Oc1ccccn1,1,-7.989941120147705,-0.9720171093940735
Oc1ccccn1,2,-7.987557888031006,-0.9716926217079163
Oc1ccccn1,3,-7.999797344207764,-0.9735057950019836
Oc1ccccn1,4,-8.00231647491455,-0.9738554358482361
CC,1,-7.489864826202393,-0.8637121319770813
CC,2,-7.490574836730957,-0.8637709021568298
CC,3,-7.490311622619629,-0.8637639284133911
CC,4,-7.490795135498047,-0.8638166189193726
COc2c1occc1cc3ccc(=O)oc23 ,1,-7.554848670959473,-0.9243842959403992
COc2c1occc1cc3ccc(=O)oc23 ,2,-7.555423736572266,-0.9244729280471802
COc2c1occc1cc3ccc(=O)oc23 ,3,-7.555375099182129,-0.9244716167449951
COc2c1occc1cc3ccc(=O)oc23 ,4,-7.55519437789917,-0.924457848072052
CC(=O)N,1,-7.905362606048584,-0.9426904320716858
CC(=O)N,2,-7.90480899810791,-0.9426090717315674
CC(=O)N,3,-7.904567241668701,-0.9425973296165466
CC(=O)N,4,-7.905327320098877,-0.9426860809326172
Cc1cccc2ccccc12,1,-7.348048210144043,-0.8799289464950562
Cc1cccc2ccccc12,2,-7.346859455108643,-0.8797517418861389
Cc1cccc2ccccc12,3,-7.3474321365356445,-0.8798325657844543
Cc1cccc2ccccc12,4,-7.347831726074219,-0.8798949122428894
CCN(CC)C(=O)C(C)Oc1cccc2ccccc12 ,1,-7.605992317199707,-0.9102635979652405
CCN(CC)C(=O)C(C)Oc1cccc2ccccc12 ,2,-7.606125354766846,-0.9102916121482849
CCN(CC)C(=O)C(C)Oc1cccc2ccccc12 ,3,-7.605798721313477,-0.910232663154602
CCN(CC)C(=O)C(C)Oc1cccc2ccccc12 ,4,-7.605838298797607,-0.910290002822876
CC(O)C(C)(C)C,1,-7.299580097198486,-0.8539054989814758
CC(O)C(C)(C)C,2,-7.300689697265625,-0.854065477848053
CC(O)C(C)(C)C,3,-7.300349235534668,-0.8540248274803162
CC(O)C(C)(C)C,4,-7.300320148468018,-0.8540874719619751
CCCC(=O)OCC,1,-7.38316535949707,-0.8745567202568054
CCCC(=O)OCC,2,-7.382896423339844,-0.8745322227478027
CCCC(=O)OCC,3,-7.384226322174072,-0.8747161030769348
CCCC(=O)OCC,4,-7.384015083312988,-0.87469083070755
CC2=CC(=O)c1ccccc1C2=O ,1,-7.4899702072143555,-0.9096894264221191
CC2=CC(=O)c1ccccc1C2=O ,2,-7.490562915802002,-0.9097685813903809
CC2=CC(=O)c1ccccc1C2=O ,3,-7.490077018737793,-0.9097066521644592
CC2=CC(=O)c1ccccc1C2=O ,4,-7.491215705871582,-0.9098610281944275
c1ccc2c(c1)ccc3ccccc32,1,-7.344892501831055,-0.8863788843154907
c1ccc2c(c1)ccc3ccccc32,2,-7.344856262207031,-0.8863650560379028
c1ccc2c(c1)ccc3ccccc32,3,-7.344034194946289,-0.8862447738647461
c1ccc2c(c1)ccc3ccccc32,4,-7.343342304229736,-0.8861445784568787
Cc1ccnc(C)c1,1,-7.819521903991699,-0.9331685900688171
Cc1ccnc(C)c1,2,-7.819634437561035,-0.9331819415092468
Cc1ccnc(C)c1,3,-7.820180416107178,-0.9332619905471802
Cc1ccnc(C)c1,4,-7.8208088874816895,-0.9333556294441223
CCCCCCCCCO,1,-7.348071575164795,-0.8619457483291626
CCCCCCCCCO,2,-7.348041534423828,-0.8619599342346191
CCCCCCCCCO,3,-7.346661567687988,-0.86176598072052
CCCCCCCCCO,4,-7.347662448883057,-0.8619572520256042
CC1CC2C3CCC4=CC(=O)C=CC4(C)C3(F)C(O)CC2(C)C1(O)C(=O)CO,1,-7.489612579345703,-0.8956204056739807
CC1CC2C3CCC4=CC(=O)C=CC4(C)C3(F)C(O)CC2(C)C1(O)C(=O)CO,2,-7.485295295715332,-0.8952270746231079
CC1CC2C3CCC4=CC(=O)C=CC4(C)C3(F)C(O)CC2(C)C1(O)C(=O)CO,3,-7.484807014465332,-0.8950912356376648
CC1CC2C3CCC4=CC(=O)C=CC4(C)C3(F)C(O)CC2(C)C1(O)C(=O)CO,4,-7.485826015472412,-0.8951810598373413
Cc1ccc2cc(C)ccc2c1,1,-7.339750289916992,-0.8757445812225342
Cc1ccc2cc(C)ccc2c1,2,-7.340819835662842,-0.8758910298347473
Cc1ccc2cc(C)ccc2c1,3,-7.339773178100586,-0.8757448196411133
Cc1ccc2cc(C)ccc2c1,4,-7.340795040130615,-0.8758897185325623
O=N(=O)OCC(CON(=O)=O)ON(=O)=O ,1,-7.911712169647217,-0.9734278321266174
O=N(=O)OCC(CON(=O)=O)ON(=O)=O ,2,-7.910549163818359,-0.9733009934425354
O=N(=O)OCC(CON(=O)=O)ON(=O)=O ,3,-7.911011695861816,-0.9733657240867615
O=N(=O)OCC(CON(=O)=O)ON(=O)=O ,4,-7.91107177734375,-0.9733268618583679
Nc1cccc(c1)N(=O)=O,1,-8.110647201538086,-0.9885626435279846
Nc1cccc(c1)N(=O)=O,2,-8.109150886535645,-0.9883490204811096
Nc1cccc(c1)N(=O)=O,3,-8.109381675720215,-0.9883826375007629
Nc1cccc(c1)N(=O)=O,4,-8.10964584350586,-0.9884223341941833
Cn2cc(c1ccccc1)c(=O)c(c2)c3cccc(c3)C(F)(F)F,1,-8.004009246826172,-0.9642696976661682
Cn2cc(c1ccccc1)c(=O)c(c2)c3cccc(c3)C(F)(F)F,2,-8.003817558288574,-0.9642385840415955
Cn2cc(c1ccccc1)c(=O)c(c2)c3cccc(c3)C(F)(F)F,3,-8.003389358520508,-0.9641761183738708
Cn2cc(c1ccccc1)c(=O)c(c2)c3cccc(c3)C(F)(F)F,4,-8.004199981689453,-0.9642983078956604
Nc3cc2c1ccccc1ccc2c4ccccc34 ,1,-7.648506164550781,-0.9252627491950989
Nc3cc2c1ccccc1ccc2c4ccccc34 ,2,-7.649259090423584,-0.9253745675086975
Nc3cc2c1ccccc1ccc2c4ccccc34 ,3,-7.647757530212402,-0.9251633882522583
Nc3cc2c1ccccc1ccc2c4ccccc34 ,4,-7.65032434463501,-0.9254986643791199
CC12CCC3C(CCc4cc(O)ccc34)C2CCC1=O,1,-7.393312454223633,-0.8833058476448059
CC12CCC3C(CCc4cc(O)ccc34)C2CCC1=O,2,-7.393591403961182,-0.883353054523468
CC12CCC3C(CCc4cc(O)ccc34)C2CCC1=O,3,-7.393979072570801,-0.8834041357040405
CC12CCC3C(CCc4cc(O)ccc34)C2CCC1=O,4,-7.391944408416748,-0.883177638053894
CC1CO1,1,-7.397115707397461,-0.877505898475647
CC1CO1,2,-7.3963141441345215,-0.8773913979530334
CC1CO1,3,-7.395870208740234,-0.8773431777954102
CC1CO1,4,-7.397105693817139,-0.8775247931480408
O=C3CN=C(c1ccccc1)c2cc(ccc2N3)N(=O)=O,1,-8.056912422180176,-0.9855151772499084
O=C3CN=C(c1ccccc1)c2cc(ccc2N3)N(=O)=O,2,-8.056538581848145,-0.9854688048362732
O=C3CN=C(c1ccccc1)c2cc(ccc2N3)N(=O)=O,3,-8.057435989379883,-0.9855981469154358
O=C3CN=C(c1ccccc1)c2cc(ccc2N3)N(=O)=O,4,-8.056598663330078,-0.9854739308357239
CCCCC(=O)OC,1,-7.3764472007751465,-0.8736513257026672
CCCCC(=O)OC,2,-7.376732349395752,-0.8736738562583923
CCCCC(=O)OC,3,-7.377448558807373,-0.8737504482269287
CCCCC(=O)OC,4,-7.376644611358643,-0.8736406564712524
Nc1ccccc1,1,-7.893584251403809,-0.9474157691001892
Nc1ccccc1,2,-7.892862319946289,-0.947312593460083
Nc1ccccc1,3,-7.893387317657471,-0.9473901391029358
Nc1ccccc1,4,-7.8938822746276855,-0.9474543333053589
Cc1cccc2c(C)cccc12,1,-7.341981410980225,-0.8757617473602295
Cc1cccc2c(C)cccc12,2,-7.34222412109375,-0.8757947087287903
Cc1cccc2c(C)cccc12,3,-7.342564582824707,-0.8758447170257568
Cc1cccc2c(C)cccc12,4,-7.342211723327637,-0.875800609588623
C1=Cc2cccc3cccc1c23,1,-7.325874328613281,-0.8850319385528564
C1=Cc2cccc3cccc1c23,2,-7.326094150543213,-0.8850634694099426
C1=Cc2cccc3cccc1c23,3,-7.32571268081665,-0.8850083947181702
C1=Cc2cccc3cccc1c23,4,-7.326686382293701,-0.8851568698883057
CCCCCOC(=O)CC,1,-7.376567363739014,-0.8719416260719299
CCCCCOC(=O)CC,2,-7.37589693069458,-0.871877908706665
CCCCCOC(=O)CC,3,-7.376352310180664,-0.8719320297241211
CCCCCOC(=O)CC,4,-7.375539302825928,-0.8718482851982117
CCNc1nc(NC(C)C)nc(OC)n1,1,-8.256648063659668,-0.9890202879905701
CCNc1nc(NC(C)C)nc(OC)n1,2,-8.256606101989746,-0.9890210032463074
CCNc1nc(NC(C)C)nc(OC)n1,3,-8.257759094238281,-0.989170491695404
CCNc1nc(NC(C)C)nc(OC)n1,4,-8.25751781463623,-0.9891634583473206
c1ccc2c(c1)cc3ccc4cccc5ccc2c3c45,1,-7.331698894500732,-0.888143002986908
c1ccc2c(c1)cc3ccc4cccc5ccc2c3c45,2,-7.331038475036621,-0.8880582451820374
c1ccc2c(c1)cc3ccc4cccc5ccc2c3c45,3,-7.332217693328857,-0.8882287740707397
c1ccc2c(c1)cc3ccc4cccc5ccc2c3c45,4,-7.3309736251831055,-0.8880466818809509
CCC#CCC,1,-7.368267059326172,-0.8646446466445923
CCC#CCC,2,-7.367809295654297,-0.8645889759063721
CCC#CCC,3,-7.368547439575195,-0.8646863698959351
CCC#CCC,4,-7.368289470672607,-0.8646538853645325
CC1OC(CC(O)C1O)OC2C(O)CC(OC2C)OC8C(O)CC(OC7CCC3(C)C(CCC4C3CCC5(C)C(CCC45O)C6=CC(=O)OC6)C7)OC8C ,1,-7.394554138183594,-0.8840940594673157
CC1OC(CC(O)C1O)OC2C(O)CC(OC2C)OC8C(O)CC(OC7CCC3(C)C(CCC4C3CCC5(C)C(CCC45O)C6=CC(=O)OC6)C7)OC8C ,2,-7.394951343536377,-0.8841574192047119
CC1OC(CC(O)C1O)OC2C(O)CC(OC2C)OC8C(O)CC(OC7CCC3(C)C(CCC4C3CCC5(C)C(CCC45O)C6=CC(=O)OC6)C7)OC8C ,3,-7.393575668334961,-0.8840621709823608
CC1OC(CC(O)C1O)OC2C(O)CC(OC2C)OC8C(O)CC(OC7CCC3(C)C(CCC4C3CCC5(C)C(CCC45O)C6=CC(=O)OC6)C7)OC8C ,4,-7.395547866821289,-0.884190559387207
CCC(=C)C,1,-7.376271724700928,-0.8614473342895508
CCC(=C)C,2,-7.373953342437744,-0.8611317276954651
CCC(=C)C,3,-7.374179840087891,-0.8611629605293274
CCC(=C)C,4,-7.374542236328125,-0.8612262010574341
Oc1cccc2cccnc12 ,1,-7.837151050567627,-0.9541932344436646
Oc1cccc2cccnc12 ,2,-7.836772918701172,-0.9541336297988892
Oc1cccc2cccnc12 ,3,-7.837420463562012,-0.9542253613471985
Oc1cccc2cccnc12 ,4,-7.838095188140869,-0.9543256759643555
C1CCc2ccccc2C1,1,-7.358799934387207,-0.8747769594192505
C1CCc2ccccc2C1,2,-7.357165336608887,-0.8745551705360413
C1CCc2ccccc2C1,3,-7.357479095458984,-0.8745885491371155
C1CCc2ccccc2C1,4,-7.357076644897461,-0.8746649622917175
Oc1ccc(cc1)C2(OC(=O)c3ccccc23)c4ccc(O)cc4 ,1,-7.483424663543701,-0.9119858145713806
Oc1ccc(cc1)C2(OC(=O)c3ccccc23)c4ccc(O)cc4 ,2,-7.483777046203613,-0.9120360016822815
Oc1ccc(cc1)C2(OC(=O)c3ccccc23)c4ccc(O)cc4 ,3,-7.482612133026123,-0.911871075630188
Oc1ccc(cc1)C2(OC(=O)c3ccccc23)c4ccc(O)cc4 ,4,-7.483417510986328,-0.9119802117347717
COc1cc(CC=C)ccc1O,1,-7.419131755828857,-0.889760434627533
COc1cc(CC=C)ccc1O,2,-7.418466091156006,-0.8896763324737549
COc1cc(CC=C)ccc1O,3,-7.417479515075684,-0.8897314667701721
COc1cc(CC=C)ccc1O,4,-7.416426181793213,-0.8896008133888245
O=C1NC(=O)NC(=O)C1(C(C)C)CC=C,1,-7.881880283355713,-0.9494372010231018
O=C1NC(=O)NC(=O)C1(C(C)C)CC=C,2,-7.879305362701416,-0.9490880966186523
O=C1NC(=O)NC(=O)C1(C(C)C)CC=C,3,-7.879034519195557,-0.9491238594055176
O=C1NC(=O)NC(=O)C1(C(C)C)CC=C,4,-7.879092216491699,-0.9490389823913574
c1cc2ccc3cccc4ccc(c1)c2c34,1,-7.330379009246826,-0.8871678709983826
c1cc2ccc3cccc4ccc(c1)c2c34,2,-7.330698013305664,-0.8872151374816895
c1cc2ccc3cccc4ccc(c1)c2c34,3,-7.332202434539795,-0.8874322772026062
c1cc2ccc3cccc4ccc(c1)c2c34,4,-7.330839157104492,-0.8872338533401489
CCOC(C)OCC,1,-7.3738226890563965,-0.8700661063194275
CCOC(C)OCC,2,-7.372959613800049,-0.8699920177459717
CCOC(C)OCC,3,-7.372921943664551,-0.870002031326294
CCOC(C)OCC,4,-7.3730268478393555,-0.870022714138031
CCCCOCCO,1,-7.347755432128906,-0.8673060536384583
CCCCOCCO,2,-7.345672130584717,-0.8670949339866638
CCCCOCCO,3,-7.346268653869629,-0.8672055602073669
CCCCOCCO,4,-7.345948696136475,-0.8671126961708069
CC12CCC(O)CC1CCC3C2CCC4(C)C3CCC4=O,1,-7.368856430053711,-0.8732131123542786
CC12CCC(O)CC1CCC3C2CCC4(C)C3CCC4=O,2,-7.3661580085754395,-0.8729373812675476
CC12CCC(O)CC1CCC3C2CCC4(C)C3CCC4=O,3,-7.369876861572266,-0.8733406662940979
CC12CCC(O)CC1CCC3C2CCC4(C)C3CCC4=O,4,-7.366147994995117,-0.8729479312896729
c1ccc2ncccc2c1,1,-7.846795558929443,-0.9510916471481323
c1ccc2ncccc2c1,2,-7.848484039306641,-0.9513301849365234
c1ccc2ncccc2c1,3,-7.848971366882324,-0.9514003992080688
c1ccc2ncccc2c1,4,-7.847005844116211,-0.9511122703552246
COC(=O)c1cc(O)c(O)c(O)c1 ,1,-7.45652437210083,-0.9076970815658569
COC(=O)c1cc(O)c(O)c(O)c1 ,2,-7.456079959869385,-0.9076011180877686
COC(=O)c1cc(O)c(O)c(O)c1 ,3,-7.455704689025879,-0.9075763821601868
COC(=O)c1cc(O)c(O)c(O)c1 ,4,-7.4560866355896,-0.9077949523925781
OC(Cn1cncn1)(Cn2cncn2)c3ccc(F)cc3F ,1,-8.673641204833984,-1.0530445575714111
OC(Cn1cncn1)(Cn2cncn2)c3ccc(F)cc3F ,2,-8.67512035369873,-1.0531598329544067
OC(Cn1cncn1)(Cn2cncn2)c3ccc(F)cc3F ,3,-8.67446517944336,-1.0530699491500854
OC(Cn1cncn1)(Cn2cncn2)c3ccc(F)cc3F ,4,-8.67288875579834,-1.0530792474746704
O=C1NC(=O)C(=O)C(=O)N1 ,1,-8.5737943649292,-1.069895625114441
O=C1NC(=O)C(=O)C(=O)N1 ,2,-8.57528018951416,-1.0701221227645874
O=C1NC(=O)C(=O)C(=O)N1 ,3,-8.573958396911621,-1.0699162483215332
O=C1NC(=O)C(=O)C(=O)N1 ,4,-8.574329376220703,-1.0699920654296875
CC(C)C(C)C,1,-7.381789684295654,-0.8583707213401794
CC(C)C(C)C,2,-7.382100582122803,-0.8583803176879883
CC(C)C(C)C,3,-7.3822245597839355,-0.8583937287330627
CC(C)C(C)C,4,-7.381866455078125,-0.8583501577377319
CCC=C,1,-7.405873775482178,-0.866362452507019
CCC=C,2,-7.40511417388916,-0.8662689924240112
CCC=C,3,-7.405935287475586,-0.8663833737373352
CCC=C,4,-7.402061939239502,-0.8659599423408508
Nc1cc[nH]c(=O)n1 ,1,-8.660218238830566,-1.0564475059509277
Nc1cc[nH]c(=O)n1 ,2,-8.660557746887207,-1.0564969778060913
Nc1cc[nH]c(=O)n1 ,3,-8.659636497497559,-1.0563647747039795
Nc1cc[nH]c(=O)n1 ,4,-8.660040855407715,-1.0564191341400146
CCC#N,1,-8.097956657409668,-0.964241087436676
CCC#N,2,-8.098457336425781,-0.9643036723136902
CCC#N,3,-8.100037574768066,-0.9644905924797058
CCC#N,4,-8.099807739257812,-0.9644697308540344
COc1ccccc1N(=O)=O,1,-7.749936580657959,-0.9426288604736328
COc1ccccc1N(=O)=O,2,-7.750894069671631,-0.9427667856216431
COc1ccccc1N(=O)=O,3,-7.749615669250488,-0.942574679851532
COc1ccccc1N(=O)=O,4,-7.749781131744385,-0.9426025748252869
CC34CCC1C(CC=C2CC(O)CCC12C)C3CCC4=O,1,-7.37293004989624,-0.8753422498703003
CC34CCC1C(CC=C2CC(O)CCC12C)C3CCC4=O,2,-7.3696370124816895,-0.8750121593475342
CC34CCC1C(CC=C2CC(O)CCC12C)C3CCC4=O,3,-7.370404243469238,-0.8750112652778625
CC34CCC1C(CC=C2CC(O)CCC12C)C3CCC4=O,4,-7.369810581207275,-0.8750359416007996
c1cc2ccc3ccc4ccc5cccc6c(c1)c2c3c4c56,1,-7.326383590698242,-0.8892570734024048
c1cc2ccc3ccc4ccc5cccc6c(c1)c2c3c4c56,2,-7.32654333114624,-0.8892852663993835
c1cc2ccc3ccc4ccc5cccc6c(c1)c2c3c4c56,3,-7.325533866882324,-0.8891324400901794
c1cc2ccc3ccc4ccc5cccc6c(c1)c2c3c4c56,4,-7.325861930847168,-0.8891856074333191
CCC(C)c1cc(cc(N(=O)=O)c1O)N(=O)=O ,1,-7.765316009521484,-0.9409316182136536
CCC(C)c1cc(cc(N(=O)=O)c1O)N(=O)=O ,2,-7.765093803405762,-0.9409047365188599
CCC(C)c1cc(cc(N(=O)=O)c1O)N(=O)=O ,3,-7.765510082244873,-0.9409579634666443
CCC(C)c1cc(cc(N(=O)=O)c1O)N(=O)=O ,4,-7.764920234680176,-0.9408798217773438
c1c(OC)c(OC)C2C(=O)OCC2c1,1,-7.46447229385376,-0.9007285833358765
c1c(OC)c(OC)C2C(=O)OCC2c1,2,-7.463749408721924,-0.9006155133247375
c1c(OC)c(OC)C2C(=O)OCC2c1,3,-7.464930057525635,-0.900829017162323
c1c(OC)c(OC)C2C(=O)OCC2c1,4,-7.46484899520874,-0.9008312225341797
OCC(O)CO,1,-7.301410675048828,-0.869799017906189
OCC(O)CO,2,-7.299370765686035,-0.8692430853843689
OCC(O)CO,3,-7.298851490020752,-0.8693780899047852
OCC(O)CO,4,-7.298130512237549,-0.8694291710853577
COc1ccccc1O ,1,-7.435309410095215,-0.8959656357765198
COc1ccccc1O ,2,-7.436538219451904,-0.8961396813392639
COc1ccccc1O ,3,-7.436222553253174,-0.8960802555084229
COc1ccccc1O ,4,-7.437366962432861,-0.896253764629364
Cc1c2ccccc2cc3ccccc13,1,-7.34468936920166,-0.8825193643569946
Cc1c2ccccc2cc3ccccc13,2,-7.344290256500244,-0.8824511170387268
Cc1c2ccccc2cc3ccccc13,3,-7.344480991363525,-0.8824887275695801
Cc1c2ccccc2cc3ccccc13,4,-7.344363212585449,-0.8824740052223206
Cc1cc(=O)n(c2ccccc2)n1C,1,-7.947948455810547,-0.9583849906921387
Cc1cc(=O)n(c2ccccc2)n1C,2,-7.947283744812012,-0.9583016037940979
Cc1cc(=O)n(c2ccccc2)n1C,3,-7.947437763214111,-0.958316445350647
Cc1cc(=O)n(c2ccccc2)n1C,4,-7.947335720062256,-0.9583078622817993
CCCCOC,1,-7.3578925132751465,-0.8634594082832336
CCCCOC,2,-7.358335018157959,-0.8635338544845581
CCCCOC,3,-7.357534408569336,-0.8635228276252747
CCCCOC,4,-7.357398509979248,-0.863499641418457
Cc2cnc1cncnc1n2,1,-8.944185256958008,-1.0918002128601074
Cc2cnc1cncnc1n2,2,-8.944426536560059,-1.091841459274292
Cc2cnc1cncnc1n2,3,-8.944087028503418,-1.0917913913726807
Cc2cnc1cncnc1n2,4,-8.944254875183105,-1.091833472251892
CN(C)C(=O)C,1,-7.853501319885254,-0.9309483170509338
CN(C)C(=O)C,2,-7.853486061096191,-0.9309534430503845
CN(C)C(=O)C,3,-7.853015422821045,-0.9308984279632568
CN(C)C(=O)C,4,-7.853433132171631,-0.9309415817260742
C=C,1,-7.449748992919922,-0.8721159100532532
C=C,2,-7.448348522186279,-0.8719035387039185
C=C,3,-7.448342323303223,-0.8718932271003723
C=C,4,-7.451020240783691,-0.8722718954086304
CC(C)(C)CCO,1,-7.304131031036377,-0.8550094962120056
CC(C)(C)CCO,2,-7.303946018218994,-0.8549842238426208
CC(C)(C)CCO,3,-7.303873062133789,-0.8550164699554443
CC(C)(C)CCO,4,-7.304126262664795,-0.8550317287445068
O=C1NC(=O)NC(=O)C1(CC)CC=C,1,-7.94064474105835,-0.9594456553459167
O=C1NC(=O)NC(=O)C1(CC)CC=C,2,-7.943503379821777,-0.9598551392555237
O=C1NC(=O)NC(=O)C1(CC)CC=C,3,-7.942868232727051,-0.9597799181938171
O=C1NC(=O)NC(=O)C1(CC)CC=C,4,-7.940986633300781,-0.9595221877098083
COc1ccccc1,1,-7.436019420623779,-0.8917958736419678
COc1ccccc1,2,-7.435510635375977,-0.8917233943939209
COc1ccccc1,3,-7.435629844665527,-0.8917362093925476
COc1ccccc1,4,-7.436017036437988,-0.8917966485023499
CC13CCC(=O)C=C1CCC4C2CCC(C(=O)CO)C2(CC(O)C34)C=O ,1,-7.401983261108398,-0.8866162896156311
CC13CCC(=O)C=C1CCC4C2CCC(C(=O)CO)C2(CC(O)C34)C=O ,2,-7.40415096282959,-0.8867563009262085
CC13CCC(=O)C=C1CCC4C2CCC(C(=O)CO)C2(CC(O)C34)C=O ,3,-7.402252197265625,-0.8867512941360474
CC13CCC(=O)C=C1CCC4C2CCC(C(=O)CO)C2(CC(O)C34)C=O ,4,-7.402349472045898,-0.8866122364997864
COc2ccc(Oc1ccc(NC(=O)N(C)C)cc1)cc2,1,-7.818376541137695,-0.943412184715271
COc2ccc(Oc1ccc(NC(=O)N(C)C)cc1)cc2,2,-7.818912982940674,-0.9434885382652283
COc2ccc(Oc1ccc(NC(=O)N(C)C)cc1)cc2,3,-7.819154739379883,-0.9435213804244995
COc2ccc(Oc1ccc(NC(=O)N(C)C)cc1)cc2,4,-7.818817615509033,-0.94347083568573
CCc1ccc(C)cc1,1,-7.347535610198975,-0.8692125082015991
CCc1ccc(C)cc1,2,-7.347415924072266,-0.8692014813423157
CCc1ccc(C)cc1,3,-7.347099304199219,-0.8691641092300415
CCc1ccc(C)cc1,4,-7.347427845001221,-0.869204044342041
O=N(=O)c1cccc(c1)N(=O)=O,1,-8.086980819702148,-0.998694121837616
O=N(=O)c1cccc(c1)N(=O)=O,2,-8.08642578125,-0.9986172318458557
O=N(=O)c1cccc(c1)N(=O)=O,3,-8.0870943069458,-0.9987149834632874
O=N(=O)c1cccc(c1)N(=O)=O,4,-8.086771965026855,-0.9986609816551208
CCC1(C(C)C)C(=O)NC(=O)NC1=O ,1,-7.8711042404174805,-0.9456390142440796
CCC1(C(C)C)C(=O)NC(=O)NC1=O ,2,-7.8709917068481445,-0.9456343054771423
CCC1(C(C)C)C(=O)NC(=O)NC1=O ,3,-7.869818210601807,-0.9454622864723206
CCC1(C(C)C)C(=O)NC(=O)NC1=O ,4,-7.869120121002197,-0.945386528968811
CC(=O)OCC(=O)C3(O)CCC4C2CCC1=CC(=O)CCC1(C)C2C(=O)CC34C ,1,-7.419844627380371,-0.8892008662223816
CC(=O)OCC(=O)C3(O)CCC4C2CCC1=CC(=O)CCC1(C)C2C(=O)CC34C ,2,-7.42041015625,-0.8892415761947632
CC(=O)OCC(=O)C3(O)CCC4C2CCC1=CC(=O)CCC1(C)C2C(=O)CC34C ,3,-7.421327590942383,-0.8893041610717773
CC(=O)OCC(=O)C3(O)CCC4C2CCC1=CC(=O)CCC1(C)C2C(=O)CC34C ,4,-7.420069217681885,-0.8891324400901794
Cc1ncc(N(=O)=O)n1CCO,1,-8.222987174987793,-0.9972229599952698
Cc1ncc(N(=O)=O)n1CCO,2,-8.222671508789062,-0.9971811175346375
Cc1ncc(N(=O)=O)n1CCO,3,-8.22297477722168,-0.9972476363182068
Cc1ncc(N(=O)=O)n1CCO,4,-8.223057746887207,-0.9972541928291321
CCCC(C)(C)CO,1,-7.31443977355957,-0.8562395572662354
CCCC(C)(C)CO,2,-7.314225196838379,-0.8562392592430115
CCCC(C)(C)CO,3,-7.3142876625061035,-0.8561975955963135
CCCC(C)(C)CO,4,-7.312530040740967,-0.8560973405838013
c1ccoc1,1,-7.51319694519043,-0.9104501008987427
c1ccoc1,2,-7.513723373413086,-0.9105187058448792
c1ccoc1,3,-7.513281345367432,-0.910453736782074
c1ccoc1,4,-7.515506267547607,-0.9107962846755981
CN(C)C(=O)NC1CC2CC1C3CCCC23,1,-7.750281810760498,-0.921855092048645
CN(C)C(=O)NC1CC2CC1C3CCCC23,2,-7.749054908752441,-0.9216759204864502
CN(C)C(=O)NC1CC2CC1C3CCCC23,3,-7.749085426330566,-0.9216631054878235
CN(C)C(=O)NC1CC2CC1C3CCCC23,4,-7.748857021331787,-0.9216328263282776
CC(C)(C)c1ccccc1,1,-7.346130847930908,-0.8674606084823608
CC(C)(C)c1ccccc1,2,-7.345705032348633,-0.8674011826515198
CC(C)(C)c1ccccc1,3,-7.3454060554504395,-0.86735999584198
CC(C)(C)c1ccccc1,4,-7.345191478729248,-0.8673257231712341
CC(=O)CCC1C(=O)N(N(C1=O)c2ccccc2)c3ccccc3,1,-7.799930095672607,-0.9453557729721069
CC(=O)CCC1C(=O)N(N(C1=O)c2ccccc2)c3ccccc3,2,-7.800264358520508,-0.9453876614570618
CC(=O)CCC1C(=O)N(N(C1=O)c2ccccc2)c3ccccc3,3,-7.799935340881348,-0.9453405737876892
CC(=O)CCC1C(=O)N(N(C1=O)c2ccccc2)c3ccccc3,4,-7.800304889678955,-0.945366621017456
CC(=O)OCC(=O)C3(O)CCC4C2CCC1=CC(=O)C=CC1(C)C2C(O)CC34C ,1,-7.411325931549072,-0.8881702423095703
CC(=O)OCC(=O)C3(O)CCC4C2CCC1=CC(=O)C=CC1(C)C2C(O)CC34C ,2,-7.41066837310791,-0.8881543874740601
CC(=O)OCC(=O)C3(O)CCC4C2CCC1=CC(=O)C=CC1(C)C2C(O)CC34C ,3,-7.409848690032959,-0.8880816102027893
CC(=O)OCC(=O)C3(O)CCC4C2CCC1=CC(=O)C=CC1(C)C2C(O)CC34C ,4,-7.411747932434082,-0.8882300853729248
CCCOC,1,-7.3574981689453125,-0.8635077476501465
CCCOC,2,-7.357158660888672,-0.8634510040283203
CCCOC,3,-7.3574910163879395,-0.8635084629058838
CCCOC,4,-7.357734680175781,-0.8635362386703491
CC(C)OC(=O)C,1,-7.3910298347473145,-0.8765864968299866
CC(C)OC(=O)C,2,-7.3910651206970215,-0.876593291759491
CC(C)OC(=O)C,3,-7.391037464141846,-0.8765815496444702
CC(C)OC(=O)C,4,-7.391491889953613,-0.8766410946846008
CCOC(=O)c1ccc(O)cc1,1,-7.446804046630859,-0.8985253572463989
CCOC(=O)c1ccc(O)cc1,2,-7.447967529296875,-0.89870285987854
CCOC(=O)c1ccc(O)cc1,3,-7.446441650390625,-0.8984965682029724
CCOC(=O)c1ccc(O)cc1,4,-7.447098255157471,-0.8985866904258728
O=C1N(COC(=O)CCC)C(=O)C(N1)(c2ccccc2)c3ccccc3,1,-7.765524387359619,-0.9402011632919312
O=C1N(COC(=O)CCC)C(=O)C(N1)(c2ccccc2)c3ccccc3,2,-7.765317916870117,-0.9401597380638123
O=C1N(COC(=O)CCC)C(=O)C(N1)(c2ccccc2)c3ccccc3,3,-7.765401840209961,-0.9401702880859375
O=C1N(COC(=O)CCC)C(=O)C(N1)(c2ccccc2)c3ccccc3,4,-7.765411376953125,-0.9401682019233704
CCC(=O)OC3CCC4C2CCC1=CC(=O)CCC1(C)C2CCC34C ,1,-7.3907694816589355,-0.8787616491317749
CCC(=O)OC3CCC4C2CCC1=CC(=O)CCC1(C)C2CCC34C ,2,-7.390307426452637,-0.8787174820899963
CCC(=O)OC3CCC4C2CCC1=CC(=O)CCC1(C)C2CCC34C ,3,-7.39010763168335,-0.8786671161651611
CCC(=O)OC3CCC4C2CCC1=CC(=O)CCC1(C)C2CCC34C ,4,-7.390717506408691,-0.8787645101547241
c1cc2ccc3ccc4ccc5ccc6ccc1c7c2c3c4c5c67,1,-7.31899881362915,-0.8899886012077332
c1cc2ccc3ccc4ccc5ccc6ccc1c7c2c3c4c5c67,2,-7.320629119873047,-0.8902272582054138
c1cc2ccc3ccc4ccc5ccc6ccc1c7c2c3c4c5c67,3,-7.318734169006348,-0.889948308467865
c1cc2ccc3ccc4ccc5ccc6ccc1c7c2c3c4c5c67,4,-7.3186445236206055,-0.8899411559104919
O=c1[nH]cnc2[nH]ncc12 ,1,-8.940299987792969,-1.0998578071594238
O=c1[nH]cnc2[nH]ncc12 ,2,-8.940518379211426,-1.0998648405075073
O=c1[nH]cnc2[nH]ncc12 ,3,-8.942122459411621,-1.100119709968567
O=c1[nH]cnc2[nH]ncc12 ,4,-8.940878868103027,-1.0999417304992676
CN(C)C(=O)C(c1ccccc1)c2ccccc2 ,1,-7.643851280212402,-0.9179530739784241
CN(C)C(=O)C(c1ccccc1)c2ccccc2 ,2,-7.643546104431152,-0.917908787727356
CN(C)C(=O)C(c1ccccc1)c2ccccc2 ,3,-7.643924713134766,-0.9178183078765869
CN(C)C(=O)C(c1ccccc1)c2ccccc2 ,4,-7.64388370513916,-0.9178119897842407
CCN2c1cc(N(C)C)cc(C)c1NC(=O)c3cccnc23 ,1,-8.066617965698242,-0.970089852809906
CCN2c1cc(N(C)C)cc(C)c1NC(=O)c3cccnc23 ,2,-8.066896438598633,-0.9701281189918518
CCN2c1cc(N(C)C)cc(C)c1NC(=O)c3cccnc23 ,3,-8.066526412963867,-0.9700917601585388
CCN2c1cc(N(C)C)cc(C)c1NC(=O)c3cccnc23 ,4,-8.066865921020508,-0.9701363444328308
O=C1NC(=O)c2ccccc12 ,1,-7.956248760223389,-0.9766644835472107
O=C1NC(=O)c2ccccc12 ,2,-7.953823089599609,-0.9763069748878479
O=C1NC(=O)c2ccccc12 ,3,-7.954836368560791,-0.9764657616615295
O=C1NC(=O)c2ccccc12 ,4,-7.953831195831299,-0.9763105511665344
COC(=O)c1ccccc1,1,-7.457083225250244,-0.9004244804382324
COC(=O)c1ccccc1,2,-7.456625461578369,-0.9003540277481079
COC(=O)c1ccccc1,3,-7.457250118255615,-0.9004383087158203
COC(=O)c1ccccc1,4,-7.456972599029541,-0.900409996509552
Cn1ccc(=O)[nH]c1=O,1,-8.324901580810547,-1.014345645904541
Cn1ccc(=O)[nH]c1=O,2,-8.325433731079102,-1.0144288539886475
Cn1ccc(=O)[nH]c1=O,3,-8.325498580932617,-1.014427661895752
Cn1ccc(=O)[nH]c1=O,4,-8.326258659362793,-1.0145241022109985
CCCCC1C(=O)N(N(C1=O)c2ccc(O)cc2)c3ccccc3 ,1,-7.76087760925293,-0.937637209892273
CCCCC1C(=O)N(N(C1=O)c2ccc(O)cc2)c3ccccc3 ,2,-7.761806011199951,-0.9377689361572266
CCCCC1C(=O)N(N(C1=O)c2ccc(O)cc2)c3ccccc3 ,3,-7.7609543800354,-0.9377071857452393
CCCCC1C(=O)N(N(C1=O)c2ccc(O)cc2)c3ccccc3 ,4,-7.760591506958008,-0.9376407861709595
C1CC=CC1,1,-7.374501705169678,-0.8699640035629272
C1CC=CC1,2,-7.375307083129883,-0.8700924515724182
C1CC=CC1,3,-7.375248908996582,-0.8700860738754272
C1CC=CC1,4,-7.374393939971924,-0.8699402213096619
C1(=O)NC(=O)NC(=O)C1(O)C2(O)C(=O)NC(=O)NC2(=O),1,-8.413586616516113,-1.0432658195495605
C1(=O)NC(=O)NC(=O)C1(O)C2(O)C(=O)NC(=O)NC2(=O),2,-8.412620544433594,-1.0430985689163208
C1(=O)NC(=O)NC(=O)C1(O)C2(O)C(=O)NC(=O)NC2(=O),3,-8.41112995147705,-1.0430881977081299
C1(=O)NC(=O)NC(=O)C1(O)C2(O)C(=O)NC(=O)NC2(=O),4,-8.410491943359375,-1.0429776906967163
CCCCCCCCC,1,-7.411417484283447,-0.864854097366333
CCCCCCCCC,2,-7.4100236892700195,-0.8647763729095459
CCCCCCCCC,3,-7.409459114074707,-0.8646841049194336
CCCCCCCCC,4,-7.4099345207214355,-0.8647462725639343
c1cccc2c3c(C)cc4ccccc4c3ccc12,1,-7.346570014953613,-0.8847251534461975
c1cccc2c3c(C)cc4ccccc4c3ccc12,2,-7.345766544342041,-0.8846088647842407
c1cccc2c3c(C)cc4ccccc4c3ccc12,3,-7.346040725708008,-0.8846322298049927
c1cccc2c3c(C)cc4ccccc4c3ccc12,4,-7.3463568687438965,-0.8846858143806458
CCOc1ccccc1,1,-7.429823875427246,-0.8878393769264221
CCOc1ccccc1,2,-7.4296722412109375,-0.8877989649772644
CCOc1ccccc1,3,-7.429016590118408,-0.8877189755439758
CCOc1ccccc1,4,-7.4304518699646,-0.8879253268241882
CCOC(=O)C=Cc1ccccc1,1,-7.439116954803467,-0.8943188190460205
CCOC(=O)C=Cc1ccccc1,2,-7.4393157958984375,-0.894331157207489
CCOC(=O)C=Cc1ccccc1,3,-7.439022064208984,-0.8942998647689819
CCOC(=O)C=Cc1ccccc1,4,-7.4395647048950195,-0.8944140672683716
CCCCCC(C)C,1,-7.402487754821777,-0.8628216981887817
CCCCCC(C)C,2,-7.400609970092773,-0.8626348376274109
CCCCCC(C)C,3,-7.4000773429870605,-0.8625931143760681
CCCCCC(C)C,4,-7.399134635925293,-0.8625437617301941
CCCC1C(=O)N3N(C1=O)c2cc(C)ccc2N=C3N(C)C ,1,-8.01752758026123,-0.9650254845619202
CCCC1C(=O)N3N(C1=O)c2cc(C)ccc2N=C3N(C)C ,2,-8.01655387878418,-0.9649251103401184
CCCC1C(=O)N3N(C1=O)c2cc(C)ccc2N=C3N(C)C ,3,-8.017276763916016,-0.9650267958641052
CCCC1C(=O)N3N(C1=O)c2cc(C)ccc2N=C3N(C)C ,4,-8.016743659973145,-0.9649471640586853
CCC(O)C(C)C,1,-7.318655014038086,-0.8573935031890869
CCC(O)C(C)C,2,-7.319980144500732,-0.857548713684082
CCC(O)C(C)C,3,-7.318485260009766,-0.8573797345161438
CCC(O)C(C)C,4,-7.317110538482666,-0.8572242259979248
CC1(C)C2CCC1(C)C(O)C2,1,-7.315645694732666,-0.8616441488265991
CC1(C)C2CCC1(C)C(O)C2,2,-7.3156280517578125,-0.8616577386856079
CC1(C)C2CCC1(C)C(O)C2,3,-7.315173625946045,-0.8615907430648804
CC1(C)C2CCC1(C)C(O)C2,4,-7.315521240234375,-0.8616388440132141
CC12CCC3C(CCC4=CC(=O)CCC34C)C2CCC1O,1,-7.373384952545166,-0.8753834962844849
CC12CCC3C(CCC4=CC(=O)CCC34C)C2CCC1O,2,-7.3739471435546875,-0.8755195140838623
CC12CCC3C(CCC4=CC(=O)CCC34C)C2CCC1O,3,-7.372722148895264,-0.8753573894500732
CC12CCC3C(CCC4=CC(=O)CCC34C)C2CCC1O,4,-7.371339797973633,-0.8752219080924988
CCCCCCC,1,-7.415311813354492,-0.8642303347587585
CCCCCCC,2,-7.413690090179443,-0.8640509843826294
CCCCCCC,3,-7.410763263702393,-0.8637825846672058
CCCCCCC,4,-7.411745071411133,-0.8639593124389648
Oc1cccc2ccccc12,1,-7.432919502258301,-0.8998275995254517
Oc1cccc2ccccc12,2,-7.432013511657715,-0.8996940851211548
Oc1cccc2ccccc12,3,-7.431814193725586,-0.8996683955192566
Oc1cccc2ccccc12,4,-7.429328441619873,-0.8993558287620544
C/C1CCCCC1\C,1,-7.380575180053711,-0.8638379573822021
C/C1CCCCC1\C,2,-7.3796210289001465,-0.8637767434120178
C/C1CCCCC1\C,3,-7.37910795211792,-0.8636996150016785
C/C1CCCCC1\C,4,-7.379439830780029,-0.8637608885765076
COc2cc1c(N)nc(nc1c(OC)c2OC)N3CCN(CC3)C(=O)OCC(C)(C)O ,1,-7.924266338348389,-0.9539958834648132
COc2cc1c(N)nc(nc1c(OC)c2OC)N3CCN(CC3)C(=O)OCC(C)(C)O ,2,-7.924592971801758,-0.9540476202964783
COc2cc1c(N)nc(nc1c(OC)c2OC)N3CCN(CC3)C(=O)OCC(C)(C)O ,3,-7.92460823059082,-0.9540485739707947
COc2cc1c(N)nc(nc1c(OC)c2OC)N3CCN(CC3)C(=O)OCC(C)(C)O ,4,-7.92570161819458,-0.9542229175567627
C1Cc2c3c1cccc3cc4c2ccc5ccccc54,1,-7.332649230957031,-0.8844462633132935
C1Cc2c3c1cccc3cc4c2ccc5ccccc54,2,-7.332304954528809,-0.8843953013420105
C1Cc2c3c1cccc3cc4c2ccc5ccccc54,3,-7.332560062408447,-0.8844285607337952
C1Cc2c3c1cccc3cc4c2ccc5ccccc54,4,-7.33294677734375,-0.8844964504241943
CC(=O)C3(C)CCC4C2C=C(C)C1=CC(=O)CCC1(C)C2CCC34C,1,-7.375208854675293,-0.875247597694397
CC(=O)C3(C)CCC4C2C=C(C)C1=CC(=O)CCC1(C)C2CCC34C,2,-7.375958442687988,-0.8753280639648438
CC(=O)C3(C)CCC4C2C=C(C)C1=CC(=O)CCC1(C)C2CCC34C,3,-7.3761091232299805,-0.8753564357757568
CC(=O)C3(C)CCC4C2C=C(C)C1=CC(=O)CCC1(C)C2CCC34C,4,-7.378404140472412,-0.8756008148193359
CCCCCC(=O)C,1,-7.379011631011963,-0.8684462308883667
CCCCCC(=O)C,2,-7.37811803817749,-0.8683839440345764
CCCCCC(=O)C,3,-7.3793044090271,-0.868488609790802
CCCCCC(=O)C,4,-7.377409934997559,-0.8682771325111389
c1cC2C(=O)NC(=O)C2cc1,1,-7.879383563995361,-0.9612236618995667
c1cC2C(=O)NC(=O)C2cc1,2,-7.882476806640625,-0.961499035358429
c1cC2C(=O)NC(=O)C2cc1,3,-7.883176326751709,-0.9615965485572815
c1cC2C(=O)NC(=O)C2cc1,4,-7.88304328918457,-0.9615817666053772
CC=C(C)C,1,-7.364742755889893,-0.8594560623168945
CC=C(C)C,2,-7.364697456359863,-0.8594505786895752
CC=C(C)C,3,-7.3654866218566895,-0.8595636487007141
CC=C(C)C,4,-7.3652143478393555,-0.8595173954963684
Cc1ccc(C)c(C)c1,1,-7.3361616134643555,-0.8668423891067505
Cc1ccc(C)c(C)c1,2,-7.336088180541992,-0.8668249845504761
Cc1ccc(C)c(C)c1,3,-7.336864948272705,-0.8669335246086121
Cc1ccc(C)c(C)c1,4,-7.3357834815979,-0.8667739033699036
c1ccc2c(c1)cnc3ccccc23 ,1,-7.7270307540893555,-0.9375044703483582
c1ccc2c(c1)cnc3ccccc23 ,2,-7.726907253265381,-0.9374812841415405
c1ccc2c(c1)cnc3ccccc23 ,3,-7.726082801818848,-0.9373656511306763
c1ccc2c(c1)cnc3ccccc23 ,4,-7.727172374725342,-0.9375150799751282
CCCC(C)(O)CC,1,-7.326100826263428,-0.8577568531036377
CCCC(C)(O)CC,2,-7.326157093048096,-0.8577684760093689
CCCC(C)(O)CC,3,-7.324829578399658,-0.8575912117958069
CCCC(C)(O)CC,4,-7.324540138244629,-0.8575931787490845
CCCCCCCC,1,-7.412870407104492,-0.8645350933074951
CCCCCCCC,2,-7.410520553588867,-0.8643067479133606
CCCCCCCC,3,-7.410325050354004,-0.8643510341644287
CCCCCCCC,4,-7.41087532043457,-0.8643617033958435
c1ccc2cc3ccccc3cc2c1,1,-7.340501308441162,-0.8859391212463379
c1ccc2cc3ccccc3cc2c1,2,-7.340449333190918,-0.8859325647354126
c1ccc2cc3ccccc3cc2c1,3,-7.34100341796875,-0.8859971761703491
c1ccc2cc3ccccc3cc2c1,4,-7.340599060058594,-0.8859468698501587
NNc1ccccc1,1,-8.07886791229248,-0.9697468876838684
NNc1ccccc1,2,-8.078604698181152,-0.9697145819664001
NNc1ccccc1,3,-8.080282211303711,-0.9699621796607971
NNc1ccccc1,4,-8.080862045288086,-0.9700390696525574
CCC=O,1,-7.391704559326172,-0.8760476112365723
CCC=O,2,-7.392866611480713,-0.8761787414550781
CCC=O,3,-7.3917646408081055,-0.8760529160499573
CCC=O,4,-7.391495704650879,-0.8760087490081787
C1CCCCCCC1,1,-7.410430908203125,-0.8686321973800659
C1CCCCCCC1,2,-7.409881591796875,-0.8685532808303833
C1CCCCCCC1,3,-7.409922122955322,-0.8685740232467651
C1CCCCCCC1,4,-7.410202503204346,-0.8686202168464661
O=C1NC(=O)NC(=O)C1(CC=C)CC=C,1,-7.948723316192627,-0.9629774689674377
O=C1NC(=O)NC(=O)C1(CC=C)CC=C,2,-7.949750900268555,-0.9631232619285583
O=C1NC(=O)NC(=O)C1(CC=C)CC=C,3,-7.948383808135986,-0.9628542065620422
O=C1NC(=O)NC(=O)C1(CC=C)CC=C,4,-7.948086738586426,-0.9629078507423401
CC1=CCCCC1,1,-7.371583938598633,-0.8666093945503235
CC1=CCCCC1,2,-7.371176242828369,-0.8665558695793152
CC1=CCCCC1,3,-7.371638298034668,-0.8666225075721741
CC1=CCCCC1,4,-7.371557235717773,-0.8666130900382996
CCCCC(CC)C=O,1,-7.373232841491699,-0.8676741719245911
CCCCC(CC)C=O,2,-7.371634483337402,-0.8675248026847839
CCCCC(CC)C=O,3,-7.372535705566406,-0.8676278591156006
CCCCC(CC)C=O,4,-7.37074613571167,-0.8674160838127136
COc2c1occc1c(OC)c3c(=O)cc(C)oc23 ,1,-7.531154632568359,-0.9152525067329407
COc2c1occc1c(OC)c3c(=O)cc(C)oc23 ,2,-7.53018045425415,-0.9151129722595215
COc2c1occc1c(OC)c3c(=O)cc(C)oc23 ,3,-7.530752182006836,-0.9152017831802368
COc2c1occc1c(OC)c3c(=O)cc(C)oc23 ,4,-7.530688762664795,-0.9151806235313416
O=C1NC(=O)NC(=O)C1(CC)CCC(C)C,1,-7.7910261154174805,-0.9326228499412537
O=C1NC(=O)NC(=O)C1(CC)CCC(C)C,2,-7.790865421295166,-0.9326595664024353
O=C1NC(=O)NC(=O)C1(CC)CCC(C)C,3,-7.789175987243652,-0.9324213266372681
O=C1NC(=O)NC(=O)C1(CC)CCC(C)C,4,-7.7908830642700195,-0.9326643347740173
c1ccc2c3c(ccc2c1)c4cccc5cccc3c45,1,-7.328828811645508,-0.8875443339347839
c1ccc2c3c(ccc2c1)c4cccc5cccc3c45,2,-7.330275535583496,-0.8877657651901245
c1ccc2c3c(ccc2c1)c4cccc5cccc3c45,3,-7.329920768737793,-0.8877105116844177
c1ccc2c3c(ccc2c1)c4cccc5cccc3c45,4,-7.3293890953063965,-0.8876383304595947
CCC(CC)C=O,1,-7.368605613708496,-0.8681818246841431
CCC(CC)C=O,2,-7.367966175079346,-0.8680961728096008
CCC(CC)C=O,3,-7.367809772491455,-0.8680666089057922
CCC(CC)C=O,4,-7.368897438049316,-0.8681762218475342
CCCOCCC,1,-7.368495464324951,-0.8648289442062378
CCCOCCC,2,-7.369491100311279,-0.864952564239502
CCCOCCC,3,-7.369329452514648,-0.8649460673332214
CCCOCCC,4,-7.368556499481201,-0.8648442625999451
CCCCCCCCCCCCCCO,1,-7.3650641441345215,-0.863768994808197
CCCCCCCCCCCCCCO,2,-7.3636932373046875,-0.8636236190795898
CCCCCCCCCCCCCCO,3,-7.3632636070251465,-0.8635618686676025
CCCCCCCCCCCCCCO,4,-7.3615546226501465,-0.8634266257286072
NC(=O)N,1,-8.304695129394531,-0.9973539710044861
NC(=O)N,2,-8.304903030395508,-0.9973723292350769
NC(=O)N,3,-8.304828643798828,-0.9973692297935486
NC(=O)N,4,-8.304523468017578,-0.9973216652870178
CCCC#C,1,-7.393921852111816,-0.8699334859848022
CCCC#C,2,-7.393655300140381,-0.8698879480361938
CCCC#C,3,-7.3944172859191895,-0.8699908256530762
CCCC#C,4,-7.394154071807861,-0.8699609637260437
CCCCCCCCCCCCCCCCCCO,1,-7.372124671936035,-0.864540696144104
CCCCCCCCCCCCCCCCCCO,2,-7.370814323425293,-0.8644236922264099
CCCCCCCCCCCCCCCCCCO,3,-7.3708696365356445,-0.8644103407859802
CCCCCCCCCCCCCCCCCCO,4,-7.369324684143066,-0.8642259240150452
CC(=O)Nc1ccccc1,1,-7.81427001953125,-0.941717267036438
CC(=O)Nc1ccccc1,2,-7.8142828941345215,-0.9417205452919006
CC(=O)Nc1ccccc1,3,-7.814917087554932,-0.9418144226074219
CC(=O)Nc1ccccc1,4,-7.8146467208862305,-0.9417731165885925
c1cc(O)c(O)c2OCC3(O)CC4=CC(=O)C(O)=CC4=C3c21,1,-7.485186576843262,-0.9149041771888733
c1cc(O)c(O)c2OCC3(O)CC4=CC(=O)C(O)=CC4=C3c21,2,-7.485182285308838,-0.9149985909461975
c1cc(O)c(O)c2OCC3(O)CC4=CC(=O)C(O)=CC4=C3c21,3,-7.48604679107666,-0.9151398539543152
c1cc(O)c(O)c2OCC3(O)CC4=CC(=O)C(O)=CC4=C3c21,4,-7.48555850982666,-0.9150582551956177
c1nccc(C(=O)NN)c1,1,-8.345398902893066,-1.0132222175598145
c1nccc(C(=O)NN)c1,2,-8.344622611999512,-1.0131237506866455
c1nccc(C(=O)NN)c1,3,-8.344983100891113,-1.0131653547286987
c1nccc(C(=O)NN)c1,4,-8.345196723937988,-1.0131891965866089
CC(C)CCOC=O,1,-7.3732709884643555,-0.8741252422332764
CC(C)CCOC=O,2,-7.373995780944824,-0.874225378036499
CC(C)CCOC=O,3,-7.372613906860352,-0.8740370869636536
CC(C)CCOC=O,4,-7.372495651245117,-0.8740363121032715
CC(=O)c1ccccc1,1,-7.439284324645996,-0.8941569328308105
CC(=O)c1ccccc1,2,-7.439854145050049,-0.8942374587059021
CC(=O)c1ccccc1,3,-7.438632965087891,-0.894067108631134
CC(=O)c1ccccc1,4,-7.439556121826172,-0.894199788570404
c2ccc1nc(ccc1c2)c4ccc3ccccc3n4 ,1,-7.865084648132324,-0.9568050503730774
c2ccc1nc(ccc1c2)c4ccc3ccccc3n4 ,2,-7.868080139160156,-0.957283079624176
c2ccc1nc(ccc1c2)c4ccc3ccccc3n4 ,3,-7.8672194480896,-0.9571621417999268
c2ccc1nc(ccc1c2)c4ccc3ccccc3n4 ,4,-7.865475654602051,-0.9569074511528015
CC2(C)C1CCC(C)(C1)C2=O,1,-7.347001075744629,-0.8679623603820801
CC2(C)C1CCC(C)(C1)C2=O,2,-7.346862316131592,-0.8679308295249939
CC2(C)C1CCC(C)(C1)C2=O,3,-7.347066879272461,-0.8679679036140442
CC2(C)C1CCC(C)(C1)C2=O,4,-7.34712553024292,-0.8679646849632263
COc2cnc1cncnc1n2,1,-8.781935691833496,-1.0763940811157227
COc2cnc1cncnc1n2,2,-8.781268119812012,-1.0762935876846313
COc2cnc1cncnc1n2,3,-8.78143310546875,-1.0762954950332642
COc2cnc1cncnc1n2,4,-8.781722068786621,-1.0763508081436157
CC(C)N(=O)=O,1,-7.767213821411133,-0.9278303384780884
CC(C)N(=O)=O,2,-7.7693867683410645,-0.9280927181243896
CC(C)N(=O)=O,3,-7.768976211547852,-0.9280449748039246
CC(C)N(=O)=O,4,-7.7681565284729,-0.9279316663742065
c1ccc2c(c1)[nH]c3ccccc32,1,-7.7618408203125,-0.9403002858161926
c1ccc2c(c1)[nH]c3ccccc32,2,-7.760870456695557,-0.9401666522026062
c1ccc2c(c1)[nH]c3ccccc32,3,-7.762424468994141,-0.9403927326202393
c1ccc2c(c1)[nH]c3ccccc32,4,-7.7605814933776855,-0.9401249289512634
OCC(O)C(O)CO,1,-7.3065619468688965,-0.8720887899398804
OCC(O)C(O)CO,2,-7.3048272132873535,-0.8722789287567139
OCC(O)C(O)CO,3,-7.303315162658691,-0.8719951510429382
OCC(O)C(O)CO,4,-7.30554723739624,-0.8723466396331787
CCCOC(=O)c1ccc(N)cc1,1,-7.673980236053467,-0.920796275138855
CCCOC(=O)c1ccc(N)cc1,2,-7.672850131988525,-0.920647919178009
CCCOC(=O)c1ccc(N)cc1,3,-7.6739630699157715,-0.9208138585090637
CCCOC(=O)c1ccc(N)cc1,4,-7.673750400543213,-0.9207754135131836
O=C1CCC(=O)N1,1,-8.030802726745605,-0.9773780703544617
O=C1CCC(=O)N1,2,-8.031455993652344,-0.9774873852729797
O=C1CCC(=O)N1,3,-8.031070709228516,-0.9774094223976135
O=C1CCC(=O)N1,4,-8.030858993530273,-0.977374255657196
CCC(C)C(C)C,1,-7.386589050292969,-0.859658420085907
CCC(C)C(C)C,2,-7.3869781494140625,-0.8597299456596375
CCC(C)C(C)C,3,-7.387079238891602,-0.8597453236579895
CCC(C)C(C)C,4,-7.387076377868652,-0.8597787022590637
O2c1ccccc1N(CC)C(=O)c3ccccc23 ,1,-7.714953899383545,-0.9345109462738037
O2c1ccccc1N(CC)C(=O)c3ccccc23 ,2,-7.714845180511475,-0.9345123767852783
O2c1ccccc1N(CC)C(=O)c3ccccc23 ,3,-7.714612007141113,-0.9344900250434875
O2c1ccccc1N(CC)C(=O)c3ccccc23 ,4,-7.715138912200928,-0.9345553517341614
C1CCOCC1,1,-7.385612964630127,-0.8739192485809326
C1CCOCC1,2,-7.385251045227051,-0.8738846778869629
C1CCOCC1,3,-7.385698318481445,-0.8739379048347473
C1CCOCC1,4,-7.38577127456665,-0.873887836933136
CCCCCC#C,1,-7.398608207702637,-0.8693729043006897
CCCCCC#C,2,-7.3973307609558105,-0.869236946105957
CCCCCC#C,3,-7.398059368133545,-0.8693846464157104
CCCCCC#C,4,-7.397438049316406,-0.8692684769630432
c1cc2ccc(OC)c(CC=C(C)(C))c2oc1=O ,1,-7.447266578674316,-0.8951091766357422
c1cc2ccc(OC)c(CC=C(C)(C))c2oc1=O ,2,-7.447208404541016,-0.8950947523117065
c1cc2ccc(OC)c(CC=C(C)(C))c2oc1=O ,3,-7.44751501083374,-0.8951252698898315
c1cc2ccc(OC)c(CC=C(C)(C))c2oc1=O ,4,-7.447456359863281,-0.8951183557510376
c1cc(C)cc2c1c3cc4cccc5CCc(c45)c3cc2,1,-7.333132743835449,-0.881920337677002
c1cc(C)cc2c1c3cc4cccc5CCc(c45)c3cc2,2,-7.332848072052002,-0.8818861842155457
c1cc(C)cc2c1c3cc4cccc5CCc(c45)c3cc2,3,-7.331984519958496,-0.88174968957901
c1cc(C)cc2c1c3cc4cccc5CCc(c45)c3cc2,4,-7.332240581512451,-0.8817939162254333
CCOC(=O)c1ccccc1,1,-7.4429826736450195,-0.8950924277305603
CCOC(=O)c1ccccc1,2,-7.442184925079346,-0.8950174450874329
CCOC(=O)c1ccccc1,3,-7.44235897064209,-0.8950374722480774
CCOC(=O)c1ccccc1,4,-7.443285942077637,-0.8951780796051025
CC34CCC1C(CCc2cc(O)ccc12)C3CCC4(O)C#C ,1,-7.387931823730469,-0.8827463388442993
CC34CCC1C(CCc2cc(O)ccc12)C3CCC4(O)C#C ,2,-7.387002944946289,-0.8827034831047058
CC34CCC1C(CCc2cc(O)ccc12)C3CCC4(O)C#C ,3,-7.386349201202393,-0.8825961947441101
CC34CCC1C(CCc2cc(O)ccc12)C3CCC4(O)C#C ,4,-7.385725021362305,-0.8825942873954773
CCCCCCCCCCCC(=O)OC,1,-7.3712921142578125,-0.8687002658843994
CCCCCCCCCCCC(=O)OC,2,-7.369963645935059,-0.8685323596000671
CCCCCCCCCCCC(=O)OC,3,-7.3695220947265625,-0.86854487657547
CCCCCCCCCCCC(=O)OC,4,-7.369322299957275,-0.8685721158981323
c1ccc2cc3cc4ccccc4cc3cc2c1,1,-7.336859226226807,-0.8869439959526062
c1ccc2cc3cc4ccccc4cc3cc2c1,2,-7.335997104644775,-0.8868095278739929
c1ccc2cc3cc4ccccc4cc3cc2c1,3,-7.337141990661621,-0.8869698643684387
c1ccc2cc3cc4ccccc4cc3cc2c1,4,-7.336843967437744,-0.886934757232666
CCCC/C=C/C,1,-7.39407205581665,-0.8651100397109985
CCCC/C=C/C,2,-7.3945441246032715,-0.8651828765869141
CCCC/C=C/C,3,-7.393709182739258,-0.8651333451271057
CCCC/C=C/C,4,-7.394104957580566,-0.8651902079582214
Cc1ncc(N(=O)=O)n1CCO ,1,-8.222987174987793,-0.9972230792045593
Cc1ncc(N(=O)=O)n1CCO ,2,-8.222671508789062,-0.9971811175346375
Cc1ncc(N(=O)=O)n1CCO ,3,-8.22297477722168,-0.9972476363182068
Cc1ncc(N(=O)=O)n1CCO ,4,-8.22305679321289,-0.9972540736198425
CCCCCC1CCCC1,1,-7.39042329788208,-0.8656325936317444
CCCCCC1CCCC1,2,-7.388317108154297,-0.8654256463050842
CCCCCC1CCCC1,3,-7.389698505401611,-0.8655813932418823
CCCCCC1CCCC1,4,-7.389317512512207,-0.8654562830924988
O=C1NC(=O)NC(=O)C1(CC)C(C)C,1,-7.870301246643066,-0.9455342292785645
O=C1NC(=O)NC(=O)C1(CC)C(C)C,2,-7.869760990142822,-0.9454647302627563
O=C1NC(=O)NC(=O)C1(CC)C(C)C,3,-7.870457649230957,-0.9455422163009644
O=C1NC(=O)NC(=O)C1(CC)C(C)C,4,-7.8703837394714355,-0.9455389380455017
O=C2NC(=O)C1(CCCCC1)C(=O)N2,1,-7.945947170257568,-0.9608709216117859
O=C2NC(=O)C1(CCCCC1)C(=O)N2,2,-7.945510387420654,-0.9608170390129089
O=C2NC(=O)C1(CCCCC1)C(=O)N2,3,-7.945201873779297,-0.9607917666435242
O=C2NC(=O)C1(CCCCC1)C(=O)N2,4,-7.945418357849121,-0.9608182311058044
CN(C)C(=O)OC1=CC(=O)CC(C)(C)C1 ,1,-7.638116836547852,-0.9127862453460693
CN(C)C(=O)OC1=CC(=O)CC(C)(C)C1 ,2,-7.637119770050049,-0.9126611948013306
CN(C)C(=O)OC1=CC(=O)CC(C)(C)C1 ,3,-7.638072490692139,-0.9127838015556335
CN(C)C(=O)OC1=CC(=O)CC(C)(C)C1 ,4,-7.638047218322754,-0.9127822518348694
CCOCC,1,-7.371937274932861,-0.865472674369812
CCOCC,2,-7.370993137359619,-0.8653644919395447
CCOCC,3,-7.3714470863342285,-0.8654940724372864
CCOCC,4,-7.370909214019775,-0.8654316663742065
CCCCN(CC)c1c(cc(cc1N(=O)=O)C(F)(F)F)N(=O)=O,1,-8.156201362609863,-0.9791744351387024
CCCCN(CC)c1c(cc(cc1N(=O)=O)C(F)(F)F)N(=O)=O,2,-8.158235549926758,-0.9794045090675354
CCCCN(CC)c1c(cc(cc1N(=O)=O)C(F)(F)F)N(=O)=O,3,-8.156981468200684,-0.9792831540107727
CCCCN(CC)c1c(cc(cc1N(=O)=O)C(F)(F)F)N(=O)=O,4,-8.156403541564941,-0.9792014956474304
Cc1cc(C)c(O)c(C)c1,1,-7.3578104972839355,-0.8744179606437683
Cc1cc(C)c(O)c(C)c1,2,-7.357862949371338,-0.8744166493415833
Cc1cc(C)c(O)c(C)c1,3,-7.357601642608643,-0.8743816614151001
Cc1cc(C)c(O)c(C)c1,4,-7.357324600219727,-0.8743481040000916
c1ccccc1,1,-7.372214317321777,-0.8829938769340515
c1ccccc1,2,-7.372119426727295,-0.882981538772583
c1ccccc1,3,-7.371750354766846,-0.8829339146614075
c1ccccc1,4,-7.371825218200684,-0.8829456567764282
C=Cc1ccccc1,1,-7.3687543869018555,-0.8813689351081848
C=Cc1ccccc1,2,-7.368232250213623,-0.8813078999519348
C=Cc1ccccc1,3,-7.369386196136475,-0.8814606070518494
C=Cc1ccccc1,4,-7.368059158325195,-0.8812831044197083
COCOC,1,-7.37949800491333,-0.873664379119873
COCOC,2,-7.380130290985107,-0.873737633228302
COCOC,3,-7.380092144012451,-0.8737322092056274
COCOC,4,-7.3801422119140625,-0.8737349510192871
Cc1ccccc1C,1,-7.346379280090332,-0.8705373406410217
Cc1ccccc1C,2,-7.346400737762451,-0.8705279231071472
Cc1ccccc1C,3,-7.3465495109558105,-0.8705533146858215
Cc1ccccc1C,4,-7.3474907875061035,-0.8706929683685303
CCC(C)O,1,-7.309978485107422,-0.8568712472915649
CCC(C)O,2,-7.309554576873779,-0.8568035960197449
CCC(C)O,3,-7.308819770812988,-0.8567399382591248
CCC(C)O,4,-7.309122085571289,-0.8567653894424438
Oc1ccc(O)cc1,1,-7.437358379364014,-0.9024590849876404
Oc1ccc(O)cc1,2,-7.438199996948242,-0.9025656580924988
Oc1ccc(O)cc1,3,-7.437190055847168,-0.9024305939674377
Oc1ccc(O)cc1,4,-7.437630653381348,-0.9025043249130249
CC34CCC1C(CCc2cc(O)ccc12)C3CC(O)C4O ,1,-7.374614238739014,-0.8813456296920776
CC34CCC1C(CCc2cc(O)ccc12)C3CC(O)C4O ,2,-7.374058246612549,-0.881257951259613
CC34CCC1C(CCc2cc(O)ccc12)C3CC(O)C4O ,3,-7.373013973236084,-0.8811614513397217
CC34CCC1C(CCc2cc(O)ccc12)C3CC(O)C4O ,4,-7.373933792114258,-0.8812898993492126
C1c2ccccc2c3cc4ccccc4cc13,1,-7.335148811340332,-0.8851386904716492
C1c2ccccc2c3cc4ccccc4cc13,2,-7.333970546722412,-0.8849712610244751
C1c2ccccc2c3cc4ccccc4cc13,3,-7.335002899169922,-0.8851169347763062
C1c2ccccc2c3cc4ccccc4cc13,4,-7.334161758422852,-0.88499915599823
O=C1CNC(=O)N1 ,1,-8.502345085144043,-1.0418199300765991
O=C1CNC(=O)N1 ,2,-8.502998352050781,-1.0419026613235474
O=C1CNC(=O)N1 ,3,-8.501673698425293,-1.0417109727859497
O=C1CNC(=O)N1 ,4,-8.502460479736328,-1.0418370962142944
c1(O)cc(O)ccc1CCCCCC,1,-7.3744659423828125,-0.876899778842926
c1(O)cc(O)ccc1CCCCCC,2,-7.3716044425964355,-0.8765954971313477
c1(O)cc(O)ccc1CCCCCC,3,-7.373039245605469,-0.8768125772476196
c1(O)cc(O)ccc1CCCCCC,4,-7.37302303314209,-0.8767778277397156
Cc1c(C)c2c3ccccc3ccc2c4ccccc14,1,-7.343677997589111,-0.88160640001297
Cc1c(C)c2c3ccccc3ccc2c4ccccc14,2,-7.344510078430176,-0.8817232847213745
Cc1c(C)c2c3ccccc3ccc2c4ccccc14,3,-7.344250679016113,-0.881687581539154
Cc1c(C)c2c3ccccc3ccc2c4ccccc14,4,-7.344452381134033,-0.8817142248153687
CCCCC(=O)OC3(C(C)CC4C2CCC1=CC(=O)C=CC1(C)C2(F)C(O)CC34C)C(=O)CO,1,-7.477528095245361,-0.8928369879722595
CCCCC(=O)OC3(C(C)CC4C2CCC1=CC(=O)C=CC1(C)C2(F)C(O)CC34C)C(=O)CO,2,-7.481712818145752,-0.8933647871017456
CCCCC(=O)OC3(C(C)CC4C2CCC1=CC(=O)C=CC1(C)C2(F)C(O)CC34C)C(=O)CO,3,-7.476724624633789,-0.8927103281021118
CCCCC(=O)OC3(C(C)CC4C2CCC1=CC(=O)C=CC1(C)C2(F)C(O)CC34C)C(=O)CO,4,-7.475080966949463,-0.8926371932029724
O=c2[nH]c(=O)c1[nH]c(=O)[nH]c1[nH]2 ,1,-8.883788108825684,-1.0998964309692383
O=c2[nH]c(=O)c1[nH]c(=O)[nH]c1[nH]2 ,2,-8.884916305541992,-1.1000597476959229
O=c2[nH]c(=O)c1[nH]c(=O)[nH]c1[nH]2 ,3,-8.88345718383789,-1.0998276472091675
O=c2[nH]c(=O)c1[nH]c(=O)[nH]c1[nH]2 ,4,-8.885139465332031,-1.100093126296997
CC(C)COC=O,1,-7.379276275634766,-0.876255214214325
CC(C)COC=O,2,-7.379086494445801,-0.8762907981872559
CC(C)COC=O,3,-7.379136085510254,-0.8762825727462769
CC(C)COC=O,4,-7.377612113952637,-0.8760724067687988
CCN2c1nc(C)cc(C(F)(F)F)c1NC(=O)c3cccnc23 ,1,-8.515796661376953,-1.0273492336273193
CCN2c1nc(C)cc(C(F)(F)F)c1NC(=O)c3cccnc23 ,2,-8.515276908874512,-1.0272791385650635
CCN2c1nc(C)cc(C(F)(F)F)c1NC(=O)c3cccnc23 ,3,-8.509542465209961,-1.0265151262283325
CCN2c1nc(C)cc(C(F)(F)F)c1NC(=O)c3cccnc23 ,4,-8.509343147277832,-1.0265005826950073
CCCCCC,1,-7.415073394775391,-0.8635061979293823
CCCCCC,2,-7.413708209991455,-0.8633923530578613
CCCCCC,3,-7.413005828857422,-0.8633191585540771
CCCCCC,4,-7.413731098175049,-0.8633301258087158
COC(=O)c1cccnc1 ,1,-7.855315208435059,-0.953565776348114
COC(=O)c1cccnc1 ,2,-7.856904983520508,-0.9537946581840515
COC(=O)c1cccnc1 ,3,-7.856009483337402,-0.9536718130111694
COC(=O)c1cccnc1 ,4,-7.854877471923828,-0.9535071849822998
c1ccc2c(c1)c3ccccc3c4ccccc24,1,-7.347113609313965,-0.8878614902496338
c1ccc2c(c1)c3ccccc3c4ccccc24,2,-7.346271991729736,-0.8877361416816711
c1ccc2c(c1)c3ccccc3c4ccccc24,3,-7.345142841339111,-0.887582004070282
c1ccc2c(c1)c3ccccc3c4ccccc24,4,-7.345716953277588,-0.8876583576202393
CC=C(C(=CC)c1ccc(O)cc1)c2ccc(O)cc2,1,-7.406310081481934,-0.8899497389793396
CC=C(C(=CC)c1ccc(O)cc1)c2ccc(O)cc2,2,-7.4063544273376465,-0.8899487257003784
CC=C(C(=CC)c1ccc(O)cc1)c2ccc(O)cc2,3,-7.405577659606934,-0.8899028897285461
CC=C(C(=CC)c1ccc(O)cc1)c2ccc(O)cc2,4,-7.405308723449707,-0.8898649215698242
CCCCC(CC)COC(=O)c1ccccc1C(=O)OCC(CC)CCCC,1,-7.389216423034668,-0.8767520189285278
CCCCC(CC)COC(=O)c1ccccc1C(=O)OCC(CC)CCCC,2,-7.38706636428833,-0.8765225410461426
CCCCC(CC)COC(=O)c1ccccc1C(=O)OCC(CC)CCCC,3,-7.388016700744629,-0.8766189217567444
CCCCC(CC)COC(=O)c1ccccc1C(=O)OCC(CC)CCCC,4,-7.387094497680664,-0.8765562176704407
CCc1ccccn1,1,-7.843143939971924,-0.9374125599861145
CCc1ccccn1,2,-7.843441009521484,-0.9374372959136963
CCc1ccccn1,3,-7.842977046966553,-0.9373824596405029
CCc1ccccn1,4,-7.843646049499512,-0.9374696016311646
c1ccc(cc1)c2ccccc2,1,-7.354849815368652,-0.8846492767333984
c1ccc(cc1)c2ccccc2,2,-7.354859352111816,-0.884639322757721
c1ccc(cc1)c2ccccc2,3,-7.35464334487915,-0.8846091628074646
c1ccc(cc1)c2ccccc2,4,-7.353491306304932,-0.8844538331031799
CN(C)c1nc(nc(n1)N(C)C)N(C)C,1,-8.488905906677246,-1.0134556293487549
CN(C)c1nc(nc(n1)N(C)C)N(C)C,2,-8.488831520080566,-1.0134520530700684
CN(C)c1nc(nc(n1)N(C)C)N(C)C,3,-8.488492012023926,-1.0134096145629883
CN(C)c1nc(nc(n1)N(C)C)N(C)C,4,-8.489200592041016,-1.0135022401809692
CC(C)CC(C)(C)O,1,-7.319149971008301,-0.8567001819610596
CC(C)CC(C)(C)O,2,-7.316946029663086,-0.8564244508743286
CC(C)CC(C)(C)O,3,-7.317556858062744,-0.8565027117729187
CC(C)CC(C)(C)O,4,-7.31735372543335,-0.8564863204956055
O=C2NC(=O)C1(CCCCCC1)C(=O)N2 ,1,-7.893360137939453,-0.9518833160400391
O=C2NC(=O)C1(CCCCCC1)C(=O)N2 ,2,-7.892916202545166,-0.9518702030181885
O=C2NC(=O)C1(CCCCCC1)C(=O)N2 ,3,-7.89343786239624,-0.9519789218902588
O=C2NC(=O)C1(CCCCCC1)C(=O)N2 ,4,-7.893621921539307,-0.952004611492157
OCC1OC(O)(CO)C(O)C1O,1,-7.339521884918213,-0.8820312023162842
OCC1OC(O)(CO)C(O)C1O,2,-7.341363430023193,-0.8824492692947388
OCC1OC(O)(CO)C(O)C1O,3,-7.338496208190918,-0.8820745348930359
OCC1OC(O)(CO)C(O)C1O,4,-7.338368892669678,-0.882169783115387
Cc1cc(C)cc(O)c1,1,-7.374753475189209,-0.8797541856765747
Cc1cc(C)cc(O)c1,2,-7.374608993530273,-0.8797406554222107
Cc1cc(C)cc(O)c1,3,-7.374995231628418,-0.879788339138031
Cc1cc(C)cc(O)c1,4,-7.374205589294434,-0.8796816468238831
CCC(C)(C)C,1,-7.370113849639893,-0.8562406301498413
CCC(C)(C)C,2,-7.370055675506592,-0.8562430739402771
CCC(C)(C)C,3,-7.370515823364258,-0.8563097715377808
CCC(C)(C)C,4,-7.369777679443359,-0.8562090992927551
CNc1ccccc1,1,-7.833425998687744,-0.935895562171936
CNc1ccccc1,2,-7.834134101867676,-0.9359961748123169
CNc1ccccc1,3,-7.834099292755127,-0.935987114906311
CNc1ccccc1,4,-7.835172176361084,-0.9361433982849121
C=CCC=C,1,-7.409058570861816,-0.8741748332977295
C=CCC=C,2,-7.409714221954346,-0.8742601275444031
C=CCC=C,3,-7.409753322601318,-0.874274492263794
C=CCC=C,4,-7.408903121948242,-0.8741549849510193
CC(=O)OCC(=O)C1(O)CCC2C3CCC4=CC(=O)CCC4(C)C3C(O)CC21C,1,-7.402910232543945,-0.8854215741157532
CC(=O)OCC(=O)C1(O)CCC2C3CCC4=CC(=O)CCC4(C)C3C(O)CC21C,2,-7.402817249298096,-0.885405421257019
CC(=O)OCC(=O)C1(O)CCC2C3CCC4=CC(=O)CCC4(C)C3C(O)CC21C,3,-7.402063846588135,-0.8853015303611755
CC(=O)OCC(=O)C1(O)CCC2C3CCC4=CC(=O)CCC4(C)C3C(O)CC21C,4,-7.402592182159424,-0.885377049446106
Cc1cc(cc(N(=O)=O)c1O)N(=O)=O,1,-7.925718784332275,-0.972155749797821
Cc1cc(cc(N(=O)=O)c1O)N(=O)=O,2,-7.92151403427124,-0.9718477129936218
Cc1cc(cc(N(=O)=O)c1O)N(=O)=O,3,-7.922322750091553,-0.971979558467865
Cc1cc(cc(N(=O)=O)c1O)N(=O)=O,4,-7.922754287719727,-0.972021758556366
O=C1NC(=O)NC(=O)C1(C)CC,1,-8.001970291137695,-0.9672892689704895
O=C1NC(=O)NC(=O)C1(C)CC,2,-8.00211238861084,-0.9673051238059998
O=C1NC(=O)NC(=O)C1(C)CC,3,-8.00229263305664,-0.9673295617103577
O=C1NC(=O)NC(=O)C1(C)CC,4,-8.002655982971191,-0.9673694968223572
OCCOc1ccccc1,1,-7.423456192016602,-0.8920961618423462
OCCOc1ccccc1,2,-7.424763202667236,-0.8922339081764221
OCCOc1ccccc1,3,-7.42276668548584,-0.892072856426239
OCCOc1ccccc1,4,-7.422654628753662,-0.892059326171875
C(c1ccccc1)c2ccccc2,1,-7.362172603607178,-0.8831669092178345
C(c1ccccc1)c2ccccc2,2,-7.362307548522949,-0.8831807374954224
C(c1ccccc1)c2ccccc2,3,-7.360869884490967,-0.8829901814460754
C(c1ccccc1)c2ccccc2,4,-7.361652851104736,-0.8830996155738831
CCCCCC(O)CC,1,-7.339191436767578,-0.860575795173645
CCCCCC(O)CC,2,-7.339462757110596,-0.8606241941452026
CCCCCC(O)CC,3,-7.338639736175537,-0.8604693412780762
CCCCCC(O)CC,4,-7.339609622955322,-0.8606027960777283
CCCC(C)CO,1,-7.3217973709106445,-0.8582234978675842
CCCC(C)CO,2,-7.3216094970703125,-0.8583657145500183
CCCC(C)CO,3,-7.32079553604126,-0.8582450747489929
CCCC(C)CO,4,-7.320195198059082,-0.858281672000885
CCCCC(C)(C)O,1,-7.326360702514648,-0.857866644859314
CCCCC(C)(C)O,2,-7.325596332550049,-0.8578757643699646
CCCCC(C)(C)O,3,-7.32503604888916,-0.8578184247016907
CCCCC(C)(C)O,4,-7.324670791625977,-0.8577417731285095
CCc1ccccc1,1,-7.358513355255127,-0.8732449412345886
CCc1ccccc1,2,-7.359034061431885,-0.8733320832252502
CCc1ccccc1,3,-7.358651638031006,-0.8732670545578003
CCc1ccccc1,4,-7.358243942260742,-0.8732190132141113
O=C1NC(=O)NC(=O)C1(CC)CC=C(C)C,1,-7.827917575836182,-0.9403105974197388
O=C1NC(=O)NC(=O)C1(CC)CC=C(C)C,2,-7.827855587005615,-0.9402866959571838
O=C1NC(=O)NC(=O)C1(CC)CC=C(C)C,3,-7.827483177185059,-0.9401839375495911
O=C1NC(=O)NC(=O)C1(CC)CC=C(C)C,4,-7.827374458312988,-0.9401734471321106
CC1(C)C(C(=O)OC(C#N)c2cccc(Oc3ccccc3)c2)C1(C)C,1,-7.572206497192383,-0.9108847379684448
CC1(C)C(C(=O)OC(C#N)c2cccc(Oc3ccccc3)c2)C1(C)C,2,-7.572212219238281,-0.9108812808990479
CC1(C)C(C(=O)OC(C#N)c2cccc(Oc3ccccc3)c2)C1(C)C,3,-7.572693824768066,-0.9109445810317993
CC1(C)C(C(=O)OC(C#N)c2cccc(Oc3ccccc3)c2)C1(C)C,4,-7.572830677032471,-0.9109646081924438
COC(C)(C)CCCC(C)CC=CC(C)=CC(=O)OC(C)C,1,-7.374426364898682,-0.8712145686149597
COC(C)(C)CCCC(C)CC=CC(C)=CC(=O)OC(C)C,2,-7.373941898345947,-0.8711835741996765
COC(C)(C)CCCC(C)CC=CC(C)=CC(=O)OC(C)C,3,-7.374974727630615,-0.8712941408157349
COC(C)(C)CCCC(C)CC=CC(C)=CC(=O)OC(C)C,4,-7.372649192810059,-0.871034562587738
CCOC(=O)CC,1,-7.391453742980957,-0.876949667930603
CCOC(=O)CC,2,-7.3925557136535645,-0.8770432472229004
CCOC(=O)CC,3,-7.39070987701416,-0.876826822757721
CCOC(=O)CC,4,-7.391655921936035,-0.8769795894622803
Cc1cc2ccccc2cc1C,1,-7.340410232543945,-0.8756848573684692
Cc1cc2ccccc2cc1C,2,-7.3407793045043945,-0.8757411241531372
Cc1cc2ccccc2cc1C,3,-7.3415446281433105,-0.875847339630127
Cc1cc2ccccc2cc1C,4,-7.340541362762451,-0.8757113218307495
NC(N)=NC#N ,1,-9.108046531677246,-1.1037101745605469
NC(N)=NC#N ,2,-9.108624458312988,-1.1038011312484741
NC(N)=NC#N ,3,-9.108757019042969,-1.1038020849227905
NC(N)=NC#N ,4,-9.109456062316895,-1.1038990020751953
COc1ccc(C=O)cc1,1,-7.471245765686035,-0.9027875065803528
COc1ccc(C=O)cc1,2,-7.471115589141846,-0.9027644991874695
COc1ccc(C=O)cc1,3,-7.470621585845947,-0.9027029275894165
COc1ccc(C=O)cc1,4,-7.471031665802002,-0.9027577042579651
CC(=O)Nc1ccc(cc1)N(=O)=O,1,-8.011994361877441,-0.9761624932289124
CC(=O)Nc1ccc(cc1)N(=O)=O,2,-8.012131690979004,-0.9761877655982971
CC(=O)Nc1ccc(cc1)N(=O)=O,3,-8.011639595031738,-0.9761207699775696
CC(=O)Nc1ccc(cc1)N(=O)=O,4,-8.012943267822266,-0.9763062596321106
CCCCCCC(=O)OCC,1,-7.37581205368042,-0.871114194393158
CCCCCCC(=O)OCC,2,-7.37588357925415,-0.8710877299308777
CCCCCCC(=O)OCC,3,-7.374852180480957,-0.8710470199584961
CCCCCCC(=O)OCC,4,-7.374600887298584,-0.8710085153579712
CC(=O)Nc1ccc(O)cc1,1,-7.790400505065918,-0.9422444701194763
CC(=O)Nc1ccc(O)cc1,2,-7.789637088775635,-0.9421481490135193
CC(=O)Nc1ccc(O)cc1,3,-7.789774417877197,-0.9421582818031311
CC(=O)Nc1ccc(O)cc1,4,-7.791288375854492,-0.9423757195472717
c2ccc1[nH]ncc1c2 ,1,-8.24933910369873,-1.0018256902694702
c2ccc1[nH]ncc1c2 ,2,-8.248478889465332,-1.0017033815383911
c2ccc1[nH]ncc1c2 ,3,-8.24988079071045,-1.0019084215164185
c2ccc1[nH]ncc1c2 ,4,-8.250029563903809,-1.0019230842590332
CC5(C)OC4CC3C2CCC1=CC(=O)C=CC1(C)C2(F)C(O)CC3(C)C4(O5)C(=O)CO ,1,-7.496768474578857,-0.8976455330848694
CC5(C)OC4CC3C2CCC1=CC(=O)C=CC1(C)C2(F)C(O)CC3(C)C4(O5)C(=O)CO ,2,-7.498469352722168,-0.8978065848350525
CC5(C)OC4CC3C2CCC1=CC(=O)C=CC1(C)C2(F)C(O)CC3(C)C4(O5)C(=O)CO ,3,-7.498769283294678,-0.8979476094245911
CC5(C)OC4CC3C2CCC1=CC(=O)C=CC1(C)C2(F)C(O)CC3(C)C4(O5)C(=O)CO ,4,-7.497578144073486,-0.8977146744728088
Nc2nc1[nH]cnc1c(=O)[nH]2 ,1,-9.035090446472168,-1.1089726686477661
Nc2nc1[nH]cnc1c(=O)[nH]2 ,2,-9.036519050598145,-1.1091928482055664
Nc2nc1[nH]cnc1c(=O)[nH]2 ,3,-9.036728858947754,-1.10921049118042
Nc2nc1[nH]cnc1c(=O)[nH]2 ,4,-9.035490989685059,-1.10903000831604
COC(=O)C,1,-7.419522285461426,-0.8846545219421387
COC(=O)C,2,-7.420250415802002,-0.8847396373748779
COC(=O)C,3,-7.419858455657959,-0.8847169876098633
COC(=O)C,4,-7.418968200683594,-0.884580671787262
CC34CCC1C(CCC2CC(=O)CCC12C)C3CCC4O ,1,-7.3686017990112305,-0.8733410239219666
CC34CCC1C(CCC2CC(=O)CCC12C)C3CCC4O ,2,-7.368742942810059,-0.873328685760498
CC34CCC1C(CCC2CC(=O)CCC12C)C3CCC4O ,3,-7.367401123046875,-0.873175859451294
CC34CCC1C(CCC2CC(=O)CCC12C)C3CCC4O ,4,-7.368256092071533,-0.8732617497444153
CCCC(O)C=C,1,-7.345841407775879,-0.8661665320396423
CCCC(O)C=C,2,-7.347191333770752,-0.8663899898529053
CCCC(O)C=C,3,-7.345977783203125,-0.8661848306655884
CCCC(O)C=C,4,-7.345394611358643,-0.8661253452301025
OC(C1=CC2C5C(C1C2=C(c3ccccc3)c4ccccn4)C(=O)NC5=O)(c6ccccc6)c7ccccn7 ,1,-7.782921314239502,-0.9466180205345154
OC(C1=CC2C5C(C1C2=C(c3ccccc3)c4ccccn4)C(=O)NC5=O)(c6ccccc6)c7ccccn7 ,2,-7.779783725738525,-0.9462047815322876
OC(C1=CC2C5C(C1C2=C(c3ccccc3)c4ccccn4)C(=O)NC5=O)(c6ccccc6)c7ccccn7 ,3,-7.785984992980957,-0.9470341801643372
OC(C1=CC2C5C(C1C2=C(c3ccccc3)c4ccccn4)C(=O)NC5=O)(c6ccccc6)c7ccccn7 ,4,-7.780832767486572,-0.9463500380516052
CCCCOCCCC,1,-7.372880458831787,-0.8651329278945923
CCCCOCCCC,2,-7.371213436126709,-0.8650091886520386
CCCCOCCCC,3,-7.371868133544922,-0.8650363683700562
CCCCOCCCC,4,-7.371604919433594,-0.8650237917900085
CCCCCCCCCCCCO,1,-7.358579158782959,-0.8631009459495544
CCCCCCCCCCCCO,2,-7.358186721801758,-0.8630722165107727
CCCCCCCCCCCCO,3,-7.357510566711426,-0.8629884123802185
CCCCCCCCCCCCO,4,-7.358632564544678,-0.863126277923584
CCN2c1nc(N(C)(CCO))ccc1NC(=O)c3cccnc23 ,1,-8.191680908203125,-0.9901018738746643
CCN2c1nc(N(C)(CCO))ccc1NC(=O)c3cccnc23 ,2,-8.192337989807129,-0.9901488423347473
CCN2c1nc(N(C)(CCO))ccc1NC(=O)c3cccnc23 ,3,-8.195290565490723,-0.9905979037284851
CCN2c1nc(N(C)(CCO))ccc1NC(=O)c3cccnc23 ,4,-8.191997528076172,-0.9901298880577087
CCCC(C)(C)O,1,-7.319332122802734,-0.8568996787071228
CCCC(C)(C)O,2,-7.3181586265563965,-0.8567531704902649
CCCC(C)(C)O,3,-7.3178324699401855,-0.8567550778388977
CCCC(C)(C)O,4,-7.317221164703369,-0.8566992282867432
Nc1nc(=O)[nH]cc1F,1,-9.01307201385498,-1.097718596458435
Nc1nc(=O)[nH]cc1F,2,-9.01343822479248,-1.097769021987915
Nc1nc(=O)[nH]cc1F,3,-9.012767791748047,-1.097671389579773
Nc1nc(=O)[nH]cc1F,4,-9.01317024230957,-1.097720742225647
CCCCOc1ccc(C(=O)OCC)c(c1)N(CC)CC ,1,-7.555121421813965,-0.898697555065155
CCCCOc1ccc(C(=O)OCC)c(c1)N(CC)CC ,2,-7.554999828338623,-0.8986417055130005
CCCCOc1ccc(C(=O)OCC)c(c1)N(CC)CC ,3,-7.555673122406006,-0.898739755153656
CCCCOc1ccc(C(=O)OCC)c(c1)N(CC)CC ,4,-7.5550007820129395,-0.8986716866493225
CCCCCC(C)(C)O,1,-7.332083225250244,-0.8587729930877686
CCCCCC(C)(C)O,2,-7.332880973815918,-0.8588810563087463
CCCCCC(C)(C)O,3,-7.331781387329102,-0.8586843013763428
CCCCCC(C)(C)O,4,-7.332290172576904,-0.8587695956230164
Cc1c(C)c(C)c(C)c(C)c1C,1,-7.31723165512085,-0.8597267866134644
Cc1c(C)c(C)c(C)c(C)c1C,2,-7.317341327667236,-0.8597472310066223
Cc1c(C)c(C)c(C)c(C)c1C,3,-7.317568778991699,-0.859771728515625
Cc1c(C)c(C)c(C)c(C)c1C,4,-7.3172454833984375,-0.8597316145896912
CC(C)c1ccc(C)cc1O,1,-7.356879234313965,-0.8731446862220764
CC(C)c1ccc(C)cc1O,2,-7.3569488525390625,-0.8731655478477478
CC(C)c1ccc(C)cc1O,3,-7.356935501098633,-0.8731635212898254
CC(C)c1ccc(C)cc1O,4,-7.356186389923096,-0.8730592131614685
c2cnc1ncncc1n2,1,-9.26176929473877,-1.1394027471542358
c2cnc1ncncc1n2,2,-9.262870788574219,-1.1395411491394043
c2cnc1ncncc1n2,3,-9.263642311096191,-1.1396721601486206
c2cnc1ncncc1n2,4,-9.263091087341309,-1.1395913362503052
C,1,-7.51767110824585,-0.8582051396369934
C,2,-7.517590522766113,-0.8581951260566711
C,3,-7.518094539642334,-0.8582364320755005
C,4,-7.517953872680664,-0.8582408428192139
c2ccc1NCCc1c2 ,1,-7.812934398651123,-0.9371718168258667
c2ccc1NCCc1c2 ,2,-7.814342021942139,-0.9373839497566223
c2ccc1NCCc1c2 ,3,-7.81343936920166,-0.9372364282608032
c2ccc1NCCc1c2 ,4,-7.813737392425537,-0.9372641444206238
O=N(=O)c1cccc2ccccc12,1,-7.753615856170654,-0.9470741748809814
O=N(=O)c1cccc2ccccc12,2,-7.754810333251953,-0.9472461938858032
O=N(=O)c1cccc2ccccc12,3,-7.755194187164307,-0.9473034143447876
O=N(=O)c1cccc2ccccc12,4,-7.754308223724365,-0.9471766948699951
CCC(C)C(=O)C,1,-7.366505146026611,-0.8666782975196838
CCC(C)C(=O)C,2,-7.366633415222168,-0.8666873574256897
CCC(C)C(=O)C,3,-7.365784645080566,-0.866618812084198
CCC(C)C(=O)C,4,-7.364160537719727,-0.866426408290863
Nc1nc(O)nc2nc[nH]c12 ,1,-9.025702476501465,-1.1084524393081665
Nc1nc(O)nc2nc[nH]c12 ,2,-9.025941848754883,-1.108480453491211
Nc1nc(O)nc2nc[nH]c12 ,3,-9.025140762329102,-1.1083579063415527
Nc1nc(O)nc2nc[nH]c12 ,4,-9.025885581970215,-1.1084686517715454
CN(=O)=O,1,-8.016603469848633,-0.9680497050285339
CN(=O)=O,2,-8.016410827636719,-0.9680425524711609
CN(=O)=O,3,-8.016650199890137,-0.9680730700492859
CN(=O)=O,4,-8.017661094665527,-0.9682158827781677
C=CCCC=C,1,-7.41008186340332,-0.8732367753982544
C=CCCC=C,2,-7.410120964050293,-0.873245358467102
C=CCCC=C,3,-7.408083915710449,-0.8730804920196533
C=CCCC=C,4,-7.406777858734131,-0.872884213924408
c2ccc1[nH]ccc1c2,1,-7.892746448516846,-0.954102635383606
c2ccc1[nH]ccc1c2,2,-7.892494201660156,-0.9540686011314392
c2ccc1[nH]ccc1c2,3,-7.894649028778076,-0.954379677772522
c2ccc1[nH]ccc1c2,4,-7.895197868347168,-0.9544497132301331
CC34CCC1C(CCC2=CC(=O)CCC12C)C3CCC4=O,1,-7.393027305603027,-0.8794373273849487
CC34CCC1C(CCC2=CC(=O)CCC12C)C3CCC4=O,2,-7.392394542694092,-0.8793554902076721
CC34CCC1C(CCC2=CC(=O)CCC12C)C3CCC4=O,3,-7.392366886138916,-0.8793502449989319
CC34CCC1C(CCC2=CC(=O)CCC12C)C3CCC4=O,4,-7.391674995422363,-0.879318118095398
CCCCC=C,1,-7.4038615226745605,-0.8667924404144287
CCCCC=C,2,-7.403913497924805,-0.8667332530021667
CCCCC=C,3,-7.404038906097412,-0.8667464852333069
CCCCC=C,4,-7.4033308029174805,-0.8667387366294861
CCC1CCCCC1,1,-7.391554832458496,-0.86568683385849
CCC1CCCCC1,2,-7.390489101409912,-0.8656126856803894
CCC1CCCCC1,3,-7.389650821685791,-0.8655365109443665
CCC1CCCCC1,4,-7.390844345092773,-0.865628182888031
CCCCCCCC(=O)C,1,-7.380774974822998,-0.8679066896438599
CCCCCCCC(=O)C,2,-7.381306171417236,-0.8680347204208374
CCCCCCCC(=O)C,3,-7.381485939025879,-0.8679721355438232
CCCCCCCC(=O)C,4,-7.379369258880615,-0.867722749710083
COC(=O)Nc2nc1ccc(cc1[nH]2)C(=O)c3ccccc3,1,-8.023469924926758,-0.9783946871757507
COC(=O)Nc2nc1ccc(cc1[nH]2)C(=O)c3ccccc3,2,-8.02380084991455,-0.9784416556358337
COC(=O)Nc2nc1ccc(cc1[nH]2)C(=O)c3ccccc3,3,-8.023433685302734,-0.9783814549446106
COC(=O)Nc2nc1ccc(cc1[nH]2)C(=O)c3ccccc3,4,-8.023490905761719,-0.9783936142921448
CNC(=O)Oc1cccc2ccccc12,1,-7.733377933502197,-0.9363005757331848
CNC(=O)Oc1cccc2ccccc12,2,-7.733880996704102,-0.9363678097724915
CNC(=O)Oc1cccc2ccccc12,3,-7.7341508865356445,-0.9364163875579834
CNC(=O)Oc1cccc2ccccc12,4,-7.733531475067139,-0.9363351464271545
C#C,1,-7.463202476501465,-0.8928055167198181
C#C,2,-7.463997840881348,-0.8928882479667664
C#C,3,-7.4640703201293945,-0.8929057121276855
C#C,4,-7.464163303375244,-0.892902672290802
Cc1cncc(C)c1,1,-7.8164472579956055,-0.9325621724128723
Cc1cncc(C)c1,2,-7.816065311431885,-0.9325010180473328
Cc1cncc(C)c1,3,-7.816883563995361,-0.9326251745223999
Cc1cncc(C)c1,4,-7.816473960876465,-0.9325665831565857
C1C=CCC=C1,1,-7.388329029083252,-0.8772814869880676
C1C=CCC=C1,2,-7.387305736541748,-0.8771194219589233
C1C=CCC=C1,3,-7.387168884277344,-0.8770861625671387
C1C=CCC=C1,4,-7.387871742248535,-0.8772031664848328
CC(O)c1ccccc1,1,-7.382888317108154,-0.882353663444519
CC(O)c1ccccc1,2,-7.381724834442139,-0.8822417855262756
CC(O)c1ccccc1,3,-7.381543159484863,-0.8823035955429077
CC(O)c1ccccc1,4,-7.380953311920166,-0.8822245001792908
CCCC=C(CC)C=O,1,-7.3755669593811035,-0.8707997798919678
CCCC=C(CC)C=O,2,-7.374838829040527,-0.8707111477851868
CCCC=C(CC)C=O,3,-7.3751702308654785,-0.8707017302513123
CCCC=C(CC)C=O,4,-7.375396251678467,-0.8707128167152405
CC(=O)OC3(C)CCC4C2CCC1=CC(=O)CCC1(C)C2CCC34C ,1,-7.389214038848877,-0.8781284093856812
CC(=O)OC3(C)CCC4C2CCC1=CC(=O)CCC1(C)C2CCC34C ,2,-7.388594627380371,-0.8780624270439148
CC(=O)OC3(C)CCC4C2CCC1=CC(=O)CCC1(C)C2CCC34C ,3,-7.3890252113342285,-0.8781402111053467
CC(=O)OC3(C)CCC4C2CCC1=CC(=O)CCC1(C)C2CCC34C ,4,-7.3881683349609375,-0.8780138492584229
c1(C(=O)OCCCCCC(C)(C))c(C(=O)OCCCCCC(C)(C))cccc1,1,-7.387721538543701,-0.8766489028930664
c1(C(=O)OCCCCCC(C)(C))c(C(=O)OCCCCCC(C)(C))cccc1,2,-7.387786865234375,-0.8766946196556091
c1(C(=O)OCCCCCC(C)(C))c(C(=O)OCCCCCC(C)(C))cccc1,3,-7.38775634765625,-0.8767005801200867
c1(C(=O)OCCCCCC(C)(C))c(C(=O)OCCCCCC(C)(C))cccc1,4,-7.387717247009277,-0.8766877055168152
CC12CC(O)C3C(CCC4=CC(=O)CCC34C)C2CCC1C(=O)CO,1,-7.382958889007568,-0.8805629014968872
CC12CC(O)C3C(CCC4=CC(=O)CCC34C)C2CCC1C(=O)CO,2,-7.38375997543335,-0.8805760145187378
CC12CC(O)C3C(CCC4=CC(=O)CCC34C)C2CCC1C(=O)CO,3,-7.382952690124512,-0.88055819272995
CC12CC(O)C3C(CCC4=CC(=O)CCC34C)C2CCC1C(=O)CO,4,-7.381302833557129,-0.8804004192352295
Cc1cc(C)cc(C)c1,1,-7.336344242095947,-0.8670096397399902
Cc1cc(C)cc(C)c1,2,-7.335336208343506,-0.8668632507324219
Cc1cc(C)cc(C)c1,3,-7.335753917694092,-0.8669326305389404
Cc1cc(C)cc(C)c1,4,-7.335679054260254,-0.8669131994247437
CCCCCCCCOC(=O)c1ccccc1C(=O)OCCCCCCCC ,1,-7.391316890716553,-0.8773539066314697
CCCCCCCCOC(=O)c1ccccc1C(=O)OCCCCCCCC ,2,-7.392240047454834,-0.877469539642334
CCCCCCCCOC(=O)c1ccccc1C(=O)OCCCCCCCC ,3,-7.391726016998291,-0.8774024248123169
CCCCCCCCOC(=O)c1ccccc1C(=O)OCCCCCCCC ,4,-7.392858982086182,-0.877499520778656
CCCCCCCCCCCCCCCO,1,-7.366065979003906,-0.8639214038848877
CCCCCCCCCCCCCCCO,2,-7.36579704284668,-0.8638656139373779
CCCCCCCCCCCCCCCO,3,-7.366232872009277,-0.8639481663703918
CCCCCCCCCCCCCCCO,4,-7.364948272705078,-0.8637651205062866
O=C1NC(=O)NC(=O)C1(C)C,1,-8.093608856201172,-0.9822617173194885
O=C1NC(=O)NC(=O)C1(C)C,2,-8.092920303344727,-0.9821869730949402
O=C1NC(=O)NC(=O)C1(C)C,3,-8.093733787536621,-0.9822774529457092
O=C1NC(=O)NC(=O)C1(C)C,4,-8.092954635620117,-0.982188880443573
O=N(=O)c1ccccc1N(=O)=O,1,-8.088812828063965,-0.9986446499824524
O=N(=O)c1ccccc1N(=O)=O,2,-8.090388298034668,-0.9988732933998108
O=N(=O)c1ccccc1N(=O)=O,3,-8.090256690979004,-0.9988563656806946
O=N(=O)c1ccccc1N(=O)=O,4,-8.090384483337402,-0.9988701939582825
CC(C)C(=O)C,1,-7.36433744430542,-0.8671256899833679
CC(C)C(=O)C,2,-7.3647613525390625,-0.867171585559845
CC(C)C(=O)C,3,-7.364245414733887,-0.8671082854270935
CC(C)C(=O)C,4,-7.365167140960693,-0.8672255873680115
CCCCCCCCCCCCCCCC,1,-7.409453392028809,-0.8663567304611206
CCCCCCCCCCCCCCCC,2,-7.4089860916137695,-0.8663175106048584
CCCCCCCCCCCCCCCC,3,-7.409145355224609,-0.8663341999053955
CCCCCCCCCCCCCCCC,4,-7.409247875213623,-0.8663370609283447
CC12CCC(CC1)C(C)(C)O2,1,-7.373326301574707,-0.8691637516021729
CC12CCC(CC1)C(C)(C)O2,2,-7.373534679412842,-0.869192898273468
CC12CCC(CC1)C(C)(C)O2,3,-7.373887538909912,-0.8692414164543152
CC12CCC(CC1)C(C)(C)O2,4,-7.373744010925293,-0.8692238926887512
CCCCCCC(=O)C,1,-7.380621433258057,-0.8682334423065186
CCCCCCC(=O)C,2,-7.378204345703125,-0.8680042028427124
CCCCCCC(=O)C,3,-7.378134727478027,-0.8679617047309875
CCCCCCC(=O)C,4,-7.3795342445373535,-0.8681410551071167
CCCCCCCCC(=O)OC,1,-7.371354103088379,-0.8699368834495544
CCCCCCCCC(=O)OC,2,-7.369724273681641,-0.8697957992553711
CCCCCCCCC(=O)OC,3,-7.37055778503418,-0.8698514699935913
CCCCCCCCC(=O)OC,4,-7.36992883682251,-0.8698126077651978
Fc1ccc(F)cc1,1,-8.28431510925293,-0.9938210844993591
Fc1ccc(F)cc1,2,-8.28479290008545,-0.9938837885856628
Fc1ccc(F)cc1,3,-8.284233093261719,-0.9938135743141174
Fc1ccc(F)cc1,4,-8.285781860351562,-0.9940313696861267
O=C1N(C2CCC(=O)NC2=O)C(=O)c3ccccc13,1,-7.991105079650879,-0.9784389138221741
O=C1N(C2CCC(=O)NC2=O)C(=O)c3ccccc13,2,-7.992109298706055,-0.9785757660865784
O=C1N(C2CCC(=O)NC2=O)C(=O)c3ccccc13,3,-7.991522789001465,-0.9784900546073914
O=C1N(C2CCC(=O)NC2=O)C(=O)c3ccccc13,4,-7.9906134605407715,-0.9783629775047302
CCCN(CCC)c1c(cc(cc1N(=O)=O)C(F)(F)F)N(=O)=O,1,-8.159260749816895,-0.9795555472373962
CCCN(CCC)c1c(cc(cc1N(=O)=O)C(F)(F)F)N(=O)=O,2,-8.15912914276123,-0.9795331358909607
CCCN(CCC)c1c(cc(cc1N(=O)=O)C(F)(F)F)N(=O)=O,3,-8.156453132629395,-0.9792004227638245
CCCN(CCC)c1c(cc(cc1N(=O)=O)C(F)(F)F)N(=O)=O,4,-8.159418106079102,-0.9795946478843689
CCO,1,-7.294726371765137,-0.8550043702125549
CCO,2,-7.295942306518555,-0.8552077412605286
CCO,3,-7.297070503234863,-0.8552956581115723
CCO,4,-7.295406341552734,-0.8550090789794922
O=C2NC(=O)C1(CCCC1)C(=O)N2,1,-8.009113311767578,-0.9717068076133728
O=C2NC(=O)C1(CCCC1)C(=O)N2,2,-8.009613037109375,-0.9717816710472107
O=C2NC(=O)C1(CCCC1)C(=O)N2,3,-8.009847640991211,-0.9718056321144104
O=C2NC(=O)C1(CCCC1)C(=O)N2,4,-8.009623527526855,-0.9717702269554138
c1c(NC(=O)OC(C)C(=O)NCC)cccc1,1,-7.841229438781738,-0.9445486664772034
c1c(NC(=O)OC(C)C(=O)NCC)cccc1,2,-7.841315269470215,-0.9445617198944092
c1c(NC(=O)OC(C)C(=O)NCC)cccc1,3,-7.841103553771973,-0.9445439577102661
c1c(NC(=O)OC(C)C(=O)NCC)cccc1,4,-7.840936660766602,-0.9444896578788757
CC(C)=CC3C(C(=O)OCc2cccc(Oc1ccccc1)c2)C3(C)C ,1,-7.423931121826172,-0.8893242478370667
CC(C)=CC3C(C(=O)OCc2cccc(Oc1ccccc1)c2)C3(C)C ,2,-7.424331188201904,-0.8893989324569702
CC(C)=CC3C(C(=O)OCc2cccc(Oc1ccccc1)c2)C3(C)C ,3,-7.423628807067871,-0.8893000483512878
CC(C)=CC3C(C(=O)OCc2cccc(Oc1ccccc1)c2)C3(C)C ,4,-7.423829555511475,-0.8893005847930908
CN(C)C(=O)NC1CCCCCCC1,1,-7.782710075378418,-0.9221748113632202
CN(C)C(=O)NC1CCCCCCC1,2,-7.783173561096191,-0.9221938252449036
CN(C)C(=O)NC1CCCCCCC1,3,-7.783416271209717,-0.9222545623779297
CN(C)C(=O)NC1CCCCCCC1,4,-7.7832112312316895,-0.9221963286399841
CCCCNC(=O)n1c(NC(=O)OC)nc2ccccc12,1,-8.06121826171875,-0.9735553860664368
CCCCNC(=O)n1c(NC(=O)OC)nc2ccccc12,2,-8.063267707824707,-0.9738556742668152
CCCCNC(=O)n1c(NC(=O)OC)nc2ccccc12,3,-8.063464164733887,-0.9738641381263733
CCCCNC(=O)n1c(NC(=O)OC)nc2ccccc12,4,-8.06247615814209,-0.973775327205658
CN(C)c2c(C)n(C)n(c1ccccc1)c2=O ,1,-7.9940619468688965,-0.9588229060173035
CN(C)c2c(C)n(C)n(c1ccccc1)c2=O ,2,-7.992856025695801,-0.958655834197998
CN(C)c2c(C)n(C)n(c1ccccc1)c2=O ,3,-7.99212121963501,-0.9585650563240051
CN(C)c2c(C)n(C)n(c1ccccc1)c2=O ,4,-7.9930620193481445,-0.9586947560310364
CCC(O)CC,1,-7.321567535400391,-0.8582760095596313
CCC(O)CC,2,-7.319164276123047,-0.8580964803695679
CCC(O)CC,3,-7.3195109367370605,-0.8581352829933167
CCC(O)CC,4,-7.318005084991455,-0.8578347563743591
Cc1ccc(cc1)N(=O)=O,1,-7.759335041046143,-0.9409062266349792
Cc1ccc(cc1)N(=O)=O,2,-7.758991241455078,-0.940864622592926
Cc1ccc(cc1)N(=O)=O,3,-7.760708332061768,-0.9410963654518127
Cc1ccc(cc1)N(=O)=O,4,-7.759827136993408,-0.940974235534668
CC(C)CCCO,1,-7.323522567749023,-0.8586109280586243
CC(C)CCCO,2,-7.321835041046143,-0.8584595322608948
CC(C)CCCO,3,-7.322563171386719,-0.8584282398223877
CC(C)CCCO,4,-7.321023464202881,-0.8583704233169556
CC34CCC1C(CCC2=CC(=O)CCC12O)C3CCC4(O)C#C,1,-7.395150661468506,-0.8832318782806396
CC34CCC1C(CCC2=CC(=O)CCC12O)C3CCC4(O)C#C,2,-7.395387649536133,-0.8831862211227417
CC34CCC1C(CCC2=CC(=O)CCC12O)C3CCC4(O)C#C,3,-7.394475936889648,-0.8831261992454529
CC34CCC1C(CCC2=CC(=O)CCC12O)C3CCC4(O)C#C,4,-7.393394947052002,-0.8829430341720581
CCC(C)(C)O,1,-7.306674003601074,-0.8552010655403137
CCC(C)(C)O,2,-7.306534767150879,-0.8552168011665344
CCC(C)(C)O,3,-7.3069233894348145,-0.8552667498588562
CCC(C)(C)O,4,-7.307240962982178,-0.8553028106689453
Cc1ccc(O)cc1,1,-7.398407459259033,-0.8868659734725952
Cc1ccc(O)cc1,2,-7.398109436035156,-0.8868113160133362
Cc1ccc(O)cc1,3,-7.398220539093018,-0.8868283629417419
Cc1ccc(O)cc1,4,-7.399996280670166,-0.887083888053894
CCOC=O,1,-7.424887180328369,-0.887690007686615
CCOC=O,2,-7.423922538757324,-0.8875901103019714
CCOC=O,3,-7.425765514373779,-0.8878551125526428
CCOC=O,4,-7.425421237945557,-0.8877719044685364
CN(C)c1ccccc1,1,-7.789453029632568,-0.9272909760475159
CN(C)c1ccccc1,2,-7.789041996002197,-0.9272336959838867
CN(C)c1ccccc1,3,-7.788100242614746,-0.9271002411842346
CN(C)c1ccccc1,4,-7.789243698120117,-0.9272594451904297
C1CCC2CCCCC2C1,1,-7.38671875,-0.8686239719390869
C1CCC2CCCCC2C1,2,-7.3871026039123535,-0.8686890602111816
C1CCC2CCCCC2C1,3,-7.387312889099121,-0.8687173128128052
C1CCC2CCCCC2C1,4,-7.387531280517578,-0.8687480688095093
c1ccc2c(c1)c3cccc4ccc5cccc2c5c43,1,-7.335463047027588,-0.8885183334350586
c1ccc2c(c1)c3cccc4ccc5cccc2c5c43,2,-7.334307670593262,-0.8883557319641113
c1ccc2c(c1)c3cccc4ccc5cccc2c5c43,3,-7.335019111633301,-0.8884554505348206
c1ccc2c(c1)c3cccc4ccc5cccc2c5c43,4,-7.334514617919922,-0.8883771300315857
CCC(=O)CC,1,-7.376795768737793,-0.8692161440849304
CCC(=O)CC,2,-7.374860763549805,-0.8689896464347839
CCC(=O)CC,3,-7.37590217590332,-0.8691425323486328
CCC(=O)CC,4,-7.374725341796875,-0.8689755201339722
C=CC#N,1,-8.320960998535156,-1.0070371627807617
C=CC#N,2,-8.321946144104004,-1.0071781873703003
C=CC#N,3,-8.323110580444336,-1.007314682006836
C=CC#N,4,-8.321995735168457,-1.0071680545806885
CC1CC2C3CC(F)C4=CC(=O)C=CC4(C)C3(F)C(O)CC2(C)C1(O)C(=O)CO,1,-7.578644752502441,-0.9065930247306824
CC1CC2C3CC(F)C4=CC(=O)C=CC4(C)C3(F)C(O)CC2(C)C1(O)C(=O)CO,2,-7.577096939086914,-0.9063995480537415
CC1CC2C3CC(F)C4=CC(=O)C=CC4(C)C3(F)C(O)CC2(C)C1(O)C(=O)CO,3,-7.57852840423584,-0.9065625667572021
CC1CC2C3CC(F)C4=CC(=O)C=CC4(C)C3(F)C(O)CC2(C)C1(O)C(=O)CO,4,-7.5780463218688965,-0.9064912796020508
CCCCC(=O)C,1,-7.37692403793335,-0.8687819242477417
CCCCC(=O)C,2,-7.377077579498291,-0.8687586784362793
CCCCC(=O)C,3,-7.377835273742676,-0.8688575625419617
CCCCC(=O)C,4,-7.37722635269165,-0.8688156008720398
CCNc1nc(NC(C)(C)C)nc(OC)n1,1,-8.184892654418945,-0.9783805012702942
CCNc1nc(NC(C)(C)C)nc(OC)n1,2,-8.185938835144043,-0.9785409569740295
CCNc1nc(NC(C)(C)C)nc(OC)n1,3,-8.185314178466797,-0.9784379601478577
CCNc1nc(NC(C)(C)C)nc(OC)n1,4,-8.184786796569824,-0.9783747792243958
CCCCC(C)CC,1,-7.402444839477539,-0.862760066986084
CCCCC(C)CC,2,-7.400196552276611,-0.8625432848930359
CCCCC(C)CC,3,-7.39940071105957,-0.8624293804168701
CCCCC(C)CC,4,-7.398290157318115,-0.8623802661895752
CNC(=O)Oc1ccccc1C(C)C,1,-7.646944046020508,-0.9148877263069153
CNC(=O)Oc1ccccc1C(C)C,2,-7.6471266746521,-0.9149169325828552
CNC(=O)Oc1ccccc1C(C)C,3,-7.646842956542969,-0.9148650765419006
CNC(=O)Oc1ccccc1C(C)C,4,-7.646162986755371,-0.9147937893867493
C1c2ccccc2c3ccc4ccccc4c13,1,-7.334261417388916,-0.8849077820777893
C1c2ccccc2c3ccc4ccccc4c13,2,-7.3343071937561035,-0.8849143981933594
C1c2ccccc2c3ccc4ccccc4c13,3,-7.334696292877197,-0.8849638104438782
C1c2ccccc2c3ccc4ccccc4c13,4,-7.335566520690918,-0.8850960731506348
COC(=O)C=C,1,-7.44322395324707,-0.8933305740356445
COC(=O)C=C,2,-7.442483425140381,-0.8932234048843384
COC(=O)C=C,3,-7.442515850067139,-0.8932298421859741
COC(=O)C=C,4,-7.441880226135254,-0.8931414484977722
N(=Nc1ccccc1)c2ccccc2,1,-7.975220203399658,-0.9669031500816345
N(=Nc1ccccc1)c2ccccc2,2,-7.975303649902344,-0.9669130444526672
N(=Nc1ccccc1)c2ccccc2,3,-7.976187705993652,-0.9670341610908508
N(=Nc1ccccc1)c2ccccc2,4,-7.974948406219482,-0.9668638110160828
CC(C)c1ccc(C)cc1,1,-7.342589855194092,-0.8670337796211243
CC(C)c1ccc(C)cc1,2,-7.343179702758789,-0.8671202063560486
CC(C)c1ccc(C)cc1,3,-7.343515396118164,-0.8671607375144958
CC(C)c1ccc(C)cc1,4,-7.342918395996094,-0.8670833706855774
OCC2OC(OC1(CO)OC(CO)C(O)C1O)C(O)C(O)C2O ,1,-7.365200519561768,-0.8874366879463196
OCC2OC(OC1(CO)OC(CO)C(O)C1O)C(O)C(O)C2O ,2,-7.366457939147949,-0.8876009583473206
OCC2OC(OC1(CO)OC(CO)C(O)C1O)C(O)C(O)C2O ,3,-7.365175724029541,-0.8874108791351318
OCC2OC(OC1(CO)OC(CO)C(O)C1O)C(O)C(O)C2O ,4,-7.363585472106934,-0.8873046040534973
OC1C(O)C(O)C(O)C(O)C1O,1,-7.325913429260254,-0.8821992874145508
OC1C(O)C(O)C(O)C(O)C1O,2,-7.324331283569336,-0.8820391297340393
OC1C(O)C(O)C(O)C(O)C1O,3,-7.323430061340332,-0.881839394569397
OC1C(O)C(O)C(O)C(O)C1O,4,-7.323918342590332,-0.8820584416389465
Cn2c(=O)n(C)c1ncn(CC(O)CO)c1c2=O,1,-8.221240997314453,-0.9967623353004456
Cn2c(=O)n(C)c1ncn(CC(O)CO)c1c2=O,2,-8.221399307250977,-0.9968807101249695
Cn2c(=O)n(C)c1ncn(CC(O)CO)c1c2=O,3,-8.220660209655762,-0.9967204928398132
Cn2c(=O)n(C)c1ncn(CC(O)CO)c1c2=O,4,-8.221359252929688,-0.9968429207801819
CCC(O)(CC)CC,1,-7.324782848358154,-0.8574919700622559
CCC(O)(CC)CC,2,-7.324357032775879,-0.8574129939079285
CCC(O)(CC)CC,3,-7.324397563934326,-0.8573939204216003
CCC(O)(CC)CC,4,-7.323858261108398,-0.857358992099762
C2c1ccccc1N(CCF)C(=O)c3ccccc23 ,1,-7.830111026763916,-0.943899393081665
C2c1ccccc1N(CCF)C(=O)c3ccccc23 ,2,-7.83091926574707,-0.9440243244171143
C2c1ccccc1N(CCF)C(=O)c3ccccc23 ,3,-7.8329901695251465,-0.9442645907402039
C2c1ccccc1N(CCF)C(=O)c3ccccc23 ,4,-7.8327460289001465,-0.9442340731620789
CC(C)C(=O)C(C)C,1,-7.3582000732421875,-0.8646105527877808
CC(C)C(=O)C(C)C,2,-7.358664035797119,-0.8646674156188965
CC(C)C(=O)C(C)C,3,-7.356822967529297,-0.8644481301307678
CC(C)C(=O)C(C)C,4,-7.355290412902832,-0.8642690181732178
O=C1NC(=O)NC(=O)C1(C(C)C)CC=C(C)C,1,-7.789318084716797,-0.9336714744567871
O=C1NC(=O)NC(=O)C1(C(C)C)CC=C(C)C,2,-7.786548614501953,-0.9332822561264038
O=C1NC(=O)NC(=O)C1(C(C)C)CC=C(C)C,3,-7.785872936248779,-0.9332178831100464
O=C1NC(=O)NC(=O)C1(C(C)C)CC=C(C)C,4,-7.7864885330200195,-0.9332853555679321
c1c(O)C2C(=O)C3cc(O)ccC3OC2cc1(OC),1,-7.4762420654296875,-0.9078687429428101
c1c(O)C2C(=O)C3cc(O)ccC3OC2cc1(OC),2,-7.476139068603516,-0.9078608751296997
c1c(O)C2C(=O)C3cc(O)ccC3OC2cc1(OC),3,-7.478997230529785,-0.9080763459205627
c1c(O)C2C(=O)C3cc(O)ccC3OC2cc1(OC),4,-7.475558757781982,-0.9077861905097961
Cn1cnc2n(C)c(=O)n(C)c(=O)c12,1,-8.49116039276123,-1.0305702686309814
Cn1cnc2n(C)c(=O)n(C)c(=O)c12,2,-8.491869926452637,-1.030673861503601
Cn1cnc2n(C)c(=O)n(C)c(=O)c12,3,-8.491911888122559,-1.0306856632232666
Cn1cnc2n(C)c(=O)n(C)c(=O)c12,4,-8.491661071777344,-1.0306342840194702
Cc1ccc(O)cc1C,1,-7.376456260681152,-0.8798332214355469
Cc1ccc(O)cc1C,2,-7.3751220703125,-0.8796506524085999
Cc1ccc(O)cc1C,3,-7.375444412231445,-0.8796933889389038
Cc1ccc(O)cc1C,4,-7.375794410705566,-0.8797494769096375
O(c1ccccc1)c2ccccc2,1,-7.46731424331665,-0.9026817083358765
O(c1ccccc1)c2ccccc2,2,-7.467439651489258,-0.9027031660079956
O(c1ccccc1)c2ccccc2,3,-7.468125343322754,-0.9027955532073975
O(c1ccccc1)c2ccccc2,4,-7.4690070152282715,-0.9029252529144287
NC(=O)c1cccnc1 ,1,-8.256678581237793,-1.0043901205062866
NC(=O)c1cccnc1 ,2,-8.257645606994629,-1.004526138305664
NC(=O)c1cccnc1 ,3,-8.256688117980957,-1.0043847560882568
NC(=O)c1cccnc1 ,4,-8.256410598754883,-1.0043541193008423
CNC(=O)Oc1cc(C)cc(C)c1,1,-7.67479133605957,-0.920012891292572
CNC(=O)Oc1cc(C)cc(C)c1,2,-7.6753106117248535,-0.9200800657272339
CNC(=O)Oc1cc(C)cc(C)c1,3,-7.674577236175537,-0.9199775457382202
CNC(=O)Oc1cc(C)cc(C)c1,4,-7.674688339233398,-0.9200063347816467
NC(=O)c1ccccc1,1,-7.861021518707275,-0.9512448310852051
NC(=O)c1ccccc1,2,-7.860190391540527,-0.9511247873306274
NC(=O)c1ccccc1,3,-7.861870288848877,-0.9513574242591858
NC(=O)c1ccccc1,4,-7.860479354858398,-0.9511561989784241
COC(=O)c1ccccc1OC2OC(COC3OCC(O)C(O)C3O)C(O)C(O)C2O,1,-7.422659397125244,-0.8980875611305237
COC(=O)c1ccccc1OC2OC(COC3OCC(O)C(O)C3O)C(O)C(O)C2O,2,-7.421877861022949,-0.898068904876709
COC(=O)c1ccccc1OC2OC(COC3OCC(O)C(O)C3O)C(O)C(O)C2O,3,-7.422298908233643,-0.8981525897979736
COC(=O)c1ccccc1OC2OC(COC3OCC(O)C(O)C3O)C(O)C(O)C2O,4,-7.42220401763916,-0.8980569839477539
CCCCC(O)CC,1,-7.336603164672852,-0.860174298286438
CCCCC(O)CC,2,-7.334904193878174,-0.8599758148193359
CCCCC(O)CC,3,-7.334487438201904,-0.8598632216453552
CCCCC(O)CC,4,-7.334357738494873,-0.8599961400032043
CCN2c1nc(C)cc(C)c1NC(=O)c3cccnc23 ,1,-8.165152549743652,-0.9861790537834167
CCN2c1nc(C)cc(C)c1NC(=O)c3cccnc23 ,2,-8.164714813232422,-0.9861156344413757
CCN2c1nc(C)cc(C)c1NC(=O)c3cccnc23 ,3,-8.160322189331055,-0.9855127930641174
CCN2c1nc(C)cc(C)c1NC(=O)c3cccnc23 ,4,-8.160601615905762,-0.9855347275733948
Cc1cccc2c1ccc3ccccc32,1,-7.344198226928711,-0.8824779391288757
Cc1cccc2c1ccc3ccccc32,2,-7.3436198234558105,-0.8823986053466797
Cc1cccc2c1ccc3ccccc32,3,-7.344539165496826,-0.882530152797699
Cc1cccc2c1ccc3ccccc32,4,-7.343757152557373,-0.8824159502983093
CCCCC(CC)CO,1,-7.336756706237793,-0.8600817322731018
CCCCC(CC)CO,2,-7.335087776184082,-0.8598389625549316
CCCCC(CC)CO,3,-7.333534240722656,-0.8597528338432312
CCCCC(CC)CO,4,-7.333793640136719,-0.8597824573516846
Cc1ccccc1,1,-7.359611511230469,-0.8758981823921204
Cc1ccccc1,2,-7.359671592712402,-0.8758979439735413
Cc1ccccc1,3,-7.358231067657471,-0.8757023215293884
Cc1ccccc1,4,-7.358367443084717,-0.8757283687591553
C1CCC=CCC1,1,-7.3989434242248535,-0.8713591694831848
C1CCC=CCC1,2,-7.398828506469727,-0.8713228702545166
C1CCC=CCC1,3,-7.3987579345703125,-0.8713347911834717
C1CCC=CCC1,4,-7.395824909210205,-0.8710393905639648
CCCCCCCCCCO,1,-7.352189540863037,-0.8624359965324402
CCCCCCCCCCO,2,-7.350696563720703,-0.8621982932090759
CCCCCCCCCCO,3,-7.3509907722473145,-0.8622562885284424
CCCCCCCCCCO,4,-7.350948333740234,-0.8622811436653137
CCC(C)(C)CC,1,-7.3759965896606445,-0.8577424883842468
CCC(C)(C)CC,2,-7.374515533447266,-0.8575618267059326
CCC(C)(C)CC,3,-7.374140739440918,-0.8574989438056946
CCC(C)(C)CC,4,-7.374299049377441,-0.8575365543365479
CCCC=O,1,-7.383439540863037,-0.8730663061141968
CCCC=O,2,-7.381918430328369,-0.8729572892189026
CCCC=O,3,-7.383368968963623,-0.8730156421661377
CCCC=O,4,-7.383960247039795,-0.8731178045272827
CC4CC3C2CCC1=CC(=O)C=CC1(C)C2(F)C(O)CC3(C)C4(O)C(=O)COC(C)=O ,1,-7.49560022354126,-0.8974713087081909
CC4CC3C2CCC1=CC(=O)C=CC1(C)C2(F)C(O)CC3(C)C4(O)C(=O)COC(C)=O ,2,-7.498927116394043,-0.8978341817855835
CC4CC3C2CCC1=CC(=O)C=CC1(C)C2(F)C(O)CC3(C)C4(O)C(=O)COC(C)=O ,3,-7.498908519744873,-0.897822380065918
CC4CC3C2CCC1=CC(=O)C=CC1(C)C2(F)C(O)CC3(C)C4(O)C(=O)COC(C)=O ,4,-7.493721008300781,-0.8972911834716797
CCCC,1,-7.4227213859558105,-0.8619993329048157
CCCC,2,-7.422839641571045,-0.862013578414917
CCCC,3,-7.4214558601379395,-0.8619234561920166
CCCC,4,-7.421809673309326,-0.8619886636734009
COc1ccccc1O,1,-7.435309886932373,-0.8959656357765198
COc1ccccc1O,2,-7.436538219451904,-0.8961396813392639
COc1ccccc1O,3,-7.436222553253174,-0.8960801959037781
COc1ccccc1O,4,-7.437366962432861,-0.896253764629364
CC1CC2C3CCC(O)(C(=O)C)C3(C)CC(O)C2(F)C4(C)C=CC(=O)C=C14,1,-7.4915924072265625,-0.8942705988883972
CC1CC2C3CCC(O)(C(=O)C)C3(C)CC(O)C2(F)C4(C)C=CC(=O)C=C14,2,-7.492290496826172,-0.8942797183990479
CC1CC2C3CCC(O)(C(=O)C)C3(C)CC(O)C2(F)C4(C)C=CC(=O)C=C14,3,-7.495502471923828,-0.8946735262870789
CC1CC2C3CCC(O)(C(=O)C)C3(C)CC(O)C2(F)C4(C)C=CC(=O)C=C14,4,-7.489238262176514,-0.8940161466598511
CCOC(=O)c1ccccc1C(=O)OCC,1,-7.450299263000488,-0.8967377543449402
CCOC(=O)c1ccccc1C(=O)OCC,2,-7.450739860534668,-0.8967931866645813
CCOC(=O)c1ccccc1C(=O)OCC,3,-7.45039701461792,-0.8967831134796143
CCOC(=O)c1ccccc1C(=O)OCC,4,-7.451208591461182,-0.8968678712844849
CC(C)CO,1,-7.302353858947754,-0.8558476567268372
CC(C)CO,2,-7.302761554718018,-0.8559212684631348
CC(C)CO,3,-7.301761627197266,-0.8558556437492371
CC(C)CO,4,-7.30101203918457,-0.8558073043823242
CC(C)Cc1ccccc1,1,-7.3580708503723145,-0.8699781894683838
CC(C)Cc1ccccc1,2,-7.358898639678955,-0.8700963258743286
CC(C)Cc1ccccc1,3,-7.357382774353027,-0.8699324727058411
CC(C)Cc1ccccc1,4,-7.357238292694092,-0.8699220418930054
CCCC(O)CCC,1,-7.334073066711426,-0.8600282073020935
CCCC(O)CCC,2,-7.334537029266357,-0.8599591255187988
CCCC(O)CCC,3,-7.334441184997559,-0.8599047660827637
CCCC(O)CCC,4,-7.333974361419678,-0.8598375916481018
CCCCCOC(=O)C,1,-7.381039619445801,-0.8734163641929626
CCCCCOC(=O)C,2,-7.381480693817139,-0.8734899163246155
CCCCCOC(=O)C,3,-7.380074977874756,-0.8733770251274109
CCCCCOC(=O)C,4,-7.380751609802246,-0.8734570741653442
CCCc1ccccc1,1,-7.361751079559326,-0.8719743490219116
CCCc1ccccc1,2,-7.361420154571533,-0.8719339966773987
CCCc1ccccc1,3,-7.36198616027832,-0.8720086216926575
CCCc1ccccc1,4,-7.361408710479736,-0.8719370365142822
CC=CC=O,1,-7.423539161682129,-0.8858307003974915
CC=CC=O,2,-7.424050331115723,-0.8858906626701355
CC=CC=O,3,-7.423326015472412,-0.8857985138893127
CC=CC=O,4,-7.420467376708984,-0.8855127692222595
CN(C)C(=O)N(C)C ,1,-8.034489631652832,-0.953361451625824
CN(C)C(=O)N(C)C ,2,-8.034391403198242,-0.9533489346504211
CN(C)C(=O)N(C)C ,3,-8.035196304321289,-0.9534458518028259
CN(C)C(=O)N(C)C ,4,-8.035171508789062,-0.9534454941749573
Cc1cc(C)c(C)cc1C,1,-7.327250003814697,-0.8638100624084473
Cc1cc(C)c(C)cc1C,2,-7.328327655792236,-0.8639610409736633
Cc1cc(C)c(C)cc1C,3,-7.328061580657959,-0.8639340400695801
Cc1cc(C)c(C)cc1C,4,-7.3274102210998535,-0.8638286590576172
CC(=O)OC3(CCC4C2CCC1=CC(=O)CCC1C2CCC34C)C#C,1,-7.414096355438232,-0.8852826356887817
CC(=O)OC3(CCC4C2CCC1=CC(=O)CCC1C2CCC34C)C#C,2,-7.411157131195068,-0.8849479556083679
CC(=O)OC3(CCC4C2CCC1=CC(=O)CCC1C2CCC34C)C#C,3,-7.41303825378418,-0.8851081132888794
CC(=O)OC3(CCC4C2CCC1=CC(=O)CCC1C2CCC34C)C#C,4,-7.411553382873535,-0.884963870048523
c1ccccc1NC(=O)c2c(O)cccc2,1,-7.742012023925781,-0.9411035776138306
c1ccccc1NC(=O)c2c(O)cccc2,2,-7.742727756500244,-0.9411836266517639
c1ccccc1NC(=O)c2c(O)cccc2,3,-7.743243217468262,-0.9412624835968018
c1ccccc1NC(=O)c2c(O)cccc2,4,-7.742023468017578,-0.9410949349403381
O=C(C=CC=Cc2ccc1OCOc1c2)N3CCCCC3,1,-7.6448259353637695,-0.9212222695350647
O=C(C=CC=Cc2ccc1OCOc1c2)N3CCCCC3,2,-7.6442790031433105,-0.9211404323577881
O=C(C=CC=Cc2ccc1OCOc1c2)N3CCCCC3,3,-7.644781112670898,-0.9212119579315186
O=C(C=CC=Cc2ccc1OCOc1c2)N3CCCCC3,4,-7.643252849578857,-0.9210682511329651
CC/C=C\C,1,-7.390321731567383,-0.8640483617782593
CC/C=C\C,2,-7.389867782592773,-0.8639757633209229
CC/C=C\C,3,-7.389833450317383,-0.8639860153198242
CC/C=C\C,4,-7.3899312019348145,-0.863997220993042
O=C2NC(=O)C1(CCCCCCC1)C(=O)N2,1,-7.853379726409912,-0.945132315158844
O=C2NC(=O)C1(CCCCCCC1)C(=O)N2,2,-7.853293418884277,-0.9449503421783447
O=C2NC(=O)C1(CCCCCCC1)C(=O)N2,3,-7.852573871612549,-0.9448841214179993
O=C2NC(=O)C1(CCCCCCC1)C(=O)N2,4,-7.851072788238525,-0.9446636438369751
c1(C(C)(C)C)cc(C(C)(C)C)cc(OC(=O)NC)c1,1,-7.524951934814453,-0.8925498127937317
c1(C(C)(C)C)cc(C(C)(C)C)cc(OC(=O)NC)c1,2,-7.524930953979492,-0.892549991607666
c1(C(C)(C)C)cc(C(C)(C)C)cc(OC(=O)NC)c1,3,-7.524692058563232,-0.8925192356109619
c1(C(C)(C)C)cc(C(C)(C)C)cc(OC(=O)NC)c1,4,-7.5245442390441895,-0.8924981355667114
Oc2cc(O)c1C(=O)CC(Oc1c2)c3ccc(O)c(O)c3,1,-7.493189334869385,-0.9155058264732361
Oc2cc(O)c1C(=O)CC(Oc1c2)c3ccc(O)c(O)c3,2,-7.492062091827393,-0.9156778454780579
Oc2cc(O)c1C(=O)CC(Oc1c2)c3ccc(O)c(O)c3,3,-7.492175102233887,-0.9156857132911682
Oc2cc(O)c1C(=O)CC(Oc1c2)c3ccc(O)c(O)c3,4,-7.4914374351501465,-0.9156661033630371
O=C(c1ccccc1)c2ccccc2,1,-7.445389747619629,-0.9008809328079224
O=C(c1ccccc1)c2ccccc2,2,-7.444493770599365,-0.9007536768913269
O=C(c1ccccc1)c2ccccc2,3,-7.444554328918457,-0.900777280330658
O=C(c1ccccc1)c2ccccc2,4,-7.444573402404785,-0.9007706046104431
CCCCCCCCCCCCCCCCCCCC,1,-7.410159587860107,-0.8668513894081116
CCCCCCCCCCCCCCCCCCCC,2,-7.409952640533447,-0.8668801784515381
CCCCCCCCCCCCCCCCCCCC,3,-7.408200263977051,-0.8667088150978088
CCCCCCCCCCCCCCCCCCCC,4,-7.410773754119873,-0.866923987865448
N(Nc1ccccc1)c2ccccc2 ,1,-7.959959983825684,-0.9606848359107971
N(Nc1ccccc1)c2ccccc2 ,2,-7.958994388580322,-0.9605439305305481
N(Nc1ccccc1)c2ccccc2 ,3,-7.959975719451904,-0.9606929421424866
N(Nc1ccccc1)c2ccccc2 ,4,-7.960227966308594,-0.9607264399528503
CCC(CC)CO,1,-7.322577953338623,-0.858287513256073
CCC(CC)CO,2,-7.3195719718933105,-0.8579944372177124
CCC(CC)CO,3,-7.320550918579102,-0.8581053614616394
CCC(CC)CO,4,-7.321107387542725,-0.858135461807251
Oc1ccncc1,1,-7.996241092681885,-0.9725553393363953
Oc1ccncc1,2,-7.996758460998535,-0.9725990891456604
Oc1ccncc1,3,-7.997195720672607,-0.9726802706718445
Oc1ccncc1,4,-7.997926235198975,-0.9727606177330017
CC1CCCC1,1,-7.376884937286377,-0.8636425137519836
CC1CCCC1,2,-7.376408100128174,-0.8637023568153381
CC1CCCC1,3,-7.376558780670166,-0.8637310266494751
CC1CCCC1,4,-7.375633239746094,-0.8635961413383484
CC(C)CC(C)O,1,-7.320213794708252,-0.8577316999435425
CC(C)CC(C)O,2,-7.319371700286865,-0.8576610684394836
CC(C)CC(C)O,3,-7.318331241607666,-0.8575829863548279
CC(C)CC(C)O,4,-7.316806316375732,-0.8574544787406921
O2c1ccc(N)cc1N(C)C(=O)c3cc(C)ccc23 ,1,-7.875183582305908,-0.953113317489624
O2c1ccc(N)cc1N(C)C(=O)c3cc(C)ccc23 ,2,-7.874946117401123,-0.9530735015869141
O2c1ccc(N)cc1N(C)C(=O)c3cc(C)ccc23 ,3,-7.8755035400390625,-0.9531523585319519
O2c1ccc(N)cc1N(C)C(=O)c3cc(C)ccc23 ,4,-7.8744120597839355,-0.9530066847801208
CC(C)(C)CO,1,-7.292160987854004,-0.8533537983894348
CC(C)(C)CO,2,-7.292533874511719,-0.8533921837806702
CC(C)(C)CO,3,-7.292393207550049,-0.8533886075019836
CC(C)(C)CO,4,-7.292202949523926,-0.8533575534820557
Cc1cc(no1)C(=O)NNCc2ccccc2,1,-8.035585403442383,-0.9733467698097229
Cc1cc(no1)C(=O)NNCc2ccccc2,2,-8.036627769470215,-0.9735381007194519
Cc1cc(no1)C(=O)NNCc2ccccc2,3,-8.037466049194336,-0.9736663699150085
Cc1cc(no1)C(=O)NNCc2ccccc2,4,-8.036764144897461,-0.9735414385795593
CC=C,1,-7.408257007598877,-0.866316020488739
CC=C,2,-7.408674240112305,-0.8663800358772278
CC=C,3,-7.408334255218506,-0.8663307428359985
CC=C,4,-7.410208702087402,-0.866572380065918
CCOC(=O)Nc2cccc(OC(=O)Nc1ccccc1)c2 ,1,-7.831801414489746,-0.9506202340126038
CCOC(=O)Nc2cccc(OC(=O)Nc1ccccc1)c2 ,2,-7.833157062530518,-0.9508101344108582
CCOC(=O)Nc2cccc(OC(=O)Nc1ccccc1)c2 ,3,-7.832638740539551,-0.9507288932800293
CCOC(=O)Nc2cccc(OC(=O)Nc1ccccc1)c2 ,4,-7.831993579864502,-0.950650691986084
O=C1c2ccccc2C(=O)c3ccccc13,1,-7.498539447784424,-0.9159482717514038
O=C1c2ccccc2C(=O)c3ccccc13,2,-7.5007548332214355,-0.9162590503692627
O=C1c2ccccc2C(=O)c3ccccc13,3,-7.500385284423828,-0.9162192940711975
O=C1c2ccccc2C(=O)c3ccccc13,4,-7.499502658843994,-0.916083037853241
CCCCCCC(C)O,1,-7.3412089347839355,-0.8608303070068359
CCCCCCC(C)O,2,-7.341068267822266,-0.8608202338218689
CCCCCCC(C)O,3,-7.339280605316162,-0.8605782389640808
CCCCCCC(C)O,4,-7.338913440704346,-0.8605746030807495
CCCCc1ccccc1,1,-7.366128921508789,-0.8712858557701111
CCCCc1ccccc1,2,-7.364684104919434,-0.8711391687393188
CCCCc1ccccc1,3,-7.366114616394043,-0.871272087097168
CCCCc1ccccc1,4,-7.363944053649902,-0.8710412383079529
O=C1NC(=O)C(=O)N1 ,1,-8.696144104003906,-1.0823578834533691
O=C1NC(=O)C(=O)N1 ,2,-8.696446418762207,-1.0823966264724731
O=C1NC(=O)C(=O)N1 ,3,-8.695605278015137,-1.0822831392288208
O=C1NC(=O)C(=O)N1 ,4,-8.696520805358887,-1.082409381866455
CC(C)COC(=O)C,1,-7.377841472625732,-0.8735951781272888
CC(C)COC(=O)C,2,-7.378481388092041,-0.8736881613731384
CC(C)COC(=O)C,3,-7.377610206604004,-0.8735663294792175
CC(C)COC(=O)C,4,-7.377866268157959,-0.8735994696617126
CC(C)C(C)(C)C,1,-7.363626003265381,-0.8558834195137024
CC(C)C(C)(C)C,2,-7.3640360832214355,-0.8559321761131287
CC(C)C(C)(C)C,3,-7.363171100616455,-0.8558316826820374
CC(C)C(C)(C)C,4,-7.363570690155029,-0.8558769822120667
N#Cc1ccccc1C#N,1,-8.311442375183105,-1.0193020105361938
N#Cc1ccccc1C#N,2,-8.310812950134277,-1.019212007522583
N#Cc1ccccc1C#N,3,-8.310882568359375,-1.0192230939865112
N#Cc1ccccc1C#N,4,-8.310811042785645,-1.0192049741744995
Cc1cccc(c1)N(=O)=O,1,-7.759585857391357,-0.9409415125846863
Cc1cccc(c1)N(=O)=O,2,-7.759479999542236,-0.940914511680603
Cc1cccc(c1)N(=O)=O,3,-7.759738445281982,-0.9409533143043518
Cc1cccc(c1)N(=O)=O,4,-7.761084079742432,-0.9411584138870239
CCC(C)C,1,-7.397477149963379,-0.8597182631492615
CCC(C)C,2,-7.397615909576416,-0.8597352504730225
CCC(C)C,3,-7.397527694702148,-0.8597248792648315
CCC(C)C,4,-7.397219657897949,-0.8597378730773926
